{"server1": {"avg_delay": 2.926912887560298, "avg_queue_size": 2.233820459290188, "server_freq": 0.955589496896802}, "server2": {"avg_delay": 1.820982150328113, "avg_queue_size": 0.22518159806295399, "server_freq": 0.41282265922424605}}