{"server1": {"avg_delay": 3.168607390518174, "avg_queue_size": 2.6408045977011496, "server_freq": 1.0428300911033863}, "server2": {"avg_delay": 1.926035281370941, "avg_queue_size": 0.2995391705069124, "server_freq": 0.4339292996537581}}