{"server1": {"avg_delay": 2.449271641222435, "avg_queue_size": 1.8014042126379137, "server_freq": 0.9968801857485212}, "server2": {"avg_delay": 2.206657439819293, "avg_queue_size": 0.38963963963963966, "server_freq": 0.44294676257431786}}