{"server1": {"avg_delay": 3.5575150050450186, "avg_queue_size": 2.7744807121661723, "server_freq": 1.0088577798976421}, "server2": {"avg_delay": 1.8996422626793137, "avg_queue_size": 0.2984054669703872, "server_freq": 0.43793826322613205}}