{"server1": {"avg_delay": 3.402111522895858, "avg_queue_size": 2.621031746031746, "server_freq": 1.0078428113555622}, "server2": {"avg_delay": 2.4364467405101893, "avg_queue_size": 0.32629107981220656, "server_freq": 0.4259335690847912}}