{"server1": {"avg_delay": 2.930585050095761, "avg_queue_size": 2.3875, "server_freq": 1.0394904174293869}, "server2": {"avg_delay": 2.0999899411001413, "avg_queue_size": 0.2648401826484018, "server_freq": 0.4377853873404533}}