{"server1": {"avg_delay": 2.419933956587155, "avg_queue_size": 1.7546201232032854, "server_freq": 0.9699165183828359}, "server2": {"avg_delay": 1.7089269613851839, "avg_queue_size": 0.26157407407407407, "server_freq": 0.4309629066216518}}