{"server1": {"avg_delay": 3.4385393547642074, "avg_queue_size": 2.816265060240964, "server_freq": 0.9935930860238303}, "server2": {"avg_delay": 2.1979653869142237, "avg_queue_size": 0.3233256351039261, "server_freq": 0.4328227427045458}}