{"server1": {"avg_delay": 2.7159953194201405, "avg_queue_size": 2.0175619834710745, "server_freq": 0.9657911162494016}, "server2": {"avg_delay": 1.7375427309897966, "avg_queue_size": 0.2703962703962704, "server_freq": 0.42790745109186734}}