{"server1": {"avg_delay": 2.6528845088419826, "avg_queue_size": 1.8482412060301507, "server_freq": 0.9948364278253582}, "server2": {"avg_delay": 1.5964249648915998, "avg_queue_size": 0.27455357142857145, "server_freq": 0.44792635142287485}}