{"server1": {"avg_delay": 3.17791204393641, "avg_queue_size": 2.5701581027667983, "server_freq": 1.0096229293940315}, "server2": {"avg_delay": 1.7479883219455414, "avg_queue_size": 0.27951807228915665, "server_freq": 0.41484506504804264}}