{"server1": {"avg_delay": 3.5441759599623093, "avg_queue_size": 2.789368104312939, "server_freq": 0.9943574813802951}, "server2": {"avg_delay": 2.1809360969384266, "avg_queue_size": 0.2976190476190476, "server_freq": 0.4197287861102753}}