{"server1": {"avg_delay": 2.851945378404899, "avg_queue_size": 2.1969072164948455, "server_freq": 0.967976554198264}, "server2": {"avg_delay": 1.771115305720481, "avg_queue_size": 0.2383177570093458, "server_freq": 0.42698965768869707}}