{"server1": {"avg_delay": 2.65498297829623, "avg_queue_size": 1.8804902962206334, "server_freq": 0.9765535855267786}, "server2": {"avg_delay": 2.5832251884881234, "avg_queue_size": 0.3530751708428246, "server_freq": 0.4343566561392113}}