{"server1": {"avg_delay": 2.7589605130937565, "avg_queue_size": 2.049847405900305, "server_freq": 0.9802388990465666}, "server2": {"avg_delay": 2.0770861130868297, "avg_queue_size": 0.3097949886104784, "server_freq": 0.4376601812256842}}