{"server1": {"avg_delay": 3.0493629976088688, "avg_queue_size": 2.4610136452241713, "server_freq": 1.0243484116206578}, "server2": {"avg_delay": 2.450998232856736, "avg_queue_size": 0.3851508120649652, "server_freq": 0.42972665072866617}}