{"server1": {"avg_delay": 2.812407541402045, "avg_queue_size": 2.1768172888015718, "server_freq": 1.0121507170512307}, "server2": {"avg_delay": 1.974755212900426, "avg_queue_size": 0.30248306997742663, "server_freq": 0.44262859590690545}}