{"server1": {"avg_delay": 2.655489685755415, "avg_queue_size": 2.0070993914807302, "server_freq": 0.9836005741457671}, "server2": {"avg_delay": 2.303530933815113, "avg_queue_size": 0.3287671232876712, "server_freq": 0.4378222067843963}}