{"server1": {"avg_delay": 2.747460725758864, "avg_queue_size": 1.931937172774869, "server_freq": 0.953621860904394}, "server2": {"avg_delay": 2.3644017576483267, "avg_queue_size": 0.3922018348623853, "server_freq": 0.4358271817131193}}