{"server1": {"avg_delay": 2.8791507621376424, "avg_queue_size": 2.0267489711934155, "server_freq": 0.9647997151227725}, "server2": {"avg_delay": 2.195875082355654, "avg_queue_size": 0.3333333333333333, "server_freq": 0.41691345202714625}}