{"server1": {"avg_delay": 3.6193051819540436, "avg_queue_size": 2.6833824975417895, "server_freq": 1.0149991610030167}, "server2": {"avg_delay": 2.5041063619784167, "avg_queue_size": 0.3310502283105023, "server_freq": 0.43699963877666825}}