{"server1": {"avg_delay": 2.6269465837817605, "avg_queue_size": 1.9292123629112663, "server_freq": 0.9988058040933335}, "server2": {"avg_delay": 2.4134716965409018, "avg_queue_size": 0.37170263788968827, "server_freq": 0.41691893924616624}}