{"server1": {"avg_delay": 2.414079700322436, "avg_queue_size": 1.670124481327801, "server_freq": 0.9563131989673769}, "server2": {"avg_delay": 1.8163791755075807, "avg_queue_size": 0.29772727272727273, "server_freq": 0.4386849470707194}}