{"server1": {"avg_delay": 2.7180098378370685, "avg_queue_size": 2.2949907235621523, "server_freq": 1.076929501363323}, "server2": {"avg_delay": 1.6409810231084654, "avg_queue_size": 0.2662192393736018, "server_freq": 0.4469707401201536}}