{"server1": {"avg_delay": 2.714297041648508, "avg_queue_size": 2.0199600798403194, "server_freq": 0.9998481390134999}, "server2": {"avg_delay": 1.757208748676758, "avg_queue_size": 0.2634032634032634, "server_freq": 0.42793500349777797}}