{"server1": {"avg_delay": 3.0699063918512177, "avg_queue_size": 2.5945945945945947, "server_freq": 1.0285668590974724}, "server2": {"avg_delay": 2.1385915218765947, "avg_queue_size": 0.257847533632287, "server_freq": 0.4458122635155225}}