{"server1": {"avg_delay": 2.5883835140485982, "avg_queue_size": 1.8943089430894309, "server_freq": 0.9827545080740755}, "server2": {"avg_delay": 2.133614893051631, "avg_queue_size": 0.32387706855791965, "server_freq": 0.422894361053239}}