{"server1": {"avg_delay": 2.9416785048341856, "avg_queue_size": 2.340690978886756, "server_freq": 1.0415495835151043}, "server2": {"avg_delay": 2.3788082279609206, "avg_queue_size": 0.4066666666666667, "server_freq": 0.44880591458568314}}