{"server1": {"avg_delay": 2.8366552811014034, "avg_queue_size": 2.1938674579624133, "server_freq": 1.0108455181214715}, "server2": {"avg_delay": 2.4666643780696558, "avg_queue_size": 0.35071090047393366, "server_freq": 0.42193551794981304}}