{"server1": {"avg_delay": 3.8705026349145775, "avg_queue_size": 3.4906716417910446, "server_freq": 1.0697152133885544}, "server2": {"avg_delay": 2.1042110996295826, "avg_queue_size": 0.3148148148148148, "server_freq": 0.4288858191997101}}