{"server1": {"avg_delay": 2.5699504879235517, "avg_queue_size": 1.7845084409136047, "server_freq": 1.0049947264707886}, "server2": {"avg_delay": 1.8372706896665265, "avg_queue_size": 0.2648401826484018, "server_freq": 0.4369977069330693}}