{"server1": {"avg_delay": 2.5771093361625184, "avg_queue_size": 1.8274793388429753, "server_freq": 0.9668460091792234}, "server2": {"avg_delay": 1.7722763367229468, "avg_queue_size": 0.2398190045248869, "server_freq": 0.4409297725419209}}