{"server1": {"avg_delay": 3.005374962999269, "avg_queue_size": 2.186, "server_freq": 0.9969229433172273}, "server2": {"avg_delay": 1.641230384963787, "avg_queue_size": 0.27674418604651163, "server_freq": 0.4299667659241803}}