{"server1": {"avg_delay": 2.4621692609274506, "avg_queue_size": 1.6595289079229123, "server_freq": 0.9318592458021583}, "server2": {"avg_delay": 2.380937237286742, "avg_queue_size": 0.2935323383084577, "server_freq": 0.4009394394492119}}