{"server1": {"avg_delay": 3.5752773258426953, "avg_queue_size": 2.81453154875717, "server_freq": 1.0398985121481081}, "server2": {"avg_delay": 2.0915596969946484, "avg_queue_size": 0.33853006681514475, "server_freq": 0.4489561845716351}}