{"server1": {"avg_delay": 2.8051293085692746, "avg_queue_size": 2.1903827281648676, "server_freq": 1.0188727566902447}, "server2": {"avg_delay": 2.3653736951359305, "avg_queue_size": 0.3938730853391685, "server_freq": 0.45694293406029624}}