{"server1": {"avg_delay": 3.365476280547286, "avg_queue_size": 2.5450861195542047, "server_freq": 0.9866458116389654}, "server2": {"avg_delay": 2.1928955067068716, "avg_queue_size": 0.3708609271523179, "server_freq": 0.45283743938444915}}