{"server1": {"avg_delay": 2.607170530945232, "avg_queue_size": 2.0754716981132075, "server_freq": 1.0067906019563206}, "server2": {"avg_delay": 2.129954248151871, "avg_queue_size": 0.3372365339578454, "server_freq": 0.42391183240266134}}