{"server1": {"avg_delay": 3.2003735119177597, "avg_queue_size": 2.5998062015503876, "server_freq": 1.0209961046137894}, "server2": {"avg_delay": 2.083977234412527, "avg_queue_size": 0.3049645390070922, "server_freq": 0.42099839377316883}}