{"server1": {"avg_delay": 2.319714117760686, "avg_queue_size": 1.630879345603272, "server_freq": 0.97641323497508}, "server2": {"avg_delay": 2.1022820804650775, "avg_queue_size": 0.3439635535307517, "server_freq": 0.4387363461146982}}