{"server1": {"avg_delay": 3.245040863901051, "avg_queue_size": 2.6189111747851004, "server_freq": 1.0436874700508243}, "server2": {"avg_delay": 1.5720477175338503, "avg_queue_size": 0.22991071428571427, "server_freq": 0.4478658875313882}}