{"server1": {"avg_delay": 3.1828128045777944, "avg_queue_size": 2.3846153846153846, "server_freq": 0.9906258579515781}, "server2": {"avg_delay": 2.1760925165635903, "avg_queue_size": 0.40308370044052866, "server_freq": 0.45282897442186165}}