{"server1": {"avg_delay": 3.16877360153194, "avg_queue_size": 2.440524193548387, "server_freq": 0.9839373363001044}, "server2": {"avg_delay": 2.4335759114436657, "avg_queue_size": 0.3619047619047619, "server_freq": 0.419973253298825}}