{"server1": {"avg_delay": 2.657536630799851, "avg_queue_size": 2.039010466222645, "server_freq": 1.0499786234525943}, "server2": {"avg_delay": 2.0216196223126084, "avg_queue_size": 0.3380614657210402, "server_freq": 0.4209914290224211}}