{"server1": {"avg_delay": 2.8563788627410758, "avg_queue_size": 2.260170293282876, "server_freq": 1.0530059442929283}, "server2": {"avg_delay": 2.2898642947743273, "avg_queue_size": 0.32134831460674157, "server_freq": 0.44358125167557894}}