{"server1": {"avg_delay": 3.2558272485077757, "avg_queue_size": 2.5185909980430528, "server_freq": 1.017980474934559}, "server2": {"avg_delay": 1.7357496175353657, "avg_queue_size": 0.2907488986784141, "server_freq": 0.4539912923578485}}