{"server1": {"avg_delay": 3.582184069677299, "avg_queue_size": 3.001897533206831, "server_freq": 1.0536567381751705}, "server2": {"avg_delay": 1.5301275003095895, "avg_queue_size": 0.2350230414746544, "server_freq": 0.4328589825710141}}