{"server1": {"avg_delay": 3.1244604329217487, "avg_queue_size": 2.29492600422833, "server_freq": 0.945826107811046}, "server2": {"avg_delay": 2.514168761457997, "avg_queue_size": 0.4067415730337079, "server_freq": 0.4449182008202066}}