{"server1": {"avg_delay": 3.5620307638421087, "avg_queue_size": 2.8033932135728543, "server_freq": 1.0019449012934167}, "server2": {"avg_delay": 1.956950202052494, "avg_queue_size": 0.28087167070217917, "server_freq": 0.4119773446436005}}