{"server1": {"avg_delay": 2.682577993271537, "avg_queue_size": 1.9630390143737166, "server_freq": 0.9736582995750418}, "server2": {"avg_delay": 2.4597079710686343, "avg_queue_size": 0.3840909090909091, "server_freq": 0.4398456384117232}}