{"server1": {"avg_delay": 2.4577264997967174, "avg_queue_size": 1.8323529411764705, "server_freq": 1.01853425088215}, "server2": {"avg_delay": 2.1179618341168256, "avg_queue_size": 0.3363431151241535, "server_freq": 0.4427975202559298}}