{"server1": {"avg_delay": 3.507385272763024, "avg_queue_size": 2.817825661116552, "server_freq": 1.0196874526747095}, "server2": {"avg_delay": 2.357416115148895, "avg_queue_size": 0.35730337078651686, "server_freq": 0.4408648692446538}}