{"server1": {"avg_delay": 2.783496372369606, "avg_queue_size": 2.154471544715447, "server_freq": 0.983582183533763}, "server2": {"avg_delay": 1.9595379486335696, "avg_queue_size": 0.3218390804597701, "server_freq": 0.4348152945499867}}