{"server1": {"avg_delay": 3.328932186707235, "avg_queue_size": 2.8269419862340217, "server_freq": 1.0097179792051416}, "server2": {"avg_delay": 2.986434900558828, "avg_queue_size": 0.513953488372093, "server_freq": 0.4278804901978224}}