{"server1": {"avg_delay": 2.521839352137598, "avg_queue_size": 1.8264223722275796, "server_freq": 1.0362593406342568}, "server2": {"avg_delay": 1.7628279500805963, "avg_queue_size": 0.31494252873563217, "server_freq": 0.43468930875207495}}