{"server1": {"avg_delay": 3.126094296736161, "avg_queue_size": 2.5190133607399794, "server_freq": 0.9655775623786947}, "server2": {"avg_delay": 1.752262241858176, "avg_queue_size": 0.25526932084309134, "server_freq": 0.42581370763284054}}