{"server1": {"avg_delay": 2.19882123843928, "avg_queue_size": 1.5947089947089947, "server_freq": 0.942603996478375}, "server2": {"avg_delay": 2.1249106516941993, "avg_queue_size": 0.23923444976076555, "server_freq": 0.4168248849750608}}