{"server1": {"avg_delay": 2.237372210851437, "avg_queue_size": 1.6208291203235592, "server_freq": 0.9869638732859011}, "server2": {"avg_delay": 2.1098713625749963, "avg_queue_size": 0.3057471264367816, "server_freq": 0.4339841144945097}}