{"server1": {"avg_delay": 2.5986527699374724, "avg_queue_size": 1.9471007121057986, "server_freq": 0.9822530059880216}, "server2": {"avg_delay": 1.720530885391237, "avg_queue_size": 0.26744186046511625, "server_freq": 0.42967323761429227}}