{"server1": {"avg_delay": 2.734468522098965, "avg_queue_size": 2.2104228121927236, "server_freq": 1.0168558838543231}, "server2": {"avg_delay": 1.8070794934451013, "avg_queue_size": 0.26605504587155965, "server_freq": 0.43493835740081666}}