{"server1": {"avg_delay": 3.144374785279683, "avg_queue_size": 2.380801687763713, "server_freq": 0.9476308678609112}, "server2": {"avg_delay": 1.8187200767480576, "avg_queue_size": 0.2371638141809291, "server_freq": 0.4078411330034301}}