{"server1": {"avg_delay": 3.635487527625923, "avg_queue_size": 2.884158415841584, "server_freq": 1.0035612377856196}, "server2": {"avg_delay": 1.9818992309455339, "avg_queue_size": 0.24401913875598086, "server_freq": 0.4168177650962185}}