{"server1": {"avg_delay": 3.355750008461977, "avg_queue_size": 2.5361875637104996, "server_freq": 0.9789278156965762}, "server2": {"avg_delay": 1.6262841369154748, "avg_queue_size": 0.2607655502392344, "server_freq": 0.4179691797356168}}