{"server1": {"avg_delay": 3.0096115055795414, "avg_queue_size": 2.4213147410358564, "server_freq": 1.0032651333517164}, "server2": {"avg_delay": 1.9361190316151664, "avg_queue_size": 0.2837209302325581, "server_freq": 0.4296852662761335}}