{"server1": {"avg_delay": 3.4895411379740513, "avg_queue_size": 2.861671469740634, "server_freq": 1.0367304278386382}, "server2": {"avg_delay": 2.1251372352390177, "avg_queue_size": 0.37557603686635943, "server_freq": 0.4338871800211851}}