{"server1": {"avg_delay": 3.5720799435794106, "avg_queue_size": 2.795687885010267, "server_freq": 0.9727842106526229}, "server2": {"avg_delay": 2.2972034261467824, "avg_queue_size": 0.3215962441314554, "server_freq": 0.4259055228551052}}