{"server1": {"avg_delay": 2.9055347479549076, "avg_queue_size": 2.0932944606413995, "server_freq": 1.0223843192934885}, "server2": {"avg_delay": 1.9059330271812671, "avg_queue_size": 0.29836829836829837, "server_freq": 0.4287418113166242}}