{"server1": {"avg_delay": 2.9360779042616523, "avg_queue_size": 2.028066528066528, "server_freq": 0.9599674002602046}, "server2": {"avg_delay": 1.8971135964767682, "avg_queue_size": 0.25995316159250587, "server_freq": 0.4269854999074035}}