{"server1": {"avg_delay": 2.7670170439482233, "avg_queue_size": 2.0571142284569137, "server_freq": 0.9966241463412358}, "server2": {"avg_delay": 1.646093148323347, "avg_queue_size": 0.2817551963048499, "server_freq": 0.4328367656627433}}