{"server1": {"avg_delay": 2.29800746666666, "avg_queue_size": 1.7935420743639923, "server_freq": 1.0214296933328715}, "server2": {"avg_delay": 2.0564069168537658, "avg_queue_size": 0.3039443155452436, "server_freq": 0.43075948906699374}}