{"server1": {"avg_delay": 2.8026601993190856, "avg_queue_size": 2.038183694530444, "server_freq": 0.9669541764283701}, "server2": {"avg_delay": 2.209553456070667, "avg_queue_size": 0.3253012048192771, "server_freq": 0.41498033424795616}}