{"server1": {"avg_delay": 3.125466153899406, "avg_queue_size": 2.41897233201581, "server_freq": 1.007903796115769}, "server2": {"avg_delay": 2.1515573922837086, "avg_queue_size": 0.24087591240875914, "server_freq": 0.40996086945185056}}