{"server1": {"avg_delay": 4.694100628112245, "avg_queue_size": 4.007936507936508, "server_freq": 1.0065763681826683}, "server2": {"avg_delay": 1.8775470837916997, "avg_queue_size": 0.26365795724465557, "server_freq": 0.419823311456525}}