{"server1": {"avg_delay": 2.8789332613316256, "avg_queue_size": 2.2621761658031088, "server_freq": 0.9646132848437096}, "server2": {"avg_delay": 1.967937521119602, "avg_queue_size": 0.2903981264637002, "server_freq": 0.4268288835526052}}