{"server1": {"avg_delay": 2.9712566080313305, "avg_queue_size": 2.285425101214575, "server_freq": 0.9869456484840148}, "server2": {"avg_delay": 2.058386244660238, "avg_queue_size": 0.3090909090909091, "server_freq": 0.4399757703474838}}