{"server1": {"avg_delay": 2.679109408161687, "avg_queue_size": 1.9151832460732985, "server_freq": 0.9489272293470378}, "server2": {"avg_delay": 1.8433407710386063, "avg_queue_size": 0.24121779859484777, "server_freq": 0.42352120551909894}}