{"server1": {"avg_delay": 2.710390950718048, "avg_queue_size": 1.9209157127991676, "server_freq": 0.9571187931519367}, "server2": {"avg_delay": 2.2588458027113756, "avg_queue_size": 0.3591549295774648, "server_freq": 0.4256081481030533}}