{"server1": {"avg_delay": 3.046326223393674, "avg_queue_size": 2.555023923444976, "server_freq": 1.043889268341659}, "server2": {"avg_delay": 1.825533993182741, "avg_queue_size": 0.3108108108108108, "server_freq": 0.44295301329056985}}