{"server1": {"avg_delay": 2.1242045665448996, "avg_queue_size": 1.5788402848423195, "server_freq": 0.9809420556033979}, "server2": {"avg_delay": 1.9015602474666367, "avg_queue_size": 0.24604966139954854, "server_freq": 0.4429738334682011}}