{"server1": {"avg_delay": 2.623363949019897, "avg_queue_size": 1.9168377823408624, "server_freq": 0.9738610922357348}, "server2": {"avg_delay": 2.0978333907989746, "avg_queue_size": 0.32929782082324455, "server_freq": 0.41194124230094736}}