{"server1": {"avg_delay": 2.9816758059581305, "avg_queue_size": 2.402206619859579, "server_freq": 0.9966560233660661}, "server2": {"avg_delay": 2.138806593669439, "avg_queue_size": 0.2961165048543689, "server_freq": 0.4118578551923964}}