{"server1": {"avg_delay": 3.4527087472693214, "avg_queue_size": 2.8356854838709675, "server_freq": 0.9915540604357743}, "server2": {"avg_delay": 2.027376778270501, "avg_queue_size": 0.3416289592760181, "server_freq": 0.440801754689694}}