{"server1": {"avg_delay": 2.4591656613476895, "avg_queue_size": 1.771875, "server_freq": 0.9588634283831226}, "server2": {"avg_delay": 1.8893133575408798, "avg_queue_size": 0.29439252336448596, "server_freq": 0.42593933315037563}}