{"server1": {"avg_delay": 3.219809783906156, "avg_queue_size": 2.4761904761904763, "server_freq": 0.9858057567982595}, "server2": {"avg_delay": 2.094931461051824, "avg_queue_size": 0.30424528301886794, "server_freq": 0.42291666848444603}}