{"server1": {"avg_delay": 3.081986662924556, "avg_queue_size": 2.4212637913741224, "server_freq": 0.9897772316186783}, "server2": {"avg_delay": 2.4588600804924963, "avg_queue_size": 0.352112676056338, "server_freq": 0.42590414209046157}}