{"server1": {"avg_delay": 3.447594773900154, "avg_queue_size": 2.520366598778004, "server_freq": 0.9796907766124461}, "server2": {"avg_delay": 1.9726587494175118, "avg_queue_size": 0.3129251700680272, "server_freq": 0.43686211161187644}}