{"server1": {"avg_delay": 2.9519647873680626, "avg_queue_size": 2.2572283150548356, "server_freq": 1.0019699608253738}, "server2": {"avg_delay": 1.8509101875712015, "avg_queue_size": 0.3333333333333333, "server_freq": 0.43798686910330714}}