{"server1": {"avg_delay": 3.30712491081397, "avg_queue_size": 2.6705882352941175, "server_freq": 1.0135141296381591}, "server2": {"avg_delay": 2.2877899669213706, "avg_queue_size": 0.36446469248291574, "server_freq": 0.4377901270034652}}