{"server1": {"avg_delay": 3.0465679044958227, "avg_queue_size": 2.406930693069307, "server_freq": 1.0025738339176502}, "server2": {"avg_delay": 2.1598212324185933, "avg_queue_size": 0.3501144164759725, "server_freq": 0.4358147473460573}}