{"server1": {"avg_delay": 2.5652520424791287, "avg_queue_size": 1.779503105590062, "server_freq": 0.9659853297496872}, "server2": {"avg_delay": 1.9369365487250365, "avg_queue_size": 0.23820754716981132, "server_freq": 0.4229935760705152}}