{"server1": {"avg_delay": 2.6367259121439823, "avg_queue_size": 1.971904266389178, "server_freq": 0.9548139414558028}, "server2": {"avg_delay": 1.8882321425059638, "avg_queue_size": 0.3212669683257919, "server_freq": 0.44191388704027734}}