{"server1": {"avg_delay": 5.221945129468156, "avg_queue_size": 3.8786952089704383, "server_freq": 0.9745228762656966}, "server2": {"avg_delay": 2.231471935589517, "avg_queue_size": 0.3225806451612903, "server_freq": 0.4327881081262016}}