{"server1": {"avg_delay": 3.1027476631311823, "avg_queue_size": 2.2742914979757085, "server_freq": 0.9846139648622082}, "server2": {"avg_delay": 2.2592265121223756, "avg_queue_size": 0.40857787810383744, "server_freq": 0.4428263821664551}}