{"server1": {"avg_delay": 2.1814172082660743, "avg_queue_size": 1.648621041879469, "server_freq": 0.9776111959032681}, "server2": {"avg_delay": 1.9279652061183867, "avg_queue_size": 0.30385487528344673, "server_freq": 0.4388254754616919}}