{"server1": {"avg_delay": 3.674417115376698, "avg_queue_size": 3.22011385199241, "server_freq": 1.0528628100655533}, "server2": {"avg_delay": 1.921975560853236, "avg_queue_size": 0.3057471264367816, "server_freq": 0.4339434563802945}}