{"server1": {"avg_delay": 3.3470596351240185, "avg_queue_size": 2.8212237093690247, "server_freq": 1.0448039072497437}, "server2": {"avg_delay": 1.7708239329025968, "avg_queue_size": 0.23684210526315788, "server_freq": 0.41792156289989746}}