{"server1": {"avg_delay": 2.4722534701053283, "avg_queue_size": 1.7661122661122661, "server_freq": 0.9586943843204538}, "server2": {"avg_delay": 1.8076932632452043, "avg_queue_size": 0.24528301886792453, "server_freq": 0.42286519767210845}}