{"server1": {"avg_delay": 3.1308827758420295, "avg_queue_size": 2.279306829765545, "server_freq": 0.9756522290697422}, "server2": {"avg_delay": 2.1691636391317632, "avg_queue_size": 0.23556581986143188, "server_freq": 0.43284571228196556}}