{"server1": {"avg_delay": 4.279806703033144, "avg_queue_size": 3.3746192893401017, "server_freq": 0.9844837515663355}, "server2": {"avg_delay": 2.0410392680497718, "avg_queue_size": 0.3103448275862069, "server_freq": 0.4347720121130517}}