{"server1": {"avg_delay": 2.7172977660536226, "avg_queue_size": 2.0644511581067473, "server_freq": 0.9909040914409525}, "server2": {"avg_delay": 2.9914120908573065, "avg_queue_size": 0.3840749414519906, "server_freq": 0.42695867512137914}}