{"server1": {"avg_delay": 3.59266415599001, "avg_queue_size": 2.778125, "server_freq": 0.9546824607948371}, "server2": {"avg_delay": 1.9608648929753205, "avg_queue_size": 0.31221719457013575, "server_freq": 0.4418530342108042}}