{"server1": {"avg_delay": 4.067533266664388, "avg_queue_size": 3.388888888888889, "server_freq": 1.0069560536612787}, "server2": {"avg_delay": 2.298994589973804, "avg_queue_size": 0.3140877598152425, "server_freq": 0.43298110351075836}}