{"server1": {"avg_delay": 2.782240899209535, "avg_queue_size": 1.9661691542288557, "server_freq": 1.0024882616553774}, "server2": {"avg_delay": 2.0388448481357972, "avg_queue_size": 0.29439252336448596, "server_freq": 0.42778163109521583}}