{"server1": {"avg_delay": 2.2825480389551154, "avg_queue_size": 1.5400213447171824, "server_freq": 0.9361678790364334}, "server2": {"avg_delay": 1.769034958740507, "avg_queue_size": 0.29977628635346754, "server_freq": 0.4466030330088428}}