{"server1": {"avg_delay": 3.0047400566166242, "avg_queue_size": 2.1790123456790123, "server_freq": 0.9709355520695592}, "server2": {"avg_delay": 1.753874218524788, "avg_queue_size": 0.21770334928229665, "server_freq": 0.4169723225674626}}