{"server1": {"avg_delay": 2.6257993707589526, "avg_queue_size": 1.9625, "server_freq": 1.0379943681207018}, "server2": {"avg_delay": 2.1514550998202533, "avg_queue_size": 0.2857142857142857, "server_freq": 0.45299754215672244}}