{"server1": {"avg_delay": 3.1858917002660263, "avg_queue_size": 2.417, "server_freq": 0.9947684504504172}, "server2": {"avg_delay": 2.0188745546096016, "avg_queue_size": 0.27860696517412936, "server_freq": 0.40190644932770625}}