{"server1": {"avg_delay": 2.6821589789342077, "avg_queue_size": 2.035502958579882, "server_freq": 1.0132945878803363}, "server2": {"avg_delay": 2.0879336524658227, "avg_queue_size": 0.3586698337292161, "server_freq": 0.419707817465228}}