{"server1": {"avg_delay": 3.303973122738171, "avg_queue_size": 2.591097308488613, "server_freq": 0.963927017994507}, "server2": {"avg_delay": 1.9733688554634947, "avg_queue_size": 0.3719806763285024, "server_freq": 0.4139686571055248}}