{"server1": {"avg_delay": 2.6046287725894723, "avg_queue_size": 2.0120603015075376, "server_freq": 0.9898417737938068}, "server2": {"avg_delay": 1.9909209696979577, "avg_queue_size": 0.2535211267605634, "server_freq": 0.42593191478400166}}