{"server1": {"avg_delay": 4.146077010556837, "avg_queue_size": 3.385311871227364, "server_freq": 0.9897417530013597}, "server2": {"avg_delay": 1.9912966130350116, "avg_queue_size": 0.29925187032418954, "server_freq": 0.39989565777832714}}