{"server1": {"avg_delay": 3.5325387196906575, "avg_queue_size": 3.096539162112933, "server_freq": 1.0948529003267218}, "server2": {"avg_delay": 2.4914545975836413, "avg_queue_size": 0.36980306345733044, "server_freq": 0.4569386077162665}}