{"server1": {"avg_delay": 2.928486628350417, "avg_queue_size": 2.1636363636363636, "server_freq": 0.9884499354022657}, "server2": {"avg_delay": 1.882604340060614, "avg_queue_size": 0.2557077625570776, "server_freq": 0.4367569482010011}}