{"server1": {"avg_delay": 3.0823834221938595, "avg_queue_size": 2.4263261296660117, "server_freq": 1.0129418297750243}, "server2": {"avg_delay": 1.9711585280110329, "avg_queue_size": 0.30663615560640733, "server_freq": 0.43597496325953666}}