{"server1": {"avg_delay": 2.3795299558876875, "avg_queue_size": 1.8398009950248757, "server_freq": 1.0017003666474784}, "server2": {"avg_delay": 2.6113399554963226, "avg_queue_size": 0.3221957040572792, "server_freq": 0.418457082378159}}