{"server1": {"avg_delay": 3.1189997788363866, "avg_queue_size": 2.3550051599587203, "server_freq": 0.9618817785676308}, "server2": {"avg_delay": 2.193216831739352, "avg_queue_size": 0.3704545454545455, "server_freq": 0.43894605071849263}}