{"server1": {"avg_delay": 2.4162372098051406, "avg_queue_size": 1.9298245614035088, "server_freq": 1.0226129394608745}, "server2": {"avg_delay": 2.4018324724403906, "avg_queue_size": 0.3341404358353511, "server_freq": 0.41284373802281643}}