{"server1": {"avg_delay": 2.7738432822622023, "avg_queue_size": 2.0175953079178885, "server_freq": 1.0177341096753088}, "server2": {"avg_delay": 2.239449811249512, "avg_queue_size": 0.2949640287769784, "server_freq": 0.4168910842186677}}