{"server1": {"avg_delay": 3.132066565520204, "avg_queue_size": 2.296181630546956, "server_freq": 0.9638783732717306}, "server2": {"avg_delay": 2.0407013592386596, "avg_queue_size": 0.3115942028985507, "server_freq": 0.4139477661146229}}