{"server1": {"avg_delay": 5.437827961159653, "avg_queue_size": 5.165391969407266, "server_freq": 1.036905513879242}, "server2": {"avg_delay": 2.722682964051826, "avg_queue_size": 0.45542168674698796, "server_freq": 0.40896273401794603}}