{"server1": {"avg_delay": 2.1982228259700016, "avg_queue_size": 1.5479041916167664, "server_freq": 1.0015671195212705}, "server2": {"avg_delay": 2.028502193179757, "avg_queue_size": 0.2694063926940639, "server_freq": 0.43781077679672303}}