{"server1": {"avg_delay": 3.2262631860614213, "avg_queue_size": 2.3121801432958033, "server_freq": 0.9739351088593404}, "server2": {"avg_delay": 2.4814401468957836, "avg_queue_size": 0.43458980044345896, "server_freq": 0.4509699528701874}}