{"server1": {"avg_delay": 2.7964650491825527, "avg_queue_size": 2.223762376237624, "server_freq": 1.0059420299905657}, "server2": {"avg_delay": 2.2249490559139082, "avg_queue_size": 0.31880733944954126, "server_freq": 0.43597487582096084}}