{"server1": {"avg_delay": 3.131660720052671, "avg_queue_size": 2.38663967611336, "server_freq": 0.9872516055074745}, "server2": {"avg_delay": 2.1124192128270556, "avg_queue_size": 0.22926829268292684, "server_freq": 0.4086901889195922}}