{"server1": {"avg_delay": 2.824328458737626, "avg_queue_size": 2.105476673427992, "server_freq": 0.9859754132056076}, "server2": {"avg_delay": 2.3280853048015446, "avg_queue_size": 0.27122641509433965, "server_freq": 0.4239894271796933}}