{"server1": {"avg_delay": 2.6915156272741645, "avg_queue_size": 2.0708418891170433, "server_freq": 0.9709419513161329}, "server2": {"avg_delay": 2.087052117460452, "avg_queue_size": 0.3185011709601874, "server_freq": 0.4269744729268679}}