{"server1": {"avg_delay": 2.5902598367861627, "avg_queue_size": 1.9648033126293996, "server_freq": 0.965817733631853}, "server2": {"avg_delay": 2.2620898495499735, "avg_queue_size": 0.3544600938967136, "server_freq": 0.4249198103452769}}