{"server1": {"avg_delay": 3.04965329133486, "avg_queue_size": 2.2965931863727453, "server_freq": 0.994647421004846}, "server2": {"avg_delay": 2.239691053889499, "avg_queue_size": 0.38372093023255816, "server_freq": 0.42984762917797364}}