{"server1": {"avg_delay": 2.8588845418506423, "avg_queue_size": 2.20061099796334, "server_freq": 0.9785396045604894}, "server2": {"avg_delay": 2.0654205818365576, "avg_queue_size": 0.2733990147783251, "server_freq": 0.4038100104621427}}