{"server1": {"avg_delay": 3.130982159225849, "avg_queue_size": 2.5522388059701493, "server_freq": 0.9908114404000828}, "server2": {"avg_delay": 2.634140357977623, "avg_queue_size": 0.39568345323741005, "server_freq": 0.4169206565558371}}