{"server1": {"avg_delay": 3.3346460474208865, "avg_queue_size": 2.8178368121442126, "server_freq": 1.0538587446958814}, "server2": {"avg_delay": 1.7971575052581803, "avg_queue_size": 0.2776470588235294, "server_freq": 0.4249430422160812}}