{"server1": {"avg_delay": 3.116553408988129, "avg_queue_size": 2.6073194856577646, "server_freq": 1.0108113045490428}, "server2": {"avg_delay": 2.0666585850344763, "avg_queue_size": 0.3242009132420091, "server_freq": 0.4379182506354904}}