{"server1": {"avg_delay": 3.511007270441573, "avg_queue_size": 2.9378585086042066, "server_freq": 1.043936649793333}, "server2": {"avg_delay": 2.4744457229046035, "avg_queue_size": 0.37272727272727274, "server_freq": 0.4399733006791825}}