{"server1": {"avg_delay": 2.944244201210777, "avg_queue_size": 2.387378640776699, "server_freq": 1.02972926932788}, "server2": {"avg_delay": 2.398123509342261, "avg_queue_size": 0.34606741573033706, "server_freq": 0.4448830338358316}}