{"server1": {"avg_delay": 3.0015614767790857, "avg_queue_size": 2.4271356783919598, "server_freq": 0.9949976227984673}, "server2": {"avg_delay": 2.0810577010794113, "avg_queue_size": 0.29411764705882354, "server_freq": 0.42499898461241065}}