{"server1": {"avg_delay": 3.670209826345703, "avg_queue_size": 2.8015873015873014, "server_freq": 1.0050675010209482}, "server2": {"avg_delay": 2.0268882036899156, "avg_queue_size": 0.2796208530805687, "server_freq": 0.4216088324362228}}