{"server1": {"avg_delay": 3.166766284235604, "avg_queue_size": 2.4375, "server_freq": 0.9594775023145369}, "server2": {"avg_delay": 1.7567376150067275, "avg_queue_size": 0.2523809523809524, "server_freq": 0.41877195153103225}}