{"server1": {"avg_delay": 3.41241799124964, "avg_queue_size": 2.5285433070866143, "server_freq": 1.00387574221249}, "server2": {"avg_delay": 1.718173607446828, "avg_queue_size": 0.22685185185185186, "server_freq": 0.4319465344978044}}