{"server1": {"avg_delay": 2.766037668796814, "avg_queue_size": 1.9, "server_freq": 0.9686795958859159}, "server2": {"avg_delay": 2.2010758946970093, "avg_queue_size": 0.2891566265060241, "server_freq": 0.41486277842379266}}