{"server1": {"avg_delay": 2.8796677341636325, "avg_queue_size": 2.0224839400428265, "server_freq": 0.9319350934952888}, "server2": {"avg_delay": 2.095006460774963, "avg_queue_size": 0.3188405797101449, "server_freq": 0.41397116814061113}}