{"server1": {"avg_delay": 3.491678768516921, "avg_queue_size": 2.921380632790029, "server_freq": 1.0362814329753154}, "server2": {"avg_delay": 1.8032419259489592, "avg_queue_size": 0.25934579439252337, "server_freq": 0.42770342653175986}}