{"server1": {"avg_delay": 2.991664505611306, "avg_queue_size": 2.4731610337972167, "server_freq": 1.0057065909941822}, "server2": {"avg_delay": 2.104781221869696, "avg_queue_size": 0.30963302752293576, "server_freq": 0.43587283665354215}}