{"server1": {"avg_delay": 3.092915879221104, "avg_queue_size": 2.1610337972167, "server_freq": 1.001925884751047}, "server2": {"avg_delay": 1.9229315360763568, "avg_queue_size": 0.2863636363636364, "server_freq": 0.43996745438169726}}