{"server1": {"avg_delay": 2.8648225051851046, "avg_queue_size": 2.1505050505050507, "server_freq": 0.9873792404626536}, "server2": {"avg_delay": 2.930414236954143, "avg_queue_size": 0.4601366742596811, "server_freq": 0.43872417668330455}}