{"server1": {"avg_delay": 3.533357141624267, "avg_queue_size": 2.609359104781282, "server_freq": 0.981988262697444}, "server2": {"avg_delay": 1.878518969210748, "avg_queue_size": 0.3125, "server_freq": 0.4149950397346632}}