{"server1": {"avg_delay": 3.0988602234733116, "avg_queue_size": 2.3886679920477136, "server_freq": 1.0054182908783498}, "server2": {"avg_delay": 2.3707320258628983, "avg_queue_size": 0.37142857142857144, "server_freq": 0.4197571393329095}}