{"server1": {"avg_delay": 3.844702002990497, "avg_queue_size": 2.7854209445585214, "server_freq": 0.9687765907516437}, "server2": {"avg_delay": 1.8855572832658691, "avg_queue_size": 0.2806603773584906, "server_freq": 0.4239022440440629}}