{"server1": {"avg_delay": 3.1603101930256554, "avg_queue_size": 2.4455544455544453, "server_freq": 1.000801144582305}, "server2": {"avg_delay": 2.427369299006122, "avg_queue_size": 0.3215962441314554, "server_freq": 0.42591537221984216}}