{"server1": {"avg_delay": 2.188356401351666, "avg_queue_size": 1.6507462686567165, "server_freq": 1.000930116881208}, "server2": {"avg_delay": 2.08705411621962, "avg_queue_size": 0.3775280898876405, "server_freq": 0.443969002892364}}