{"server1": {"avg_delay": 2.225731550001167, "avg_queue_size": 1.5280898876404494, "server_freq": 0.9748301214336381}, "server2": {"avg_delay": 2.227919252037373, "avg_queue_size": 0.3310502283105023, "server_freq": 0.4369238595553845}}