{"server1": {"avg_delay": 4.58848467123641, "avg_queue_size": 3.4127144298688195, "server_freq": 0.9888658097163505}, "server2": {"avg_delay": 1.9734453137103438, "avg_queue_size": 0.28604118993135014, "server_freq": 0.4359408423016469}}