{"server1": {"avg_delay": 2.8955012582023447, "avg_queue_size": 2.1154239019407557, "server_freq": 0.9726230582232388}, "server2": {"avg_delay": 1.9859485391556069, "avg_queue_size": 0.29464285714285715, "server_freq": 0.44782644407400923}}