{"server1": {"avg_delay": 3.1455979481827048, "avg_queue_size": 2.4576107899807322, "server_freq": 1.0349353023097883}, "server2": {"avg_delay": 1.9912615311985524, "avg_queue_size": 0.36486486486486486, "server_freq": 0.44297230813839245}}