{"server1": {"avg_delay": 3.556115668241342, "avg_queue_size": 2.9106425702811247, "server_freq": 0.9955688020897983}, "server2": {"avg_delay": 2.4059369033716145, "avg_queue_size": 0.3163972286374134, "server_freq": 0.4328125414707657}}