{"server1": {"avg_delay": 2.2479407698491696, "avg_queue_size": 1.6832669322709164, "server_freq": 1.0038727493012098}, "server2": {"avg_delay": 2.744725610804027, "avg_queue_size": 0.45089285714285715, "server_freq": 0.44694334555541915}}