{"server1": {"avg_delay": 3.3345191920491004, "avg_queue_size": 2.6994163424124515, "server_freq": 1.026436652316254}, "server2": {"avg_delay": 1.670400702266846, "avg_queue_size": 0.26898047722342733, "server_freq": 0.46074712436007115}}