{"server1": {"avg_delay": 2.462629034474671, "avg_queue_size": 1.6948640483383686, "server_freq": 0.9917510146877089}, "server2": {"avg_delay": 2.0666371594586868, "avg_queue_size": 0.3252212389380531, "server_freq": 0.4518865510472222}}