{"server1": {"avg_delay": 2.8975228861922306, "avg_queue_size": 2.4323271665043817, "server_freq": 1.0259445409585308}, "server2": {"avg_delay": 2.174314825989293, "avg_queue_size": 0.27610208816705334, "server_freq": 0.4309767028782912}}