{"server1": {"avg_delay": 3.3776100570239467, "avg_queue_size": 2.4628687690742623, "server_freq": 0.9821408936323466}, "server2": {"avg_delay": 1.889575970853059, "avg_queue_size": 0.29157175398633256, "server_freq": 0.4386163299131232}}