{"server1": {"avg_delay": 3.6617755677256416, "avg_queue_size": 2.867588932806324, "server_freq": 1.0100114081799931}, "server2": {"avg_delay": 2.010270558025979, "avg_queue_size": 0.25, "server_freq": 0.41859028687182703}}