{"server1": {"avg_delay": 2.6341490927078404, "avg_queue_size": 2.05005005005005, "server_freq": 0.9979355472460305}, "server2": {"avg_delay": 2.210926047824569, "avg_queue_size": 0.29205607476635514, "server_freq": 0.4279723589391794}}