{"server1": {"avg_delay": 2.78759382836926, "avg_queue_size": 2.176056338028169, "server_freq": 0.9928717856013968}, "server2": {"avg_delay": 2.1496557696974845, "avg_queue_size": 0.3183856502242152, "server_freq": 0.4459424132711208}}