{"server1": {"avg_delay": 2.7304830238357845, "avg_queue_size": 1.8310454065469906, "server_freq": 0.9456234495627757}, "server2": {"avg_delay": 2.365368947197565, "avg_queue_size": 0.30892448512585813, "server_freq": 0.43682605439633504}}