{"server1": {"avg_delay": 3.463687582338547, "avg_queue_size": 2.627954779033916, "server_freq": 0.9722441864779987}, "server2": {"avg_delay": 1.9780211391648688, "avg_queue_size": 0.23284313725490197, "server_freq": 0.4076830710000241}}