{"server1": {"avg_delay": 3.0480573255483727, "avg_queue_size": 2.2546972860125263, "server_freq": 0.9516637250436577}, "server2": {"avg_delay": 1.6241059068130907, "avg_queue_size": 0.22439024390243903, "server_freq": 0.4088555289315714}}