{"server1": {"avg_delay": 2.6423411137104806, "avg_queue_size": 1.7852760736196318, "server_freq": 0.9779550983336456}, "server2": {"avg_delay": 2.3084833101150335, "avg_queue_size": 0.4420131291028446, "server_freq": 0.45697901834200005}}