{"server1": {"avg_delay": 2.6561700767166156, "avg_queue_size": 1.958291956305859, "server_freq": 1.0034915302390017}, "server2": {"avg_delay": 2.4605511658728743, "avg_queue_size": 0.3380952380952381, "server_freq": 0.4197872935262756}}