{"server1": {"avg_delay": 3.120517241243154, "avg_queue_size": 2.4, "server_freq": 1.007964207718562}, "server2": {"avg_delay": 2.108881991852455, "avg_queue_size": 0.3262411347517731, "server_freq": 0.4229849800247537}}