{"server1": {"avg_delay": 2.6502079158698724, "avg_queue_size": 2.1611328125, "server_freq": 1.0238451902492909}, "server2": {"avg_delay": 2.1527598087597286, "avg_queue_size": 0.3415730337078652, "server_freq": 0.44493272427825625}}