{"server1": {"avg_delay": 3.7806010009715463, "avg_queue_size": 3.0282101167315174, "server_freq": 1.0268542568346537}, "server2": {"avg_delay": 1.7059370338568434, "avg_queue_size": 0.25892857142857145, "server_freq": 0.4469365655356282}}