{"server1": {"avg_delay": 2.749223335163592, "avg_queue_size": 2.0872210953346855, "server_freq": 0.9858948371645749}, "server2": {"avg_delay": 1.6921143359473894, "avg_queue_size": 0.24759615384615385, "server_freq": 0.41495573775182415}}