{"server1": {"avg_delay": 2.263481238301371, "avg_queue_size": 1.478168264110756, "server_freq": 0.9389156807524678}, "server2": {"avg_delay": 2.2824319192711893, "avg_queue_size": 0.33489461358313816, "server_freq": 0.4269616567426025}}