{"server1": {"avg_delay": 3.546479448362953, "avg_queue_size": 2.9034482758620688, "server_freq": 1.0149374791293078}, "server2": {"avg_delay": 2.0854720274633625, "avg_queue_size": 0.2620192307692308, "server_freq": 0.41597437568255374}}