{"server1": {"avg_delay": 2.9805349871957665, "avg_queue_size": 2.2522982635342186, "server_freq": 0.9769937107840206}, "server2": {"avg_delay": 2.060222808278285, "avg_queue_size": 0.23429951690821257, "server_freq": 0.41299734140614175}}