{"server1": {"avg_delay": 2.923915041869621, "avg_queue_size": 2.0991902834008096, "server_freq": 0.9879048806895802}, "server2": {"avg_delay": 1.900413136134436, "avg_queue_size": 0.28028503562945367, "server_freq": 0.42095946839100534}}