{"server1": {"avg_delay": 2.582705548367586, "avg_queue_size": 1.8647830474268416, "server_freq": 0.9895634036951105}, "server2": {"avg_delay": 1.828247393242508, "avg_queue_size": 0.2357142857142857, "server_freq": 0.4198147773251984}}