{"server1": {"avg_delay": 2.30443178141704, "avg_queue_size": 1.699078812691914, "server_freq": 0.971944051935444}, "server2": {"avg_delay": 1.5852035411867913, "avg_queue_size": 0.22384428223844283, "server_freq": 0.41097634294801183}}