{"server1": {"avg_delay": 2.9205767668415223, "avg_queue_size": 2.2089704383282367, "server_freq": 0.9778395969100204}, "server2": {"avg_delay": 2.0104152256154553, "avg_queue_size": 0.32265446224256294, "server_freq": 0.43692832704466145}}