{"server1": {"avg_delay": 2.899841051780491, "avg_queue_size": 2.2122122122122123, "server_freq": 0.9949681209355024}, "server2": {"avg_delay": 1.7773941997145974, "avg_queue_size": 0.2986111111111111, "server_freq": 0.4319861590393337}}