{"server1": {"avg_delay": 2.3519857020479398, "avg_queue_size": 1.591188524590164, "server_freq": 0.9719102054583234}, "server2": {"avg_delay": 1.988015686479919, "avg_queue_size": 0.29772727272727273, "server_freq": 0.43995935226508465}}