{"server1": {"avg_delay": 2.8384546782248257, "avg_queue_size": 2.3307543520309477, "server_freq": 1.0296705147027168}, "server2": {"avg_delay": 2.156251307457406, "avg_queue_size": 0.27816091954022987, "server_freq": 0.43486084844240946}}