{"server1": {"avg_delay": 2.4629769334317895, "avg_queue_size": 1.7448648648648648, "server_freq": 0.9246269840692004}, "server2": {"avg_delay": 1.9386795443005482, "avg_queue_size": 0.24299065420560748, "server_freq": 0.42782740452066786}}