{"server1": {"avg_delay": 3.0895185511768615, "avg_queue_size": 2.3578629032258065, "server_freq": 0.9909789060320547}, "server2": {"avg_delay": 2.44246314250311, "avg_queue_size": 0.37104072398190047, "server_freq": 0.4419905917922989}}