{"server1": {"avg_delay": 3.180284761520745, "avg_queue_size": 2.3532994923857866, "server_freq": 0.9727382183868746}, "server2": {"avg_delay": 1.9379028495564017, "avg_queue_size": 0.3140877598152425, "server_freq": 0.43288350314647145}}