{"server1": {"avg_delay": 2.977453096859274, "avg_queue_size": 2.408023483365949, "server_freq": 1.0209573675132722}, "server2": {"avg_delay": 2.1579222563029563, "avg_queue_size": 0.3384615384615385, "server_freq": 0.4549810011934758}}