{"server1": {"avg_delay": 3.2914881204729474, "avg_queue_size": 2.7017543859649122, "server_freq": 1.0256551789184603}, "server2": {"avg_delay": 1.9752425136999594, "avg_queue_size": 0.3294392523364486, "server_freq": 0.4278561565078957}}