{"server1": {"avg_delay": 3.7475852714483473, "avg_queue_size": 2.9458661417322833, "server_freq": 1.015371899171377}, "server2": {"avg_delay": 1.9400266341144998, "avg_queue_size": 0.2789115646258503, "server_freq": 0.4407273696206469}}