{"server1": {"avg_delay": 3.1207980010985814, "avg_queue_size": 2.43419689119171, "server_freq": 0.9648353074351846}, "server2": {"avg_delay": 2.0609803024546687, "avg_queue_size": 0.37668161434977576, "server_freq": 0.4429243950194682}}