{"server1": {"avg_delay": 3.3423675053734074, "avg_queue_size": 2.689828801611279, "server_freq": 0.9833510448030723}, "server2": {"avg_delay": 2.093585183698022, "avg_queue_size": 0.313953488372093, "server_freq": 0.42971641185500115}}