{"server1": {"avg_delay": 2.791738495261299, "avg_queue_size": 2.1073961499493414, "server_freq": 0.984768704770468}, "server2": {"avg_delay": 2.0896730433999395, "avg_queue_size": 0.27053140096618356, "server_freq": 0.4129030203758409}}