{"server1": {"avg_delay": 3.964460322413913, "avg_queue_size": 3.2770137524557956, "server_freq": 1.015902939271076}, "server2": {"avg_delay": 1.9558414267109123, "avg_queue_size": 0.2620689655172414, "server_freq": 0.4339585390193376}}