{"server1": {"avg_delay": 3.0044355121242483, "avg_queue_size": 2.294297352342159, "server_freq": 0.9814205980231289}, "server2": {"avg_delay": 1.886951607867463, "avg_queue_size": 0.36674259681093396, "server_freq": 0.43774157019768883}}