{"server1": {"avg_delay": 2.7781158209090795, "avg_queue_size": 2.175542406311637, "server_freq": 1.0117714669600408}, "server2": {"avg_delay": 2.039012001149589, "avg_queue_size": 0.28110599078341014, "server_freq": 0.43390199274768554}}