{"server1": {"avg_delay": 2.385596615949898, "avg_queue_size": 1.6339662447257384, "server_freq": 0.9469898015433853}, "server2": {"avg_delay": 2.155899263826782, "avg_queue_size": 0.32325581395348835, "server_freq": 0.4289953800022305}}