{"server1": {"avg_delay": 4.71398918305776, "avg_queue_size": 3.656833824975418, "server_freq": 1.0157232945521375}, "server2": {"avg_delay": 2.2886989043043156, "avg_queue_size": 0.2691415313225058, "server_freq": 0.43088261806296385}}