{"server1": {"avg_delay": 3.040456164312366, "avg_queue_size": 2.2837301587301586, "server_freq": 1.0068775693461833}, "server2": {"avg_delay": 2.0339958124882647, "avg_queue_size": 0.31777777777777777, "server_freq": 0.44949891488668897}}