{"server1": {"avg_delay": 2.777829659763458, "avg_queue_size": 2.3073263558515698, "server_freq": 1.049787305852235}, "server2": {"avg_delay": 2.026524786756443, "avg_queue_size": 0.3255269320843091, "server_freq": 0.4269135043799089}}