{"server1": {"avg_delay": 2.4938805773634223, "avg_queue_size": 1.8602261048304214, "server_freq": 0.9719343088349597}, "server2": {"avg_delay": 2.1377213359444194, "avg_queue_size": 0.3673469387755102, "server_freq": 0.4409701956751206}}