{"server1": {"avg_delay": 3.607780865426816, "avg_queue_size": 2.7956131605184447, "server_freq": 1.0016588593870068}, "server2": {"avg_delay": 1.9703519919183465, "avg_queue_size": 0.36729857819905215, "server_freq": 0.4194384057253668}}