{"server1": {"avg_delay": 2.016457790299156, "avg_queue_size": 1.461384152457372, "server_freq": 0.9958175746587188}, "server2": {"avg_delay": 1.949383451588121, "avg_queue_size": 0.30117647058823527, "server_freq": 0.42392234101937426}}