{"server1": {"avg_delay": 3.680582238789959, "avg_queue_size": 2.949901768172888, "server_freq": 1.0139037688578032}, "server2": {"avg_delay": 1.9962301905417252, "avg_queue_size": 0.2922705314009662, "server_freq": 0.4129608052645688}}