{"server1": {"avg_delay": 3.3385565926203, "avg_queue_size": 2.5252918287937742, "server_freq": 1.0279611523296517}, "server2": {"avg_delay": 2.2106113356782253, "avg_queue_size": 0.28893905191873587, "server_freq": 0.4429832592237701}}