{"server1": {"avg_delay": 2.2465941673486904, "avg_queue_size": 1.547844374342797, "server_freq": 0.9506638578349268}, "server2": {"avg_delay": 2.376200284528104, "avg_queue_size": 0.40425531914893614, "server_freq": 0.42285048566159206}}