{"server1": {"avg_delay": 2.7440690463342703, "avg_queue_size": 1.976313079299691, "server_freq": 0.9627247412310624}, "server2": {"avg_delay": 1.963822653335524, "avg_queue_size": 0.32505643340857787, "server_freq": 0.4428733752495957}}