{"server1": {"avg_delay": 2.3821959773118886, "avg_queue_size": 1.515495867768595, "server_freq": 0.9668481971872425}, "server2": {"avg_delay": 2.153500437011245, "avg_queue_size": 0.2827586206896552, "server_freq": 0.43393186926500854}}