{"server1": {"avg_delay": 3.0653266114453426, "avg_queue_size": 2.237644584647739, "server_freq": 0.9499575866089333}, "server2": {"avg_delay": 1.9739782701486173, "avg_queue_size": 0.25882352941176473, "server_freq": 0.4245341475381668}}