{"server1": {"avg_delay": 3.082180100762853, "avg_queue_size": 2.3492537313432837, "server_freq": 1.0003291117178101}, "server2": {"avg_delay": 2.077650047021489, "avg_queue_size": 0.26046511627906976, "server_freq": 0.42728628724074125}}