{"server1": {"avg_delay": 2.562724154154757, "avg_queue_size": 1.9001040582726327, "server_freq": 0.9603326587704659}, "server2": {"avg_delay": 1.849241931082115, "avg_queue_size": 0.22443890274314215, "server_freq": 0.4007215360738364}}