{"server1": {"avg_delay": 3.0100308738782013, "avg_queue_size": 2.446078431372549, "server_freq": 1.0160464831335143}, "server2": {"avg_delay": 2.1551516246264946, "avg_queue_size": 0.4017857142857143, "server_freq": 0.4465809026162054}}