{"server1": {"avg_delay": 4.031247025650413, "avg_queue_size": 3.142857142857143, "server_freq": 1.010474351333535}, "server2": {"avg_delay": 2.104578663991896, "avg_queue_size": 0.3415730337078652, "server_freq": 0.4437691513274872}}