{"server1": {"avg_delay": 2.530541927350493, "avg_queue_size": 1.8012618296529967, "server_freq": 0.9478103565120433}, "server2": {"avg_delay": 1.7700758861282093, "avg_queue_size": 0.18811881188118812, "server_freq": 0.40391918146715766}}