{"server1": {"avg_delay": 2.5305046395412965, "avg_queue_size": 1.8733668341708543, "server_freq": 0.9948668344954053}, "server2": {"avg_delay": 2.2935680855403584, "avg_queue_size": 0.37115839243498816, "server_freq": 0.42194352176589045}}