{"server1": {"avg_delay": 3.890662677621781, "avg_queue_size": 3.0693359375, "server_freq": 1.0232068857877532}, "server2": {"avg_delay": 2.0747709086214643, "avg_queue_size": 0.36, "server_freq": 0.4496514634809462}}