{"server1": {"avg_delay": 3.9275212122708423, "avg_queue_size": 3.33810888252149, "server_freq": 1.0419676376369504}, "server2": {"avg_delay": 2.0333499427752995, "avg_queue_size": 0.3047619047619048, "server_freq": 0.41998695566940414}}