{"server1": {"avg_delay": 2.7525452855414803, "avg_queue_size": 2.0514342235410483, "server_freq": 1.0098155762848862}, "server2": {"avg_delay": 2.146341859065458, "avg_queue_size": 0.3898678414096916, "server_freq": 0.45246929382497864}}