{"server1": {"avg_delay": 2.9835157301624293, "avg_queue_size": 2.120085015940489, "server_freq": 0.9348440627024088}, "server2": {"avg_delay": 1.9422987978278317, "avg_queue_size": 0.2764976958525346, "server_freq": 0.43146649047803487}}