{"server1": {"avg_delay": 2.69485712468474, "avg_queue_size": 2.090818363273453, "server_freq": 1.0004739393946365}, "server2": {"avg_delay": 2.0165204562817074, "avg_queue_size": 0.3195402298850575, "server_freq": 0.4333390116739244}}