{"server1": {"avg_delay": 2.8117919254614563, "avg_queue_size": 2.063572149344097, "server_freq": 0.9899995856229432}, "server2": {"avg_delay": 2.2584104012707233, "avg_queue_size": 0.33860045146726864, "server_freq": 0.44299981457673115}}