{"server1": {"avg_delay": 2.844665554099082, "avg_queue_size": 2.053169734151329, "server_freq": 0.9749237550661258}, "server2": {"avg_delay": 1.8297569210763414, "avg_queue_size": 0.27610208816705334, "server_freq": 0.42996637402916316}}