{"server1": {"avg_delay": 2.5378677586349836, "avg_queue_size": 1.8799603174603174, "server_freq": 1.0076680759157979}, "server2": {"avg_delay": 1.8840615418028843, "avg_queue_size": 0.26588235294117646, "server_freq": 0.42386038113918484}}