{"server1": {"avg_delay": 2.6424473507138133, "avg_queue_size": 1.9151696606786428, "server_freq": 0.9988869792568265}, "server2": {"avg_delay": 1.6808707850120599, "avg_queue_size": 0.2290748898678414, "server_freq": 0.4524958016033424}}