{"server1": {"avg_delay": 2.4065218250890634, "avg_queue_size": 1.843813387423935, "server_freq": 0.9778233200853585}, "server2": {"avg_delay": 2.0950471337573005, "avg_queue_size": 0.23006833712984054, "server_freq": 0.4389206927581517}}