{"server1": {"avg_delay": 3.6837691213012804, "avg_queue_size": 2.99424736337488, "server_freq": 1.0402134346337994}, "server2": {"avg_delay": 1.926832374718479, "avg_queue_size": 0.3783783783783784, "server_freq": 0.44366451967090004}}