{"server1": {"avg_delay": 3.1798671037310147, "avg_queue_size": 2.685990338164251, "server_freq": 1.0202658695496067}, "server2": {"avg_delay": 2.0246975043058617, "avg_queue_size": 0.36507936507936506, "server_freq": 0.44068290741564803}}