{"server1": {"avg_delay": 2.741586644805553, "avg_queue_size": 2.015732546705998, "server_freq": 1.014473774145189}, "server2": {"avg_delay": 1.8719020976072833, "avg_queue_size": 0.2289156626506024, "server_freq": 0.41396914087537207}}