{"server1": {"avg_delay": 2.7488156694655776, "avg_queue_size": 2.132437619961612, "server_freq": 1.040064294047543}, "server2": {"avg_delay": 2.018222493320178, "avg_queue_size": 0.32723112128146453, "server_freq": 0.4366072012476237}}