{"server1": {"avg_delay": 3.1317975757670675, "avg_queue_size": 2.348360655737705, "server_freq": 0.9727907653062492}, "server2": {"avg_delay": 2.07573293735677, "avg_queue_size": 0.3234624145785877, "server_freq": 0.43890559709089766}}