{"server1": {"avg_delay": 2.8307131076628136, "avg_queue_size": 2.2579403272377285, "server_freq": 1.0358808259126986}, "server2": {"avg_delay": 2.268816726292675, "avg_queue_size": 0.37616822429906543, "server_freq": 0.4269508809505042}}