{"server1": {"avg_delay": 3.5818212933839297, "avg_queue_size": 2.8765915768854065, "server_freq": 1.0192143048468143}, "server2": {"avg_delay": 2.223854206473294, "avg_queue_size": 0.3386363636363636, "server_freq": 0.439661072679018}}