{"server1": {"avg_delay": 3.710312272525588, "avg_queue_size": 3.005940594059406, "server_freq": 1.0098686431078163}, "server2": {"avg_delay": 1.8632502274141345, "avg_queue_size": 0.27713625866050806, "server_freq": 0.4329436856095886}}