{"server1": {"avg_delay": 2.7450232794873552, "avg_queue_size": 2.0957966764418376, "server_freq": 1.0189839475146942}, "server2": {"avg_delay": 2.0475277177777405, "avg_queue_size": 0.2536945812807882, "server_freq": 0.40599360421095765}}