{"server1": {"avg_delay": 3.9712889152373605, "avg_queue_size": 3.4125248508946324, "server_freq": 1.001276061168501}, "server2": {"avg_delay": 1.9930101152853932, "avg_queue_size": 0.2829736211031175, "server_freq": 0.41669872006713066}}