{"server1": {"avg_delay": 2.6221738267651302, "avg_queue_size": 1.7230769230769232, "server_freq": 0.9718710580039831}, "server2": {"avg_delay": 1.925580692484708, "avg_queue_size": 0.25635103926096997, "server_freq": 0.43194269244621475}}