{"server1": {"avg_delay": 2.609808906233634, "avg_queue_size": 2.044044044044044, "server_freq": 0.9958972773298922}, "server2": {"avg_delay": 1.9913305423685634, "avg_queue_size": 0.28841607565011823, "server_freq": 0.42195647694097843}}