{"server1": {"avg_delay": 2.461186550103239, "avg_queue_size": 1.722051282051282, "server_freq": 0.970479944995122}, "server2": {"avg_delay": 1.7549251868192928, "avg_queue_size": 0.26146788990825687, "server_freq": 0.4347670196425109}}