{"server1": {"avg_delay": 2.9985844362670044, "avg_queue_size": 2.0263959390862945, "server_freq": 0.9846946850902972}, "server2": {"avg_delay": 1.774218186398301, "avg_queue_size": 0.23515981735159816, "server_freq": 0.4378642356036042}}