{"server1": {"avg_delay": 2.612248981092391, "avg_queue_size": 1.9353876739562623, "server_freq": 1.0046672680213529}, "server2": {"avg_delay": 1.8783588997036613, "avg_queue_size": 0.2967581047381546, "server_freq": 0.4008672382851368}}