{"server1": {"avg_delay": 2.4130810908696905, "avg_queue_size": 1.6840490797546013, "server_freq": 0.9778611616976921}, "server2": {"avg_delay": 1.6467603876866783, "avg_queue_size": 0.22946859903381642, "server_freq": 0.41394122795791877}}