{"server1": {"avg_delay": 2.6305451866328498, "avg_queue_size": 2.0610837438423646, "server_freq": 1.0139032784742952}, "server2": {"avg_delay": 2.389720446591855, "avg_queue_size": 0.45714285714285713, "server_freq": 0.45350944672643345}}