{"server1": {"avg_delay": 4.444034896874049, "avg_queue_size": 3.681954137587238, "server_freq": 1.0004404463691756}, "server2": {"avg_delay": 2.48492374637611, "avg_queue_size": 0.3595238095238095, "server_freq": 0.41976522225280094}}