{"server1": {"avg_delay": 2.533963279411807, "avg_queue_size": 1.8844621513944224, "server_freq": 1.0024333064456454}, "server2": {"avg_delay": 2.1728987390111887, "avg_queue_size": 0.35083532219570407, "server_freq": 0.41834617071785407}}