{"server1": {"avg_delay": 2.887221740517926, "avg_queue_size": 2.162451361867704, "server_freq": 1.024440444413517}, "server2": {"avg_delay": 1.9708573473055402, "avg_queue_size": 0.3354564755838641, "server_freq": 0.47074287738416243}}