{"server1": {"avg_delay": 2.196843148208509, "avg_queue_size": 1.622439024390244, "server_freq": 1.0208041242491919}, "server2": {"avg_delay": 1.761458764044823, "avg_queue_size": 0.3119266055045872, "server_freq": 0.4359163547234551}}