{"server1": {"avg_delay": 2.781987072764576, "avg_queue_size": 2.1661750245821043, "server_freq": 1.0153366261489705}, "server2": {"avg_delay": 1.7771281797888874, "avg_queue_size": 0.28169014084507044, "server_freq": 0.4257218530900211}}