{"server1": {"avg_delay": 2.8848483496291126, "avg_queue_size": 2.3928225024248304, "server_freq": 1.0156848146599056}, "server2": {"avg_delay": 1.7566617890411762, "avg_queue_size": 0.24759615384615385, "server_freq": 0.4158709477347645}}