{"server1": {"avg_delay": 2.650031772997065, "avg_queue_size": 1.8943589743589744, "server_freq": 0.9737606620392576}, "server2": {"avg_delay": 2.1378755957427615, "avg_queue_size": 0.23755656108597284, "server_freq": 0.4418913887282873}}