{"server1": {"avg_delay": 2.49458684380614, "avg_queue_size": 1.8867735470941884, "server_freq": 0.9955217125161224}, "server2": {"avg_delay": 2.1978045274749376, "avg_queue_size": 0.376940133037694, "server_freq": 0.4507834260489671}}