{"server1": {"avg_delay": 2.9737599072111593, "avg_queue_size": 2.45101842870999, "server_freq": 1.0279207686335883}, "server2": {"avg_delay": 2.377119781546946, "avg_queue_size": 0.2926829268292683, "server_freq": 0.4505269841144299}}