{"server1": {"avg_delay": 2.71504977381635, "avg_queue_size": 1.9286463798530955, "server_freq": 0.9497998345695863}, "server2": {"avg_delay": 2.5548415829693205, "avg_queue_size": 0.43777777777777777, "server_freq": 0.4489053954965729}}