{"server1": {"avg_delay": 3.009825552079108, "avg_queue_size": 2.460852329038652, "server_freq": 0.9977498309368117}, "server2": {"avg_delay": 1.8236165345887652, "avg_queue_size": 0.24096385542168675, "server_freq": 0.41389622245274554}}