{"server1": {"avg_delay": 2.9984864334905192, "avg_queue_size": 2.2334669338677355, "server_freq": 0.9968886312135072}, "server2": {"avg_delay": 2.180992607712355, "avg_queue_size": 0.38288288288288286, "server_freq": 0.442950515173103}}