{"server1": {"avg_delay": 3.058208444878769, "avg_queue_size": 2.47265625, "server_freq": 1.0147009999651107}, "server2": {"avg_delay": 1.7143585411778506, "avg_queue_size": 0.2625570776255708, "server_freq": 0.4378709733839591}}