{"server1": {"avg_delay": 2.6665992253546666, "avg_queue_size": 2.0364372469635628, "server_freq": 0.985612887473542}, "server2": {"avg_delay": 2.3201146581665943, "avg_queue_size": 0.31322505800464034, "server_freq": 0.4308307854980696}}