{"server1": {"avg_delay": 2.3643203247019002, "avg_queue_size": 1.7365208545269584, "server_freq": 0.9829239899328607}, "server2": {"avg_delay": 1.7503608069522312, "avg_queue_size": 0.31756756756756754, "server_freq": 0.4439656678842219}}