{"server1": {"avg_delay": 2.911199718594294, "avg_queue_size": 2.180990899898888, "server_freq": 0.986987623521184}, "server2": {"avg_delay": 2.427908885113681, "avg_queue_size": 0.3976470588235294, "server_freq": 0.4245645141665012}}