{"server1": {"avg_delay": 3.2824484444710227, "avg_queue_size": 2.7171314741035855, "server_freq": 0.9948959372925117}, "server2": {"avg_delay": 2.123005037572494, "avg_queue_size": 0.3444976076555024, "server_freq": 0.41795628320429135}}