{"server1": {"avg_delay": 2.7617252739842595, "avg_queue_size": 2.3169774288518155, "server_freq": 1.0186379818754736}, "server2": {"avg_delay": 2.1610181747609354, "avg_queue_size": 0.27634660421545665, "server_freq": 0.42584865581840214}}