{"server1": {"avg_delay": 2.7440652398724685, "avg_queue_size": 2.2497589199614274, "server_freq": 1.0349328126251847}, "server2": {"avg_delay": 2.098481283879456, "avg_queue_size": 0.39461883408071746, "server_freq": 0.4459710477592583}}