{"server1": {"avg_delay": 3.1264355634580703, "avg_queue_size": 2.5094152626362733, "server_freq": 1.0009555364543403}, "server2": {"avg_delay": 2.0406300915486892, "avg_queue_size": 0.3099273607748184, "server_freq": 0.41298165490074185}}