{"server1": {"avg_delay": 2.2268135184568703, "avg_queue_size": 1.6206206206206206, "server_freq": 0.9989264886551372}, "server2": {"avg_delay": 2.0585915672856037, "avg_queue_size": 0.3150984682713348, "server_freq": 0.45596644527201463}}