{"server1": {"avg_delay": 2.208872114412689, "avg_queue_size": 1.561277033985582, "server_freq": 0.966835247094073}, "server2": {"avg_delay": 2.290446743530902, "avg_queue_size": 0.42857142857142855, "server_freq": 0.4544525180039289}}