{"server1": {"avg_delay": 3.340447470202057, "avg_queue_size": 2.6602238046795526, "server_freq": 0.9828620342828632}, "server2": {"avg_delay": 2.1227119089986495, "avg_queue_size": 0.31873479318734793, "server_freq": 0.41094231545295706}}