{"server1": {"avg_delay": 2.5557899522771796, "avg_queue_size": 1.7611168562564632, "server_freq": 0.9658221215246944}, "server2": {"avg_delay": 1.9139954717221836, "avg_queue_size": 0.2850678733031674, "server_freq": 0.4414616108727145}}