{"server1": {"avg_delay": 2.556794611396279, "avg_queue_size": 2.0526819923371646, "server_freq": 1.0405642176370014}, "server2": {"avg_delay": 1.9314352296041755, "avg_queue_size": 0.23798076923076922, "server_freq": 0.4158258545023944}}