{"server1": {"avg_delay": 2.900726790169427, "avg_queue_size": 2.1642710472279263, "server_freq": 0.969618678379021}, "server2": {"avg_delay": 2.037236375886534, "avg_queue_size": 0.35730337078651686, "server_freq": 0.4448250637924375}}