{"server1": {"avg_delay": 2.404962908671426, "avg_queue_size": 1.7396039603960396, "server_freq": 1.0071146993198252}, "server2": {"avg_delay": 1.8390762843970574, "avg_queue_size": 0.30045871559633025, "server_freq": 0.43561707232484503}}