{"server1": {"avg_delay": 2.6837754352095304, "avg_queue_size": 1.8944099378881987, "server_freq": 0.9574438074372035}, "server2": {"avg_delay": 1.8210888824758273, "avg_queue_size": 0.2995391705069124, "server_freq": 0.4337480296740567}}