{"server1": {"avg_delay": 4.65190524459033, "avg_queue_size": 3.7076612903225805, "server_freq": 0.9908654327856403}, "server2": {"avg_delay": 2.0660838947421043, "avg_queue_size": 0.33259911894273125, "server_freq": 0.45393835164952645}}