{"server1": {"avg_delay": 2.778178745067622, "avg_queue_size": 2.278409090909091, "server_freq": 1.05566667828081}, "server2": {"avg_delay": 1.8879729303886834, "avg_queue_size": 0.3287981859410431, "server_freq": 0.4398611159503375}}