{"server1": {"avg_delay": 2.881471380776454, "avg_queue_size": 2.3841754051477597, "server_freq": 1.044658101018359}, "server2": {"avg_delay": 1.9174534149003462, "avg_queue_size": 0.25, "server_freq": 0.41186520346369754}}