{"server1": {"avg_delay": 2.970022299339878, "avg_queue_size": 2.468904244817374, "server_freq": 1.0098982518870054}, "server2": {"avg_delay": 2.2098192631188147, "avg_queue_size": 0.36036036036036034, "server_freq": 0.44395527112656474}}