{"server1": {"avg_delay": 2.4626795055428476, "avg_queue_size": 1.8243105209397343, "server_freq": 0.9772415671760418}, "server2": {"avg_delay": 2.0489193827016243, "avg_queue_size": 0.3146067415730337, "server_freq": 0.44465490531016216}}