{"server1": {"avg_delay": 2.8369772647322624, "avg_queue_size": 2.2099236641221376, "server_freq": 1.044275345767746}, "server2": {"avg_delay": 1.9819084482633234, "avg_queue_size": 0.32456140350877194, "server_freq": 0.45568378724410735}}