{"server1": {"avg_delay": 2.8659959866426594, "avg_queue_size": 2.2890625, "server_freq": 1.023713091865781}, "server2": {"avg_delay": 1.526596030067351, "avg_queue_size": 0.248868778280543, "server_freq": 0.4418761587936282}}