{"server1": {"avg_delay": 2.599542025912323, "avg_queue_size": 1.9096573208722742, "server_freq": 0.9608313267675812}, "server2": {"avg_delay": 1.9067304294340928, "avg_queue_size": 0.26520681265206814, "server_freq": 0.4089282129531121}}