{"server1": {"avg_delay": 3.129119293226636, "avg_queue_size": 2.4439117929050815, "server_freq": 1.0379648118137108}, "server2": {"avg_delay": 1.772353407688368, "avg_queue_size": 0.26635514018691586, "server_freq": 0.4279854908056534}}