{"server1": {"avg_delay": 3.6388295369268353, "avg_queue_size": 3.229245283018868, "server_freq": 1.0578799166100823}, "server2": {"avg_delay": 2.0000632258223736, "avg_queue_size": 0.2777777777777778, "server_freq": 0.4309510813411583}}