{"server1": {"avg_delay": 2.902534294594842, "avg_queue_size": 2.110072689511942, "server_freq": 0.9626638158056565}, "server2": {"avg_delay": 1.9712963743374374, "avg_queue_size": 0.33856502242152464, "server_freq": 0.4458443009857973}}