{"server1": {"avg_delay": 2.635263398204493, "avg_queue_size": 2.025691699604743, "server_freq": 1.011414466877585}, "server2": {"avg_delay": 2.1147544110555847, "avg_queue_size": 0.34459459459459457, "server_freq": 0.44374310602139105}}