{"server1": {"avg_delay": 2.774120927825428, "avg_queue_size": 1.9301181102362204, "server_freq": 1.0097842482569126}, "server2": {"avg_delay": 2.0818334785514567, "avg_queue_size": 0.27634660421545665, "server_freq": 0.4259089997598463}}