{"server1": {"avg_delay": 2.8158231074118167, "avg_queue_size": 2.1422885572139303, "server_freq": 1.0039861306917561}, "server2": {"avg_delay": 1.8370009685253739, "avg_queue_size": 0.29596412556053814, "server_freq": 0.4439938665608961}}