{"server1": {"avg_delay": 2.7851870119677535, "avg_queue_size": 1.9554140127388535, "server_freq": 0.9413127535169372}, "server2": {"avg_delay": 2.0679021634525463, "avg_queue_size": 0.27884615384615385, "server_freq": 0.41569650261469837}}