{"server1": {"avg_delay": 3.2810832902644878, "avg_queue_size": 2.4666011787819255, "server_freq": 1.0169205850292373}, "server2": {"avg_delay": 2.0214438093680047, "avg_queue_size": 0.3036529680365297, "server_freq": 0.436965875769692}}