{"server1": {"avg_delay": 3.0578250068124495, "avg_queue_size": 2.2806484295845997, "server_freq": 0.9809149222673135}, "server2": {"avg_delay": 2.147485047401144, "avg_queue_size": 0.29550827423167847, "server_freq": 0.42296331510608925}}