{"server1": {"avg_delay": 3.618851969836996, "avg_queue_size": 3.052480916030534, "server_freq": 1.0456694096528647}, "server2": {"avg_delay": 2.2446584527668096, "avg_queue_size": 0.3674832962138085, "server_freq": 0.44885809267125837}}