{"server1": {"avg_delay": 3.2562173190182215, "avg_queue_size": 2.653398058252427, "server_freq": 1.0294883390930194}, "server2": {"avg_delay": 2.004108511155569, "avg_queue_size": 0.36363636363636365, "server_freq": 0.4257883810229381}}