{"server1": {"avg_delay": 2.40515858663362, "avg_queue_size": 1.7651139742319129, "server_freq": 1.0056560898641502}, "server2": {"avg_delay": 2.187500423481705, "avg_queue_size": 0.30787037037037035, "server_freq": 0.43185231691979414}}