{"server1": {"avg_delay": 4.345405306914032, "avg_queue_size": 3.4398382204246714, "server_freq": 0.984738466282246}, "server2": {"avg_delay": 1.8523479569354016, "avg_queue_size": 0.2542372881355932, "server_freq": 0.41189060721653337}}