{"server1": {"avg_delay": 2.960113577498595, "avg_queue_size": 2.122345803842265, "server_freq": 0.9884942774285315}, "server2": {"avg_delay": 1.9145784241924722, "avg_queue_size": 0.2833333333333333, "server_freq": 0.41978523409502855}}