{"server1": {"avg_delay": 2.918981391177008, "avg_queue_size": 2.3576354679802956, "server_freq": 1.0057772984007394}, "server2": {"avg_delay": 2.1638717510792937, "avg_queue_size": 0.3238095238095238, "server_freq": 0.4199070231891755}}