{"server1": {"avg_delay": 3.4164294740163363, "avg_queue_size": 3.014423076923077, "server_freq": 1.0379833305492614}, "server2": {"avg_delay": 1.6838577056040496, "avg_queue_size": 0.23300970873786409, "server_freq": 0.4119933836091481}}