{"server1": {"avg_delay": 3.455440704860119, "avg_queue_size": 2.418768920282543, "server_freq": 0.9846225454556188}, "server2": {"avg_delay": 2.7972815727617597, "avg_queue_size": 0.3546099290780142, "server_freq": 0.42183828850991995}}