{"server1": {"avg_delay": 3.390446860820184, "avg_queue_size": 2.5190763052208833, "server_freq": 0.9922976363910896}, "server2": {"avg_delay": 2.2663963288459366, "avg_queue_size": 0.3117782909930716, "server_freq": 0.4312601397595078}}