{"server1": {"avg_delay": 3.127025695212621, "avg_queue_size": 2.5924170616113744, "server_freq": 1.0516153610756838}, "server2": {"avg_delay": 2.5146155366402456, "avg_queue_size": 0.39909297052154197, "server_freq": 0.4388394900306323}}