{"server1": {"avg_delay": 2.649738198377915, "avg_queue_size": 1.944621938232162, "server_freq": 0.9389068565705998}, "server2": {"avg_delay": 2.2520054273312624, "avg_queue_size": 0.4153498871331828, "server_freq": 0.44295605693373347}}