{"server1": {"avg_delay": 3.147532870842929, "avg_queue_size": 2.458128078817734, "server_freq": 1.01059095192191}, "server2": {"avg_delay": 2.066130965933506, "avg_queue_size": 0.3642691415313225, "server_freq": 0.43082561847511697}}