{"server1": {"avg_delay": 2.57943620575467, "avg_queue_size": 1.9477317554240632, "server_freq": 1.0139726247113172}, "server2": {"avg_delay": 1.9780671812457808, "avg_queue_size": 0.34324942791762014, "server_freq": 0.43598822916581287}}