{"server1": {"avg_delay": 3.1919313153178157, "avg_queue_size": 2.6807286673058486, "server_freq": 1.0415923556676163}, "server2": {"avg_delay": 1.8868189842927372, "avg_queue_size": 0.24343675417661098, "server_freq": 0.4188360815976308}}