{"server1": {"avg_delay": 2.8050646712592395, "avg_queue_size": 2.2115942028985507, "server_freq": 1.033918885564542}, "server2": {"avg_delay": 2.4788363488655274, "avg_queue_size": 0.3286384976525822, "server_freq": 0.4229668168218581}}