{"server1": {"avg_delay": 2.94441169900433, "avg_queue_size": 2.3009708737864076, "server_freq": 1.029938054556824}, "server2": {"avg_delay": 1.8686068651601844, "avg_queue_size": 0.3348314606741573, "server_freq": 0.4399735378689345}}