{"server1": {"avg_delay": 2.7102683866186763, "avg_queue_size": 1.9644670050761421, "server_freq": 0.9840423038986844}, "server2": {"avg_delay": 1.8769673043607242, "avg_queue_size": 0.2850574712643678, "server_freq": 0.4345770580669317}}