{"server1": {"avg_delay": 4.199189449577101, "avg_queue_size": 3.513539651837524, "server_freq": 1.0295253198430303}, "server2": {"avg_delay": 1.9914250611336113, "avg_queue_size": 0.2529002320185615, "server_freq": 0.43080137170130683}}