{"server1": {"avg_delay": 3.0039899837627004, "avg_queue_size": 2.2834489593657086, "server_freq": 1.0072330867373152}, "server2": {"avg_delay": 1.642549571133087, "avg_queue_size": 0.27149321266968324, "server_freq": 0.44122599042407656}}