{"server1": {"avg_delay": 2.5121861982216847, "avg_queue_size": 1.821105527638191, "server_freq": 0.9942421834811208}, "server2": {"avg_delay": 2.2081382411491983, "avg_queue_size": 0.2988505747126437, "server_freq": 0.4336694549053331}}