{"server1": {"avg_delay": 3.345625719774428, "avg_queue_size": 2.814885496183206, "server_freq": 1.046893114708663}, "server2": {"avg_delay": 1.8569592897456093, "avg_queue_size": 0.2873303167420814, "server_freq": 0.4415331647912491}}