{"server1": {"avg_delay": 3.479795077147597, "avg_queue_size": 3.000949667616334, "server_freq": 1.0518227050696032}, "server2": {"avg_delay": 2.0781680306429724, "avg_queue_size": 0.347926267281106, "server_freq": 0.43192719447725153}}