{"server1": {"avg_delay": 2.462184978182986, "avg_queue_size": 1.884, "server_freq": 0.9993215008194595}, "server2": {"avg_delay": 2.1923034715030103, "avg_queue_size": 0.32407407407407407, "server_freq": 0.430707566853187}}