{"server1": {"avg_delay": 2.2202032690584423, "avg_queue_size": 1.5510416666666667, "server_freq": 0.9584260117665854}, "server2": {"avg_delay": 2.0856523130145, "avg_queue_size": 0.2627906976744186, "server_freq": 0.4282966240081928}}