{"server1": {"avg_delay": 4.386476888410145, "avg_queue_size": 3.4512562814070353, "server_freq": 0.9934861750445175}, "server2": {"avg_delay": 1.7020049120278775, "avg_queue_size": 0.21226415094339623, "server_freq": 0.4237808231578224}}