{"server1": {"avg_delay": 2.428818054839203, "avg_queue_size": 1.9606147934678193, "server_freq": 1.039933627076467}, "server2": {"avg_delay": 1.991501999366254, "avg_queue_size": 0.325, "server_freq": 0.43997191914773603}}