{"server1": {"avg_delay": 3.127115580500516, "avg_queue_size": 2.5389930898321817, "server_freq": 1.0115454211036425}, "server2": {"avg_delay": 2.08701153320412, "avg_queue_size": 0.331002331002331, "server_freq": 0.42880729807654416}}