{"server1": {"avg_delay": 3.8921252419239583, "avg_queue_size": 2.8435233160621762, "server_freq": 0.9627130369285746}, "server2": {"avg_delay": 1.8575603600170572, "avg_queue_size": 0.25057471264367814, "server_freq": 0.43487037493658354}}