{"server1": {"avg_delay": 3.4664648789865917, "avg_queue_size": 2.5565565565565564, "server_freq": 0.9929310365505113}, "server2": {"avg_delay": 2.4151851670130684, "avg_queue_size": 0.3936651583710407, "server_freq": 0.4405257415681846}}