{"server1": {"avg_delay": 3.2474445566628827, "avg_queue_size": 2.469939879759519, "server_freq": 0.9969637829396937}, "server2": {"avg_delay": 2.0062560365397206, "avg_queue_size": 0.2744630071599045, "server_freq": 0.41898477938990136}}