{"server1": {"avg_delay": 3.6712807575647597, "avg_queue_size": 3.1271676300578033, "server_freq": 1.0377194843786703}, "server2": {"avg_delay": 2.0259829216432435, "avg_queue_size": 0.28604118993135014, "server_freq": 0.43688190238292773}}