{"server1": {"avg_delay": 3.910966747846127, "avg_queue_size": 3.584761904761905, "server_freq": 1.0478980694633298}, "server2": {"avg_delay": 2.071900611479664, "avg_queue_size": 0.36018957345971564, "server_freq": 0.4219589554518369}}