{"server1": {"avg_delay": 3.189348446769907, "avg_queue_size": 2.557046979865772, "server_freq": 1.0418606081933728}, "server2": {"avg_delay": 2.513114785365671, "avg_queue_size": 0.4148471615720524, "server_freq": 0.45693886558960783}}