{"server1": {"avg_delay": 3.112037316918132, "avg_queue_size": 2.6149253731343283, "server_freq": 1.0037174311334716}, "server2": {"avg_delay": 1.9609460724954513, "avg_queue_size": 0.3310344827586207, "server_freq": 0.4348775722540439}}