{"server1": {"avg_delay": 2.937316193097583, "avg_queue_size": 2.393360160965795, "server_freq": 0.9919241442689846}, "server2": {"avg_delay": 2.1149852007907857, "avg_queue_size": 0.3125, "server_freq": 0.4319669660526223}}