{"server1": {"avg_delay": 3.027322247958809, "avg_queue_size": 2.3943943943943946, "server_freq": 0.9935077515589535}, "server2": {"avg_delay": 2.0548679266841994, "avg_queue_size": 0.24514563106796117, "server_freq": 0.4107964646788027}}