{"server1": {"avg_delay": 2.8240576773397117, "avg_queue_size": 2.0565656565656565, "server_freq": 0.9889790848186026}, "server2": {"avg_delay": 1.7454389573418807, "avg_queue_size": 0.20293398533007334, "server_freq": 0.4089913505468235}}