{"server1": {"avg_delay": 5.051845974722587, "avg_queue_size": 4.136450381679389, "server_freq": 1.0445191256645463}, "server2": {"avg_delay": 2.2698124663202073, "avg_queue_size": 0.40224719101123596, "server_freq": 0.44479522576145747}}