{"server1": {"avg_delay": 3.0185424168262047, "avg_queue_size": 2.6045845272206303, "server_freq": 1.0378710993599725}, "server2": {"avg_delay": 2.137422685159783, "avg_queue_size": 0.3463302752293578, "server_freq": 0.4349459809456532}}