{"server1": {"avg_delay": 4.553974887486508, "avg_queue_size": 3.9139579349904396, "server_freq": 1.0401599176721708}, "server2": {"avg_delay": 1.9803331590668543, "avg_queue_size": 0.3068181818181818, "server_freq": 0.43964492197478877}}