{"server1": {"avg_delay": 3.8878678319331943, "avg_queue_size": 3.2312734082397006, "server_freq": 1.0655184284703623}, "server2": {"avg_delay": 2.063019814085513, "avg_queue_size": 0.3577981651376147, "server_freq": 0.4338039380451568}}