{"server1": {"avg_delay": 2.672496840898788, "avg_queue_size": 1.8694300518134714, "server_freq": 0.9638254517276946}, "server2": {"avg_delay": 1.7033386960676853, "avg_queue_size": 0.24708624708624707, "server_freq": 0.4289223223974907}}