{"server1": {"avg_delay": 3.1124529192346215, "avg_queue_size": 2.5212660731948566, "server_freq": 1.0109486541557575}, "server2": {"avg_delay": 1.7251718363280788, "avg_queue_size": 0.24343675417661098, "server_freq": 0.4179787709565842}}