{"server1": {"avg_delay": 2.527417728827612, "avg_queue_size": 1.8448098663926003, "server_freq": 0.9728546795746367}, "server2": {"avg_delay": 1.9706683317939548, "avg_queue_size": 0.25, "server_freq": 0.4189374211117911}}