{"server1": {"avg_delay": 2.9585411161961823, "avg_queue_size": 2.0175257731958762, "server_freq": 0.9696796142154832}, "server2": {"avg_delay": 2.3390764886987783, "avg_queue_size": 0.2775229357798165, "server_freq": 0.43485632183890227}}