{"server1": {"avg_delay": 3.5937140072640537, "avg_queue_size": 2.840776699029126, "server_freq": 1.0289179695985669}, "server2": {"avg_delay": 2.0733356206304348, "avg_queue_size": 0.2611764705882353, "server_freq": 0.42496611961068115}}