{"server1": {"avg_delay": 2.452301157128383, "avg_queue_size": 1.787344398340249, "server_freq": 0.9626470336687811}, "server2": {"avg_delay": 2.31487007940446, "avg_queue_size": 0.4258373205741627, "server_freq": 0.4168471578814971}}