{"server1": {"avg_delay": 3.449429531687808, "avg_queue_size": 2.5728744939271255, "server_freq": 0.9855263518173383}, "server2": {"avg_delay": 2.0851001460625938, "avg_queue_size": 0.2945205479452055, "server_freq": 0.43778959644624155}}