{"server1": {"avg_delay": 3.259087692886513, "avg_queue_size": 2.76721629485936, "server_freq": 1.0298825742885351}, "server2": {"avg_delay": 2.1729938268752824, "avg_queue_size": 0.2936893203883495, "server_freq": 0.4119530297154141}}