{"server1": {"avg_delay": 3.358530489227828, "avg_queue_size": 2.6372847011144884, "server_freq": 0.9869217273491664}, "server2": {"avg_delay": 2.084779768669539, "avg_queue_size": 0.25355450236966826, "server_freq": 0.42196653388181177}}