{"server1": {"avg_delay": 2.9735909618805896, "avg_queue_size": 2.2448979591836733, "server_freq": 0.9787412221757154}, "server2": {"avg_delay": 2.3323400406749224, "avg_queue_size": 0.37354988399071926, "server_freq": 0.4288866029758753}}