{"server1": {"avg_delay": 3.1676023176010926, "avg_queue_size": 2.5822306238185253, "server_freq": 1.055913186263429}, "server2": {"avg_delay": 2.2216314680754805, "avg_queue_size": 0.30357142857142855, "server_freq": 0.4469632521399174}}