{"server1": {"avg_delay": 2.292507071121375, "avg_queue_size": 1.7642928786359078, "server_freq": 0.9957819743307019}, "server2": {"avg_delay": 1.7999580682879377, "avg_queue_size": 0.2296983758700696, "server_freq": 0.42990587245200984}}