{"server1": {"avg_delay": 2.9161976245546177, "avg_queue_size": 2.1565656565656566, "server_freq": 0.9867120406327939}, "server2": {"avg_delay": 2.3545151195529277, "avg_queue_size": 0.27764127764127766, "server_freq": 0.4068812568769475}}