{"server1": {"avg_delay": 3.1269537945421266, "avg_queue_size": 2.6104761904761906, "server_freq": 1.0466043797494846}, "server2": {"avg_delay": 2.3155142557657387, "avg_queue_size": 0.3392461197339246, "server_freq": 0.4508295847822517}}