{"server1": {"avg_delay": 3.1721563778531245, "avg_queue_size": 2.5935672514619883, "server_freq": 1.0219324862964372}, "server2": {"avg_delay": 1.847256119732199, "avg_queue_size": 0.27403846153846156, "server_freq": 0.41397265100462327}}