{"server1": {"avg_delay": 2.9019532682568707, "avg_queue_size": 2.313008130081301, "server_freq": 0.982866725214626}, "server2": {"avg_delay": 2.3018422808814316, "avg_queue_size": 0.3164251207729469, "server_freq": 0.41294400560899347}}