{"server1": {"avg_delay": 2.7512132450141182, "avg_queue_size": 2.1363636363636362, "server_freq": 1.0107847281654827}, "server2": {"avg_delay": 1.8646349286781427, "avg_queue_size": 0.24644549763033174, "server_freq": 0.42149323644845227}}