{"server1": {"avg_delay": 3.30063925308347, "avg_queue_size": 2.828379674017258, "server_freq": 1.0425643821595167}, "server2": {"avg_delay": 2.122375830116108, "avg_queue_size": 0.34651162790697676, "server_freq": 0.42982040683470013}}