{"server1": {"avg_delay": 3.067446506494918, "avg_queue_size": 2.3462301587301586, "server_freq": 1.0068604683236313}, "server2": {"avg_delay": 2.1179822306340403, "avg_queue_size": 0.41555555555555557, "server_freq": 0.44993764721512813}}