{"server1": {"avg_delay": 3.046392620387571, "avg_queue_size": 2.5911282545805205, "server_freq": 1.0269326571687385}, "server2": {"avg_delay": 1.8663510997949786, "avg_queue_size": 0.2786516853932584, "server_freq": 0.44497082029219925}}