{"server1": {"avg_delay": 4.645051764010614, "avg_queue_size": 3.8276209677419355, "server_freq": 0.986834427452721}, "server2": {"avg_delay": 2.0661588042133596, "avg_queue_size": 0.291044776119403, "server_freq": 0.4019325631570353}}