{"server1": {"avg_delay": 3.8343647486745285, "avg_queue_size": 3.399436090225564, "server_freq": 1.0628961621328485}, "server2": {"avg_delay": 2.118201093626015, "avg_queue_size": 0.3378076062639821, "server_freq": 0.4465362636028038}}