{"server1": {"avg_delay": 2.802181862887183, "avg_queue_size": 1.966597077244259, "server_freq": 0.9578241171864634}, "server2": {"avg_delay": 2.1281651270031667, "avg_queue_size": 0.2641509433962264, "server_freq": 0.4239221562495412}}