{"server1": {"avg_delay": 2.710676645504512, "avg_queue_size": 2.007897334649556, "server_freq": 1.0076915978093601}, "server2": {"avg_delay": 2.126419090633834, "avg_queue_size": 0.2716627634660422, "server_freq": 0.4268693574053539}}