{"server1": {"avg_delay": 2.3785041691186506, "avg_queue_size": 1.7165437302423603, "server_freq": 0.9467844288207979}, "server2": {"avg_delay": 2.054199227038524, "avg_queue_size": 0.3773148148148148, "server_freq": 0.43090188893533676}}