{"server1": {"avg_delay": 2.5196635102691576, "avg_queue_size": 1.8248704663212436, "server_freq": 0.9637980762006026}, "server2": {"avg_delay": 1.8921724650898168, "avg_queue_size": 0.29069767441860467, "server_freq": 0.42990993025545554}}