{"server1": {"avg_delay": 3.9145653852396487, "avg_queue_size": 3.1577380952380953, "server_freq": 1.007364150587732}, "server2": {"avg_delay": 2.6104045082289757, "avg_queue_size": 0.42494226327944573, "server_freq": 0.4327268623060397}}