{"server1": {"avg_delay": 2.9886367385117443, "avg_queue_size": 2.4026717557251906, "server_freq": 1.0454971841834177}, "server2": {"avg_delay": 3.0399336383477493, "avg_queue_size": 0.5091743119266054, "server_freq": 0.434790893995972}}