{"server1": {"avg_delay": 2.7372018393937605, "avg_queue_size": 2.024950099800399, "server_freq": 1.0008628652224274}, "server2": {"avg_delay": 2.092832871938515, "avg_queue_size": 0.28929384965831434, "server_freq": 0.4369401319702305}}