{"server1": {"avg_delay": 2.6008583328174133, "avg_queue_size": 1.723296032553408, "server_freq": 0.9767565826775807}, "server2": {"avg_delay": 2.0589173923632544, "avg_queue_size": 0.2988505747126437, "server_freq": 0.4348916207418092}}