{"server1": {"avg_delay": 2.582748772510336, "avg_queue_size": 2.0201207243460764, "server_freq": 0.9922792896421018}, "server2": {"avg_delay": 1.6872188231861358, "avg_queue_size": 0.27358490566037735, "server_freq": 0.42369226466087734}}