{"server1": {"avg_delay": 3.428072557559181, "avg_queue_size": 2.954724409448819, "server_freq": 1.0148004564960371}, "server2": {"avg_delay": 2.1772494160740457, "avg_queue_size": 0.336322869955157, "server_freq": 0.4454734287374336}}