{"server1": {"avg_delay": 3.694835239209653, "avg_queue_size": 2.7534930139720557, "server_freq": 1.000885677111395}, "server2": {"avg_delay": 2.396338478366935, "avg_queue_size": 0.4133949191685912, "server_freq": 0.43295054764159246}}