{"server1": {"avg_delay": 2.5539130805605312, "avg_queue_size": 1.8691308691308692, "server_freq": 0.9984874369301135}, "server2": {"avg_delay": 2.294862127028819, "avg_queue_size": 0.3587962962962963, "server_freq": 0.43177835110491397}}