{"server1": {"avg_delay": 2.9090498811193393, "avg_queue_size": 2.209562563580875, "server_freq": 0.9723045210891738}, "server2": {"avg_delay": 2.106056004176327, "avg_queue_size": 0.2997658079625293, "server_freq": 0.42625670483067474}}