{"server1": {"avg_delay": 2.8832359190496737, "avg_queue_size": 1.9978969505783386, "server_freq": 0.9459607061685285}, "server2": {"avg_delay": 2.194898658795666, "avg_queue_size": 0.3182897862232779, "server_freq": 0.42098251299889056}}