{"server1": {"avg_delay": 2.42390568397767, "avg_queue_size": 1.7694581280788177, "server_freq": 1.0115674302447213}, "server2": {"avg_delay": 2.079884114321548, "avg_queue_size": 0.3141592920353982, "server_freq": 0.4518067969077214}}