{"server1": {"avg_delay": 2.8223890496818274, "avg_queue_size": 1.8610526315789473, "server_freq": 0.945903329742585}, "server2": {"avg_delay": 1.8082621386346118, "avg_queue_size": 0.30465116279069765, "server_freq": 0.42995605897390227}}