{"server1": {"avg_delay": 4.805949462248187, "avg_queue_size": 4.199421965317919, "server_freq": 1.0368317811088859}, "server2": {"avg_delay": 1.8940390533476013, "avg_queue_size": 0.32339449541284404, "server_freq": 0.43592927344597326}}