{"server1": {"avg_delay": 2.6036083611683063, "avg_queue_size": 1.9293032786885247, "server_freq": 0.9748605997140156}, "server2": {"avg_delay": 1.9782541615245763, "avg_queue_size": 0.3113207547169811, "server_freq": 0.4239393787474283}}