{"server1": {"avg_delay": 2.4078323067045866, "avg_queue_size": 1.7450157397691501, "server_freq": 0.9529646944805157}, "server2": {"avg_delay": 2.8011259413694845, "avg_queue_size": 0.3574766355140187, "server_freq": 0.42798414400593987}}