{"server1": {"avg_delay": 2.9639099884639513, "avg_queue_size": 2.2226600985221676, "server_freq": 1.014451250891461}, "server2": {"avg_delay": 2.305768316047063, "avg_queue_size": 0.39828693790149894, "server_freq": 0.46474860262515205}}