{"server1": {"avg_delay": 3.1325497639587834, "avg_queue_size": 2.470528455284553, "server_freq": 0.9824111069591951}, "server2": {"avg_delay": 1.9315892441191158, "avg_queue_size": 0.29333333333333333, "server_freq": 0.44873101426722134}}