{"server1": {"avg_delay": 3.481877566809959, "avg_queue_size": 2.731075697211155, "server_freq": 0.9997777114298171}, "server2": {"avg_delay": 2.0890651201758996, "avg_queue_size": 0.35777777777777775, "server_freq": 0.4498999701434177}}