{"server1": {"avg_delay": 2.9458134905210964, "avg_queue_size": 2.286282306163022, "server_freq": 1.0039244753637577}, "server2": {"avg_delay": 2.1496535072915224, "avg_queue_size": 0.3462414578587699, "server_freq": 0.4380942790106259}}