{"server1": {"avg_delay": 3.4006325298859026, "avg_queue_size": 2.61439842209073, "server_freq": 1.0137662402850267}, "server2": {"avg_delay": 2.1878826038655714, "avg_queue_size": 0.36830357142857145, "server_freq": 0.44789672154604726}}