{"server1": {"avg_delay": 2.2719800122216736, "avg_queue_size": 1.5845665961945032, "server_freq": 0.9409437963486373}, "server2": {"avg_delay": 2.6206712534913095, "avg_queue_size": 0.3793911007025761, "server_freq": 0.42697449632398315}}