{"server1": {"avg_delay": 3.591265296831615, "avg_queue_size": 2.942528735632184, "server_freq": 1.041945632068457}, "server2": {"avg_delay": 2.0364352043388902, "avg_queue_size": 0.31724137931034485, "server_freq": 0.4349773032147589}}