{"server1": {"avg_delay": 2.4617137611653304, "avg_queue_size": 1.6569037656903767, "server_freq": 0.9522425369250216}, "server2": {"avg_delay": 2.5196494055294663, "avg_queue_size": 0.39675174013921116, "server_freq": 0.4306574327541283}}