{"server1": {"avg_delay": 2.8504723578197058, "avg_queue_size": 2.1346153846153846, "server_freq": 0.9878650977959246}, "server2": {"avg_delay": 1.8707586428011551, "avg_queue_size": 0.32397408207343414, "server_freq": 0.46293678165942614}}