{"server1": {"avg_delay": 2.7251263951151135, "avg_queue_size": 1.9219066937119675, "server_freq": 0.9849830951762387}, "server2": {"avg_delay": 2.167541623723402, "avg_queue_size": 0.342042755344418, "server_freq": 0.4209927746895396}}