{"server1": {"avg_delay": 3.2397917255900373, "avg_queue_size": 2.6517943743937926, "server_freq": 1.0306734918492189}, "server2": {"avg_delay": 2.127020282467959, "avg_queue_size": 0.38588235294117645, "server_freq": 0.42186635650860366}}