{"server1": {"avg_delay": 2.664856718171476, "avg_queue_size": 2.1770524233432247, "server_freq": 1.0077624150380322}, "server2": {"avg_delay": 1.953246565771564, "avg_queue_size": 0.26376146788990823, "server_freq": 0.4358972350759742}}