{"server1": {"avg_delay": 4.273750751538836, "avg_queue_size": 3.456400742115028, "server_freq": 1.0767523815184794}, "server2": {"avg_delay": 2.132866302025641, "avg_queue_size": 0.34851936218678814, "server_freq": 0.4388990673041898}}