{"server1": {"avg_delay": 2.292132022217672, "avg_queue_size": 1.4668838219326819, "server_freq": 0.9199103402295491}, "server2": {"avg_delay": 2.23897196150072, "avg_queue_size": 0.32558139534883723, "server_freq": 0.4299580938029414}}