{"server1": {"avg_delay": 3.144180901625358, "avg_queue_size": 2.3168214654282764, "server_freq": 0.9677818404519244}, "server2": {"avg_delay": 2.1647870915359717, "avg_queue_size": 0.2796208530805687, "server_freq": 0.42146949088824776}}