{"server1": {"avg_delay": 2.7571034851360445, "avg_queue_size": 2.119023397761953, "server_freq": 0.9826040291208026}, "server2": {"avg_delay": 2.7159113680532903, "avg_queue_size": 0.3940774487471526, "server_freq": 0.43782356536613587}}