{"server1": {"avg_delay": 2.172514994189495, "avg_queue_size": 1.5025906735751295, "server_freq": 0.9647836912881457}, "server2": {"avg_delay": 1.9231238586496229, "avg_queue_size": 0.2219679633867277, "server_freq": 0.43590226880998084}}