{"server1": {"avg_delay": 3.223221711680643, "avg_queue_size": 2.5928934010152282, "server_freq": 0.9849459144449043}, "server2": {"avg_delay": 2.1918410867080174, "avg_queue_size": 0.38902147971360385, "server_freq": 0.41897699304813696}}