{"server1": {"avg_delay": 3.3432705532995883, "avg_queue_size": 2.5414480587618047, "server_freq": 0.9528451402630814}, "server2": {"avg_delay": 2.087040825263068, "avg_queue_size": 0.2584541062801932, "server_freq": 0.4139327262003313}}