{"server1": {"avg_delay": 2.716659364950335, "avg_queue_size": 2.2572815533980584, "server_freq": 1.0285641088982473}, "server2": {"avg_delay": 2.1202925340573415, "avg_queue_size": 0.44366197183098594, "server_freq": 0.4248199672320263}}