{"server1": {"avg_delay": 3.1698705147685824, "avg_queue_size": 2.563310069790628, "server_freq": 0.9979606189908565}, "server2": {"avg_delay": 1.8403065052269763, "avg_queue_size": 0.32158590308370044, "server_freq": 0.45352764867051937}}