{"server1": {"avg_delay": 2.579368453416026, "avg_queue_size": 1.7814096016343208, "server_freq": 0.9789623100050613}, "server2": {"avg_delay": 2.106371129871039, "avg_queue_size": 0.3418013856812933, "server_freq": 0.43298333016567064}}