{"server1": {"avg_delay": 2.7330702831951577, "avg_queue_size": 1.8674948240165632, "server_freq": 0.9639481160368825}, "server2": {"avg_delay": 1.8939430198766858, "avg_queue_size": 0.2646370023419204, "server_freq": 0.42697701820305894}}