{"server1": {"avg_delay": 3.329193676046106, "avg_queue_size": 2.6464250734573946, "server_freq": 1.0177117424389015}, "server2": {"avg_delay": 1.8000423572616093, "avg_queue_size": 0.24759615384615385, "server_freq": 0.4148824883223419}}