{"server1": {"avg_delay": 4.179675601400686, "avg_queue_size": 3.3822042467138522, "server_freq": 0.986503805655172}, "server2": {"avg_delay": 1.9488328538216215, "avg_queue_size": 0.29411764705882354, "server_freq": 0.44077829614380026}}