{"server1": {"avg_delay": 2.9343457496104617, "avg_queue_size": 2.3531157270029674, "server_freq": 1.0066467510199637}, "server2": {"avg_delay": 2.4204114200058764, "avg_queue_size": 0.2966292134831461, "server_freq": 0.4438442477188321}}