{"server1": {"avg_delay": 2.723537716172927, "avg_queue_size": 1.9898989898989898, "server_freq": 0.984620980063583}, "server2": {"avg_delay": 2.25992647003103, "avg_queue_size": 0.375, "server_freq": 0.4558245349329887}}