{"server1": {"avg_delay": 3.8108860063341616, "avg_queue_size": 3.344892221180881, "server_freq": 1.06584963580158}, "server2": {"avg_delay": 1.936340027225608, "avg_queue_size": 0.27111111111111114, "server_freq": 0.4499365254321867}}