{"server1": {"avg_delay": 2.825160502961154, "avg_queue_size": 2.1983967935871744, "server_freq": 0.9979644912282204}, "server2": {"avg_delay": 2.2235269869995364, "avg_queue_size": 0.39618138424821003, "server_freq": 0.4169851631685049}}