{"server1": {"avg_delay": 2.861245684813892, "avg_queue_size": 2.511342155009452, "server_freq": 1.0566680614399533}, "server2": {"avg_delay": 2.3956051710842217, "avg_queue_size": 0.4298245614035088, "server_freq": 0.4558567985020044}}