{"server1": {"avg_delay": 4.754727358987686, "avg_queue_size": 4.289841565703635, "server_freq": 1.0639604019713833}, "server2": {"avg_delay": 2.006317591752983, "avg_queue_size": 0.2962962962962963, "server_freq": 0.42998399703730716}}