{"server1": {"avg_delay": 3.5837188971788225, "avg_queue_size": 2.593814432989691, "server_freq": 0.9689778415257367}, "server2": {"avg_delay": 2.15805166470591, "avg_queue_size": 0.3664302600472813, "server_freq": 0.42299032710566214}}