{"server1": {"avg_delay": 2.6239681339419536, "avg_queue_size": 1.91983556012333, "server_freq": 0.97275615960429}, "server2": {"avg_delay": 2.027756915682207, "avg_queue_size": 0.3277511961722488, "server_freq": 0.41689549697326717}}