{"server1": {"avg_delay": 2.72891449350263, "avg_queue_size": 1.9742798353909465, "server_freq": 0.9717327689704262}, "server2": {"avg_delay": 2.0951514057326506, "avg_queue_size": 0.29205607476635514, "server_freq": 0.42688260529873656}}