{"server1": {"avg_delay": 2.4295329692195744, "avg_queue_size": 1.6876907426246186, "server_freq": 0.9824323410151257}, "server2": {"avg_delay": 1.7847526244688352, "avg_queue_size": 0.2646370023419204, "server_freq": 0.4257539951906852}}