{"server1": {"avg_delay": 3.0897098113601817, "avg_queue_size": 2.6399235912129897, "server_freq": 1.0387365786630838}, "server2": {"avg_delay": 2.48518906200752, "avg_queue_size": 0.3556085918854415, "server_freq": 0.41889376945123397}}