{"server1": {"avg_delay": 2.5229574732405844, "avg_queue_size": 1.9544994944388272, "server_freq": 0.9875433058303595}, "server2": {"avg_delay": 1.837814614191164, "avg_queue_size": 0.30385487528344673, "server_freq": 0.4397966139325488}}