{"server1": {"avg_delay": 3.2066718013251547, "avg_queue_size": 2.5435406698564593, "server_freq": 1.0448831702908878}, "server2": {"avg_delay": 2.0983947085153543, "avg_queue_size": 0.3341176470588235, "server_freq": 0.4239525973237669}}