{"server1": {"avg_delay": 3.9612136348815428, "avg_queue_size": 3.2032193158953723, "server_freq": 0.9933411427622753}, "server2": {"avg_delay": 2.295625459350166, "avg_queue_size": 0.2766990291262136, "server_freq": 0.4117269122918083}}