{"server1": {"avg_delay": 2.6017699305646698, "avg_queue_size": 1.9280575539568345, "server_freq": 0.9709342686717536}, "server2": {"avg_delay": 1.8945629851258254, "avg_queue_size": 0.271889400921659, "server_freq": 0.432970688295437}}