{"server1": {"avg_delay": 3.2650836524956697, "avg_queue_size": 2.525252525252525, "server_freq": 0.9887160508632534}, "server2": {"avg_delay": 1.906735679381565, "avg_queue_size": 0.21904761904761905, "server_freq": 0.41987941492676084}}