{"server1": {"avg_delay": 2.905111902897287, "avg_queue_size": 2.3914767096134786, "server_freq": 1.0079094503606059}, "server2": {"avg_delay": 1.6442277240224976, "avg_queue_size": 0.2695035460992908, "server_freq": 0.42196209132160284}}