{"server1": {"avg_delay": 2.736821524125719, "avg_queue_size": 2.0765456329735033, "server_freq": 1.0187216668233907}, "server2": {"avg_delay": 2.0283818299266905, "avg_queue_size": 0.2847222222222222, "server_freq": 0.4308822751726019}}