{"server1": {"avg_delay": 3.4668895646542497, "avg_queue_size": 2.7106045589692767, "server_freq": 1.0089548810969287}, "server2": {"avg_delay": 2.1651697611577494, "avg_queue_size": 0.2529274004683841, "server_freq": 0.42698090607372496}}