{"server1": {"avg_delay": 2.557162593644701, "avg_queue_size": 1.7436932391523714, "server_freq": 0.9894893592804372}, "server2": {"avg_delay": 2.2858324753926333, "avg_queue_size": 0.3371824480369515, "server_freq": 0.4307776907574429}}