{"server1": {"avg_delay": 3.011422344255259, "avg_queue_size": 2.1643690349946976, "server_freq": 0.9347761772919283}, "server2": {"avg_delay": 2.031387358420069, "avg_queue_size": 0.2225, "server_freq": 0.3999042469698089}}