{"server1": {"avg_delay": 3.0243612016060117, "avg_queue_size": 2.3175675675675675, "server_freq": 1.0288902954061134}, "server2": {"avg_delay": 2.0288636075597304, "avg_queue_size": 0.29603729603729606, "server_freq": 0.42853780264973074}}