{"server1": {"avg_delay": 2.6966103385653035, "avg_queue_size": 2.1090373280943027, "server_freq": 1.017998622922251}, "server2": {"avg_delay": 2.525400047359501, "avg_queue_size": 0.34834123222748814, "server_freq": 0.4189994332067026}}