{"server1": {"avg_delay": 3.1411557224390556, "avg_queue_size": 2.4294354838709675, "server_freq": 0.9908142843154597}, "server2": {"avg_delay": 1.9689691606467543, "avg_queue_size": 0.25609756097560976, "server_freq": 0.40892335245713723}}