{"server1": {"avg_delay": 3.2814901478127005, "avg_queue_size": 2.5075528700906347, "server_freq": 0.992651867269875}, "server2": {"avg_delay": 2.478052063447238, "avg_queue_size": 0.4315068493150685, "server_freq": 0.43784644296496}}