{"server1": {"avg_delay": 4.704616259430288, "avg_queue_size": 3.43756345177665, "server_freq": 0.9848469202007867}, "server2": {"avg_delay": 1.813920887896064, "avg_queue_size": 0.23002421307506055, "server_freq": 0.41193597068296867}}