{"server1": {"avg_delay": 3.7614350918263333, "avg_queue_size": 3.001930501930502, "server_freq": 1.0355441732422863}, "server2": {"avg_delay": 2.085713275419506, "avg_queue_size": 0.31473214285714285, "server_freq": 0.4468033257136119}}