{"server1": {"avg_delay": 2.461277200904516, "avg_queue_size": 1.9635467980295567, "server_freq": 1.0134552927336233}, "server2": {"avg_delay": 1.6435534775044696, "avg_queue_size": 0.2727272727272727, "server_freq": 0.4393303732047234}}