{"server1": {"avg_delay": 3.0499491875923033, "avg_queue_size": 2.4828282828282826, "server_freq": 0.9848408290476514}, "server2": {"avg_delay": 1.7648618283695872, "avg_queue_size": 0.2934272300469484, "server_freq": 0.42393148377279616}}