{"server1": {"avg_delay": 2.871260710015911, "avg_queue_size": 2.423264907135875, "server_freq": 1.0058703132313986}, "server2": {"avg_delay": 1.8862725060410608, "avg_queue_size": 0.3080357142857143, "server_freq": 0.44749741839887447}}