{"server1": {"avg_delay": 2.9123796799600234, "avg_queue_size": 2.3273986152324433, "server_freq": 1.0091225792320409}, "server2": {"avg_delay": 2.797827221809126, "avg_queue_size": 0.4429223744292237, "server_freq": 0.43761949475607315}}