{"server1": {"avg_delay": 2.6000533344761383, "avg_queue_size": 2.0407960199004975, "server_freq": 1.001699126526006}, "server2": {"avg_delay": 2.167376030504068, "avg_queue_size": 0.2857142857142857, "server_freq": 0.44086757963869133}}