{"server1": {"avg_delay": 3.759260294208635, "avg_queue_size": 3.172032193158954, "server_freq": 0.9907526996758819}, "server2": {"avg_delay": 2.091476881276067, "avg_queue_size": 0.30679156908665106, "server_freq": 0.4268934437554001}}