{"server1": {"avg_delay": 2.512503960853037, "avg_queue_size": 1.854854854854855, "server_freq": 0.997631077251446}, "server2": {"avg_delay": 1.5004578482226743, "avg_queue_size": 0.22276029055690072, "server_freq": 0.41084806888812053}}