{"server1": {"avg_delay": 3.048542740754453, "avg_queue_size": 2.470993117010816, "server_freq": 1.0064420445938378}, "server2": {"avg_delay": 1.848996558373073, "avg_queue_size": 0.25727069351230425, "server_freq": 0.4457528817168338}}