{"server1": {"avg_delay": 2.16869637877985, "avg_queue_size": 1.6275659824046922, "server_freq": 1.0228813782541644}, "server2": {"avg_delay": 1.8749529728998804, "avg_queue_size": 0.2867132867132867, "server_freq": 0.4289502553969076}}