{"server1": {"avg_delay": 3.6334560665856457, "avg_queue_size": 2.995187680461983, "server_freq": 1.0388324221016059}, "server2": {"avg_delay": 2.0734990520183456, "avg_queue_size": 0.29024943310657597, "server_freq": 0.4409288721335979}}