{"server1": {"avg_delay": 3.594335706334769, "avg_queue_size": 2.9072781655034894, "server_freq": 1.0009841326729478}, "server2": {"avg_delay": 2.1879892171228654, "avg_queue_size": 0.32207207207207206, "server_freq": 0.44199299364779515}}