{"server1": {"avg_delay": 3.0133181184150923, "avg_queue_size": 2.332998996990973, "server_freq": 0.9969989730875853}, "server2": {"avg_delay": 2.260578229293646, "avg_queue_size": 0.39770114942528734, "server_freq": 0.4339995529789489}}