{"server1": {"avg_delay": 2.366628331844078, "avg_queue_size": 1.823992133726647, "server_freq": 1.0157788738811804}, "server2": {"avg_delay": 1.8540764951770834, "avg_queue_size": 0.2534883720930233, "server_freq": 0.42990641315837363}}