{"server1": {"avg_delay": 2.969315565604771, "avg_queue_size": 2.4208456243854473, "server_freq": 1.016983630189271}, "server2": {"avg_delay": 2.4541327270248208, "avg_queue_size": 0.3936651583710407, "server_freq": 0.43999291768267373}}