{"server1": {"avg_delay": 2.4976302592501267, "avg_queue_size": 1.8889970788704966, "server_freq": 1.0264323975479983}, "server2": {"avg_delay": 2.48941661819479, "avg_queue_size": 0.40232558139534885, "server_freq": 0.42976234756147935}}