{"server1": {"avg_delay": 3.151045528647411, "avg_queue_size": 2.596622889305816, "server_freq": 1.0638833996092252}, "server2": {"avg_delay": 1.9884383228982077, "avg_queue_size": 0.3492063492063492, "server_freq": 0.44095167220645515}}