{"server1": {"avg_delay": 3.300833285456209, "avg_queue_size": 2.5603960396039604, "server_freq": 1.0089837466838896}, "server2": {"avg_delay": 1.788101609693515, "avg_queue_size": 0.22327790973871733, "server_freq": 0.42099321838842174}}