{"server1": {"avg_delay": 3.7189406446427373, "avg_queue_size": 2.885973763874874, "server_freq": 0.9899294680624697}, "server2": {"avg_delay": 1.9556716338058242, "avg_queue_size": 0.24651162790697675, "server_freq": 0.42996936491602217}}