{"server1": {"avg_delay": 3.2777734085061323, "avg_queue_size": 2.4841675178753833, "server_freq": 0.9749770968376308}, "server2": {"avg_delay": 1.7418589499437882, "avg_queue_size": 0.26218097447795824, "server_freq": 0.4309898756277116}}