{"server1": {"avg_delay": 2.6206518132886623, "avg_queue_size": 1.95748987854251, "server_freq": 0.986773790630963}, "server2": {"avg_delay": 2.231674178332007, "avg_queue_size": 0.3436123348017621, "server_freq": 0.45343653941949114}}