{"server1": {"avg_delay": 2.482340883820667, "avg_queue_size": 1.7730061349693251, "server_freq": 0.9773646015367655}, "server2": {"avg_delay": 2.306923862694852, "avg_queue_size": 0.3675799086757991, "server_freq": 0.4377154350440729}}