{"server1": {"avg_delay": 2.8117828998107544, "avg_queue_size": 1.7876857749469215, "server_freq": 0.9404582186825986}, "server2": {"avg_delay": 1.9202227180891562, "avg_queue_size": 0.2626728110599078, "server_freq": 0.433750124238308}}