{"server1": {"avg_delay": 2.6791026971280765, "avg_queue_size": 1.9078947368421053, "server_freq": 0.9855391275405689}, "server2": {"avg_delay": 2.2316712969523747, "avg_queue_size": 0.3082039911308204, "server_freq": 0.45078919525435757}}