{"server1": {"avg_delay": 4.063131030932473, "avg_queue_size": 3.062749003984064, "server_freq": 1.000699642689022}, "server2": {"avg_delay": 1.6994763416046483, "avg_queue_size": 0.22505800464037123, "server_freq": 0.4298709753808986}}