{"server1": {"avg_delay": 3.338596709864609, "avg_queue_size": 2.636627906976744, "server_freq": 1.0277143093281336}, "server2": {"avg_delay": 2.231957534047448, "avg_queue_size": 0.3574766355140187, "server_freq": 0.42746523264571545}}