{"server1": {"avg_delay": 3.251455186797134, "avg_queue_size": 2.2620041753653446, "server_freq": 0.9569483693671894}, "server2": {"avg_delay": 1.9508132180575817, "avg_queue_size": 0.3036144578313253, "server_freq": 0.4145444397571854}}