{"server1": {"avg_delay": 2.7735716311410976, "avg_queue_size": 1.9959919839679359, "server_freq": 0.9959378170411103}, "server2": {"avg_delay": 2.1450309753424084, "avg_queue_size": 0.3242630385487528, "server_freq": 0.4399725296165547}}