{"server1": {"avg_delay": 3.0777118489032453, "avg_queue_size": 2.2829614604462476, "server_freq": 0.9847101315349346}, "server2": {"avg_delay": 1.5716347866407618, "avg_queue_size": 0.23162583518930957, "server_freq": 0.4488678670651631}}