{"server1": {"avg_delay": 2.7235529818090245, "avg_queue_size": 2.2434343434343433, "server_freq": 0.9755678953696535}, "server2": {"avg_delay": 2.0357867796479194, "avg_queue_size": 0.3018867924528302, "server_freq": 0.4218131678749936}}