{"server1": {"avg_delay": 4.597039036990504, "avg_queue_size": 4.1351606805293, "server_freq": 1.0538562925544939}, "server2": {"avg_delay": 2.273963871489614, "avg_queue_size": 0.35570469798657717, "server_freq": 0.4449393265528935}}