{"server1": {"avg_delay": 2.6152884377339918, "avg_queue_size": 2.0833333333333335, "server_freq": 1.0249758560313667}, "server2": {"avg_delay": 1.9187052991573366, "avg_queue_size": 0.30385487528344673, "server_freq": 0.43956079595887065}}