{"server1": {"avg_delay": 2.4305685154313963, "avg_queue_size": 1.7011033099297894, "server_freq": 0.9939976380905262}, "server2": {"avg_delay": 1.7712136274263715, "avg_queue_size": 0.25882352941176473, "server_freq": 0.4239989925054156}}