{"server1": {"avg_delay": 3.6584118804991164, "avg_queue_size": 3.2176015473887816, "server_freq": 1.0236458354997644}, "server2": {"avg_delay": 2.04082038176068, "avg_queue_size": 0.2840646651270208, "server_freq": 0.43285024098769337}}