{"server1": {"avg_delay": 3.1087180934874272, "avg_queue_size": 2.3431472081218274, "server_freq": 0.9788207388751161}, "server2": {"avg_delay": 2.374649108120528, "avg_queue_size": 0.4009111617312073, "server_freq": 0.4379197994150162}}