{"server1": {"avg_delay": 2.564742174009426, "avg_queue_size": 1.7846638655462186, "server_freq": 0.9496832914679273}, "server2": {"avg_delay": 2.0989590764913704, "avg_queue_size": 0.335632183908046, "server_freq": 0.4348549808300509}}