{"server1": {"avg_delay": 3.153145582735653, "avg_queue_size": 2.2852697095435683, "server_freq": 0.9578182041826849}, "server2": {"avg_delay": 1.7590224685260534, "avg_queue_size": 0.25925925925925924, "server_freq": 0.4309182108588071}}