{"server1": {"avg_delay": 2.877762588417689, "avg_queue_size": 2.14974358974359, "server_freq": 0.973957104099955}, "server2": {"avg_delay": 1.8046173330210198, "avg_queue_size": 0.2669902912621359, "server_freq": 0.41198185512236285}}