{"server1": {"avg_delay": 2.749331013684571, "avg_queue_size": 2.221449851042701, "server_freq": 1.0044048473375435}, "server2": {"avg_delay": 2.2569964064437884, "avg_queue_size": 0.31666666666666665, "server_freq": 0.41875187167605044}}