{"server1": {"avg_delay": 2.6676541925616495, "avg_queue_size": 1.9930624380574826, "server_freq": 1.0088565262251137}, "server2": {"avg_delay": 1.5834898348447235, "avg_queue_size": 0.2585034013605442, "server_freq": 0.4399374346274034}}