{"server1": {"avg_delay": 3.102797253379761, "avg_queue_size": 2.330964467005076, "server_freq": 0.9848047217179327}, "server2": {"avg_delay": 2.1763011894910256, "avg_queue_size": 0.31990521327014215, "server_freq": 0.41991673413353475}}