{"server1": {"avg_delay": 2.630544863355616, "avg_queue_size": 2.038038038038038, "server_freq": 0.9945227870916173}, "server2": {"avg_delay": 1.9390053647956123, "avg_queue_size": 0.36160714285714285, "server_freq": 0.447785134288487}}