{"server1": {"avg_delay": 2.5791223323704537, "avg_queue_size": 2.017763845350052, "server_freq": 0.9425403308186348}, "server2": {"avg_delay": 2.164395321998731, "avg_queue_size": 0.3296943231441048, "server_freq": 0.45777674603916724}}