{"server1": {"avg_delay": 3.071338698950282, "avg_queue_size": 2.37374749498998, "server_freq": 0.9959151606701658}, "server2": {"avg_delay": 2.2062231174806795, "avg_queue_size": 0.3303964757709251, "server_freq": 0.4529614134373345}}