{"server1": {"avg_delay": 2.9463050613909894, "avg_queue_size": 2.3520710059171597, "server_freq": 1.0138648200902753}, "server2": {"avg_delay": 1.7826628687785782, "avg_queue_size": 0.26555023923444976, "server_freq": 0.4159445415754976}}