{"server1": {"avg_delay": 3.1769963754777844, "avg_queue_size": 2.5315227934044615, "server_freq": 1.0308038681794023}, "server2": {"avg_delay": 2.323322887371773, "avg_queue_size": 0.3876146788990826, "server_freq": 0.4359170577363913}}