{"server1": {"avg_delay": 2.634127877579848, "avg_queue_size": 1.8213166144200628, "server_freq": 0.9557083367297937}, "server2": {"avg_delay": 1.7816136381169707, "avg_queue_size": 0.3215962441314554, "server_freq": 0.42587003289423864}}