{"server1": {"avg_delay": 2.629406198274078, "avg_queue_size": 1.8461538461538463, "server_freq": 0.9729419694578516}, "server2": {"avg_delay": 2.021026080801028, "avg_queue_size": 0.2585812356979405, "server_freq": 0.4369739369507515}}