{"server1": {"avg_delay": 2.4701303068928415, "avg_queue_size": 1.8114169215086646, "server_freq": 0.9799152154589313}, "server2": {"avg_delay": 2.2316495474938853, "avg_queue_size": 0.37100213219616207, "server_freq": 0.46895942454106}}