{"server1": {"avg_delay": 2.9807064485658112, "avg_queue_size": 2.4768928220255653, "server_freq": 1.0109302611643571}, "server2": {"avg_delay": 1.6232773716505429, "avg_queue_size": 0.23201856148491878, "server_freq": 0.42997033857633393}}