{"server1": {"avg_delay": 2.754613221725198, "avg_queue_size": 2.0786516853932584, "server_freq": 0.9709323053931181}, "server2": {"avg_delay": 1.848378774873296, "avg_queue_size": 0.28442437923250563, "server_freq": 0.4429691156427923}}