{"server1": {"avg_delay": 3.240723313943178, "avg_queue_size": 2.355828220858896, "server_freq": 0.9729377261375601}, "server2": {"avg_delay": 2.2654704845519977, "avg_queue_size": 0.3586698337292161, "server_freq": 0.420973055194155}}