{"server1": {"avg_delay": 2.4292448081167075, "avg_queue_size": 1.6423432682425487, "server_freq": 0.9716089781613227}, "server2": {"avg_delay": 2.1287737963993023, "avg_queue_size": 0.3738532110091743, "server_freq": 0.43537668497259685}}