{"server1": {"avg_delay": 2.7872951185427293, "avg_queue_size": 1.7955801104972375, "server_freq": 0.9049021064253796}, "server2": {"avg_delay": 2.323498940949776, "avg_queue_size": 0.361244019138756, "server_freq": 0.41795478506719186}}