{"server1": {"avg_delay": 3.114312219334703, "avg_queue_size": 2.162839248434238, "server_freq": 0.9558044717550044}, "server2": {"avg_delay": 1.9117850282259676, "avg_queue_size": 0.2576112412177986, "server_freq": 0.42591287130505423}}