{"server1": {"avg_delay": 3.067934137474299, "avg_queue_size": 2.4343240651965483, "server_freq": 1.0369273295219672}, "server2": {"avg_delay": 2.0333484014680945, "avg_queue_size": 0.3182897862232779, "server_freq": 0.41997056740523264}}