{"server1": {"avg_delay": 3.0797699482279377, "avg_queue_size": 2.2784313725490195, "server_freq": 1.0165735616569747}, "server2": {"avg_delay": 1.8936201504531234, "avg_queue_size": 0.28211009174311924, "server_freq": 0.4358171808086932}}