{"server1": {"avg_delay": 2.8837656467277974, "avg_queue_size": 2.330426356589147, "server_freq": 1.0283508421462986}, "server2": {"avg_delay": 2.143564108584004, "avg_queue_size": 0.332541567695962, "server_freq": 0.41873566847356564}}