{"server1": {"avg_delay": 2.348585293111855, "avg_queue_size": 1.6536485097636178, "server_freq": 0.970868585706957}, "server2": {"avg_delay": 2.2404353359239457, "avg_queue_size": 0.40652173913043477, "server_freq": 0.45846572102828526}}