{"server1": {"avg_delay": 3.222455977884568, "avg_queue_size": 2.3686868686868685, "server_freq": 0.9882654899667672}, "server2": {"avg_delay": 1.5534512636645155, "avg_queue_size": 0.24113475177304963, "server_freq": 0.4226858465681927}}