{"server1": {"avg_delay": 3.6735920727920868, "avg_queue_size": 2.5373291272344902, "server_freq": 0.946789983071394}, "server2": {"avg_delay": 2.4002639882699666, "avg_queue_size": 0.4, "server_freq": 0.4299046385646245}}