{"server1": {"avg_delay": 3.547319271257238, "avg_queue_size": 2.5841170323928946, "server_freq": 0.9547102819084935}, "server2": {"avg_delay": 2.126352863755449, "avg_queue_size": 0.28, "server_freq": 0.42287167460449504}}