{"server1": {"avg_delay": 2.9654250764446366, "avg_queue_size": 2.5169082125603865, "server_freq": 1.0329443775706046}, "server2": {"avg_delay": 2.2148003151259146, "avg_queue_size": 0.35600907029478457, "server_freq": 0.43997630796811815}}