{"server1": {"avg_delay": 2.1985287350634315, "avg_queue_size": 1.4878306878306877, "server_freq": 0.9447938196724255}, "server2": {"avg_delay": 1.3383392874457305, "avg_queue_size": 0.17, "server_freq": 0.39991272790367216}}