{"server1": {"avg_delay": 2.705784545493707, "avg_queue_size": 1.9099190283400809, "server_freq": 0.985935612978588}, "server2": {"avg_delay": 2.3151714554369507, "avg_queue_size": 0.3960880195599022, "server_freq": 0.4089732917933494}}