{"server1": {"avg_delay": 3.672231307723043, "avg_queue_size": 3.146887159533074, "server_freq": 1.0177202094612676}, "server2": {"avg_delay": 1.7656778570899754, "avg_queue_size": 0.23325635103926096, "server_freq": 0.4318812676692216}}