{"server1": {"avg_delay": 4.1551284402420805, "avg_queue_size": 3.0755508919202517, "server_freq": 0.9493523064127459}, "server2": {"avg_delay": 2.7806885634973244, "avg_queue_size": 0.42053789731051344, "server_freq": 0.40872115086611904}}