{"server1": {"avg_delay": 2.717782980634185, "avg_queue_size": 2.051041666666667, "server_freq": 0.9589473481442304}, "server2": {"avg_delay": 1.9591001929704013, "avg_queue_size": 0.26433915211970077, "server_freq": 0.3999780388505654}}