{"server1": {"avg_delay": 2.799445327053037, "avg_queue_size": 1.9842053307008884, "server_freq": 1.0118700146372588}, "server2": {"avg_delay": 1.8071716023896651, "avg_queue_size": 0.2709832134292566, "server_freq": 0.41694643883768473}}