{"server1": {"avg_delay": 2.4383864267304243, "avg_queue_size": 1.771255060728745, "server_freq": 0.986553419056594}, "server2": {"avg_delay": 1.9438830002494156, "avg_queue_size": 0.31839622641509435, "server_freq": 0.42280860816711174}}