{"server1": {"avg_delay": 3.3555896803425718, "avg_queue_size": 2.6408243375858684, "server_freq": 1.0158348188750328}, "server2": {"avg_delay": 2.4495417627453664, "avg_queue_size": 0.3225806451612903, "server_freq": 0.432929602926072}}