{"server1": {"avg_delay": 2.94781226970573, "avg_queue_size": 2.3266733266733266, "server_freq": 1.0004554307340794}, "server2": {"avg_delay": 2.1149652040051885, "avg_queue_size": 0.3431151241534989, "server_freq": 0.4427589968183788}}