{"server1": {"avg_delay": 2.683477928731631, "avg_queue_size": 2.0161779575328613, "server_freq": 0.980487321290441}, "server2": {"avg_delay": 1.753682470109448, "avg_queue_size": 0.2132701421800948, "server_freq": 0.4217794593114843}}