{"server1": {"avg_delay": 3.4651756524015704, "avg_queue_size": 2.847555129434324, "server_freq": 1.0404214888940926}, "server2": {"avg_delay": 2.5405886637606288, "avg_queue_size": 0.35406698564593303, "server_freq": 0.41676826212184115}}