{"server1": {"avg_delay": 2.9596729000213267, "avg_queue_size": 2.2336065573770494, "server_freq": 0.9757585408302518}, "server2": {"avg_delay": 1.9196138691133156, "avg_queue_size": 0.24213075060532688, "server_freq": 0.41289782516689955}}