{"server1": {"avg_delay": 3.195414972450241, "avg_queue_size": 2.653426017874876, "server_freq": 1.0066112666802969}, "server2": {"avg_delay": 2.0370319310483316, "avg_queue_size": 0.2976190476190476, "server_freq": 0.41983786693716457}}