{"server1": {"avg_delay": 2.6628698898463905, "avg_queue_size": 1.9837232960325535, "server_freq": 0.9829236672667379}, "server2": {"avg_delay": 1.989256996996607, "avg_queue_size": 0.36511627906976746, "server_freq": 0.4279667645881626}}