{"server1": {"avg_delay": 2.7837601480000402, "avg_queue_size": 1.9271255060728745, "server_freq": 0.980882481455033}, "server2": {"avg_delay": 2.5805668453440913, "avg_queue_size": 0.3946784922394678, "server_freq": 0.4509459726159224}}