{"server1": {"avg_delay": 2.575703850942682, "avg_queue_size": 1.8145956607495068, "server_freq": 1.0099896786273825}, "server2": {"avg_delay": 2.1041753587524856, "avg_queue_size": 0.24940047961630696, "server_freq": 0.41699573860160255}}