{"server1": {"avg_delay": 2.7726293076052992, "avg_queue_size": 2.1509054325955734, "server_freq": 0.9874966584643201}, "server2": {"avg_delay": 2.107687035430129, "avg_queue_size": 0.2040302267002519, "server_freq": 0.3967977463667359}}