{"server1": {"avg_delay": 2.282417610533218, "avg_queue_size": 1.709710743801653, "server_freq": 0.9678737736122124}, "server2": {"avg_delay": 2.0266418571116533, "avg_queue_size": 0.26811594202898553, "server_freq": 0.4139460147473718}}