{"server1": {"avg_delay": 3.7709500831235707, "avg_queue_size": 3.089041095890411, "server_freq": 1.0208441884353796}, "server2": {"avg_delay": 2.1202236571061492, "avg_queue_size": 0.3120728929384966, "server_freq": 0.43893300560541787}}