{"server1": {"avg_delay": 2.555120691982624, "avg_queue_size": 1.8506224066390042, "server_freq": 0.9598973513247191}, "server2": {"avg_delay": 2.1171610621796235, "avg_queue_size": 0.32860520094562645, "server_freq": 0.42295477042745433}}