{"server1": {"avg_delay": 4.179941875261519, "avg_queue_size": 3.1197110423116614, "server_freq": 0.9648780558582821}, "server2": {"avg_delay": 1.900466701297656, "avg_queue_size": 0.23787528868360278, "server_freq": 0.43094553582893225}}