{"server1": {"avg_delay": 2.943433869841669, "avg_queue_size": 2.2044534412955468, "server_freq": 0.9848489119225209}, "server2": {"avg_delay": 1.7106945431305813, "avg_queue_size": 0.2973568281938326, "server_freq": 0.45393036143433957}}