{"server1": {"avg_delay": 3.0549870726474464, "avg_queue_size": 2.495991983967936, "server_freq": 0.9953871873849197}, "server2": {"avg_delay": 2.082135841218806, "avg_queue_size": 0.2458233890214797, "server_freq": 0.41874220031554354}}