{"server1": {"avg_delay": 2.716994330151063, "avg_queue_size": 1.9595959595959596, "server_freq": 0.9885094343212864}, "server2": {"avg_delay": 1.9722891842069759, "avg_queue_size": 0.30184331797235026, "server_freq": 0.433784726486793}}