{"server1": {"avg_delay": 2.98583903129952, "avg_queue_size": 2.391013384321224, "server_freq": 1.0443979970716617}, "server2": {"avg_delay": 1.9558711715233232, "avg_queue_size": 0.31724137931034485, "server_freq": 0.4347494054795913}}