{"server1": {"avg_delay": 2.382202717781711, "avg_queue_size": 1.629667003027245, "server_freq": 0.9909533009264396}, "server2": {"avg_delay": 1.7889072086988982, "avg_queue_size": 0.2986425339366516, "server_freq": 0.4409792186766497}}