{"server1": {"avg_delay": 2.4722061914003644, "avg_queue_size": 1.6586433260393874, "server_freq": 0.9122362827522253}, "server2": {"avg_delay": 1.822034380800875, "avg_queue_size": 0.26034063260340634, "server_freq": 0.41065620176469286}}