{"server1": {"avg_delay": 2.3367724410559876, "avg_queue_size": 1.7407407407407407, "server_freq": 0.9689408057297173}, "server2": {"avg_delay": 1.9877440548028897, "avg_queue_size": 0.2708333333333333, "server_freq": 0.43097367107276385}}