{"server1": {"avg_delay": 3.203858075543089, "avg_queue_size": 2.5922920892494927, "server_freq": 0.9844418848068448}, "server2": {"avg_delay": 2.041310876336109, "avg_queue_size": 0.2751196172248804, "server_freq": 0.41776315517691487}}