{"server1": {"avg_delay": 2.7775849439144435, "avg_queue_size": 2.265426052889324, "server_freq": 1.0199712457667507}, "server2": {"avg_delay": 2.1160467840859476, "avg_queue_size": 0.3668903803131991, "server_freq": 0.4459874270705596}}