{"server1": {"avg_delay": 2.830574717816323, "avg_queue_size": 2.224, "server_freq": 0.9996562419431793}, "server2": {"avg_delay": 3.0475535501940336, "avg_queue_size": 0.41379310344827586, "server_freq": 0.4338508090033398}}