{"server1": {"avg_delay": 2.3406030424404025, "avg_queue_size": 1.642116182572614, "server_freq": 0.9627710551366215}, "server2": {"avg_delay": 2.2667231067769293, "avg_queue_size": 0.3972286374133949, "server_freq": 0.43189729576222274}}