{"server1": {"avg_delay": 3.3564341996932585, "avg_queue_size": 2.696551724137931, "server_freq": 1.0135033950920702}, "server2": {"avg_delay": 2.1960205362655767, "avg_queue_size": 0.37020316027088035, "server_freq": 0.44178353119397934}}