{"server1": {"avg_delay": 2.793157176422647, "avg_queue_size": 2.15625, "server_freq": 0.9888321083069417}, "server2": {"avg_delay": 1.8209409723530234, "avg_queue_size": 0.2876404494382023, "server_freq": 0.44192496650320345}}