{"server1": {"avg_delay": 2.878598728890091, "avg_queue_size": 2.2586719524281467, "server_freq": 1.0085764558315402}, "server2": {"avg_delay": 2.006423505630622, "avg_queue_size": 0.330188679245283, "server_freq": 0.42282243886693904}}