{"server1": {"avg_delay": 3.637602941095898, "avg_queue_size": 2.883116883116883, "server_freq": 0.998657773458348}, "server2": {"avg_delay": 2.2696564511173483, "avg_queue_size": 0.3949771689497717, "server_freq": 0.4368502972985967}}