{"server1": {"avg_delay": 3.0104905122160517, "avg_queue_size": 2.435948361469712, "server_freq": 1.0058740275227138}, "server2": {"avg_delay": 2.2376940270231365, "avg_queue_size": 0.3837471783295711, "server_freq": 0.44294452703037995}}