{"server1": {"avg_delay": 2.4268749518925867, "avg_queue_size": 1.7742616033755274, "server_freq": 0.9448880756877385}, "server2": {"avg_delay": 1.887113964442002, "avg_queue_size": 0.30434782608695654, "server_freq": 0.4139509664917711}}