{"server1": {"avg_delay": 2.2878601144637174, "avg_queue_size": 1.694915254237288, "server_freq": 0.9990310432919661}, "server2": {"avg_delay": 2.0710353784513065, "avg_queue_size": 0.3707093821510298, "server_freq": 0.43657656591858923}}