{"server1": {"avg_delay": 3.264175475443966, "avg_queue_size": 2.6042084168336674, "server_freq": 0.9929266934775062}, "server2": {"avg_delay": 1.8032131177035344, "avg_queue_size": 0.20481927710843373, "server_freq": 0.41296951098309165}}