{"server1": {"avg_delay": 3.019482463649579, "avg_queue_size": 2.238341968911917, "server_freq": 0.9619653644494052}, "server2": {"avg_delay": 2.211919491543479, "avg_queue_size": 0.25952380952380955, "server_freq": 0.4189849144535351}}