{"server1": {"avg_delay": 3.4454488258724956, "avg_queue_size": 2.5936863543788187, "server_freq": 0.9786913798880897}, "server2": {"avg_delay": 1.8684047451403956, "avg_queue_size": 0.2545454545454545, "server_freq": 0.4388616095718809}}