{"server1": {"avg_delay": 2.3457067787425205, "avg_queue_size": 1.6680286006128702, "server_freq": 0.9744808562912043}, "server2": {"avg_delay": 2.010857899815238, "avg_queue_size": 0.26244343891402716, "server_freq": 0.4417646548520126}}