{"server1": {"avg_delay": 3.25395395336747, "avg_queue_size": 2.859732824427481, "server_freq": 1.045928342212904}, "server2": {"avg_delay": 2.247373941084593, "avg_queue_size": 0.31896551724137934, "server_freq": 0.46296828149576913}}