{"server1": {"avg_delay": 2.45503959534971, "avg_queue_size": 1.8870168483647176, "server_freq": 1.0039844471050794}, "server2": {"avg_delay": 2.2976969977481296, "avg_queue_size": 0.34851936218678814, "server_freq": 0.438993199481205}}