{"server1": {"avg_delay": 2.7535798714332866, "avg_queue_size": 1.7786177105831533, "server_freq": 0.9256485627514467}, "server2": {"avg_delay": 2.2164204176161353, "avg_queue_size": 0.31414868105515587, "server_freq": 0.41284325746905776}}