{"server1": {"avg_delay": 2.781321494329452, "avg_queue_size": 1.9822916666666666, "server_freq": 0.9557880837860624}, "server2": {"avg_delay": 2.4765995764236814, "avg_queue_size": 0.3293838862559242, "server_freq": 0.42190645539510285}}