{"server1": {"avg_delay": 2.436587070311958, "avg_queue_size": 1.81335952848723, "server_freq": 1.0176855732204806}, "server2": {"avg_delay": 2.3371634625744933, "avg_queue_size": 0.3231850117096019, "server_freq": 0.4268681137182173}}