{"server1": {"avg_delay": 2.6692776355567225, "avg_queue_size": 2.0576923076923075, "server_freq": 1.0377953356187863}, "server2": {"avg_delay": 2.0303225743432844, "avg_queue_size": 0.2984054669703872, "server_freq": 0.43791363872931444}}