{"server1": {"avg_delay": 3.024985119576777, "avg_queue_size": 2.173219978746015, "server_freq": 0.9329549677689578}, "server2": {"avg_delay": 2.2128561095304424, "avg_queue_size": 0.34679334916864607, "server_freq": 0.42097967999006564}}