{"server1": {"avg_delay": 3.6707253660201498, "avg_queue_size": 3.058991436726927, "server_freq": 1.0465682710396615}, "server2": {"avg_delay": 1.5355697503869452, "avg_queue_size": 0.21311475409836064, "server_freq": 0.4268239271575315}}