{"server1": {"avg_delay": 3.581006130115665, "avg_queue_size": 2.794794794794795, "server_freq": 0.9988564741634341}, "server2": {"avg_delay": 1.9533076018050337, "avg_queue_size": 0.3378684807256236, "server_freq": 0.4399367854173284}}