{"server1": {"avg_delay": 2.939215080169685, "avg_queue_size": 2.17570281124498, "server_freq": 0.9845621174285368}, "server2": {"avg_delay": 2.4078891110390557, "avg_queue_size": 0.3944954128440367, "server_freq": 0.43480662038722184}}