{"server1": {"avg_delay": 2.2230262017438864, "avg_queue_size": 1.4862944162436549, "server_freq": 0.9825114380368994}, "server2": {"avg_delay": 2.3444549825862135, "avg_queue_size": 0.33915211970074816, "server_freq": 0.4003933807447121}}