{"server1": {"avg_delay": 2.5368158608081153, "avg_queue_size": 1.8238289205702647, "server_freq": 0.9747876344687052}, "server2": {"avg_delay": 1.9975611261039665, "avg_queue_size": 0.24228028503562946, "server_freq": 0.42090830165264087}}