{"server1": {"avg_delay": 2.4793203478349177, "avg_queue_size": 1.9163385826771653, "server_freq": 1.0053611680925016}, "server2": {"avg_delay": 2.47114091413816, "avg_queue_size": 0.4908256880733945, "server_freq": 0.43572313050529893}}