{"server1": {"avg_delay": 3.2835857136405373, "avg_queue_size": 2.766924564796905, "server_freq": 1.0329553065433577}, "server2": {"avg_delay": 2.1198943297136057, "avg_queue_size": 0.31422018348623854, "server_freq": 0.43555949096025526}}