{"server1": {"avg_delay": 3.0565958378259914, "avg_queue_size": 2.293032786885246, "server_freq": 0.9736181192109271}, "server2": {"avg_delay": 2.326046061261639, "avg_queue_size": 0.28604651162790695, "server_freq": 0.4298314078651937}}