{"server1": {"avg_delay": 3.1302046142168134, "avg_queue_size": 2.480392156862745, "server_freq": 1.0193698431693081}, "server2": {"avg_delay": 2.3024081383966792, "avg_queue_size": 0.3632075471698113, "server_freq": 0.42373805245469276}}