{"server1": {"avg_delay": 3.2057438756179693, "avg_queue_size": 2.466666666666667, "server_freq": 1.0199768727228944}, "server2": {"avg_delay": 2.057364817793207, "avg_queue_size": 0.26741573033707866, "server_freq": 0.4439899328323187}}