{"server1": {"avg_delay": 2.6943283503847306, "avg_queue_size": 1.9141630901287554, "server_freq": 0.9308543543774801}, "server2": {"avg_delay": 2.0268593269507904, "avg_queue_size": 0.2720763723150358, "server_freq": 0.41593492096781065}}