{"server1": {"avg_delay": 2.6580630237810823, "avg_queue_size": 1.881687242798354, "server_freq": 0.9700985086386913}, "server2": {"avg_delay": 1.6882460150017564, "avg_queue_size": 0.25961538461538464, "server_freq": 0.41561377919021175}}