{"server1": {"avg_delay": 3.9419424611306253, "avg_queue_size": 3.285140562248996, "server_freq": 0.9795613549721549}, "server2": {"avg_delay": 2.540606032890958, "avg_queue_size": 0.26987951807228916, "server_freq": 0.4148142472586166}}