{"server1": {"avg_delay": 3.2603638295666872, "avg_queue_size": 2.454363089267803, "server_freq": 0.9964437243770334}, "server2": {"avg_delay": 1.9559151400860784, "avg_queue_size": 0.30180180180180183, "server_freq": 0.44275282838417834}}