{"server1": {"avg_delay": 2.6807604449598847, "avg_queue_size": 1.8501070663811563, "server_freq": 0.9332075678279376}, "server2": {"avg_delay": 1.798413281787653, "avg_queue_size": 0.2459396751740139, "server_freq": 0.4306343273381596}}