{"server1": {"avg_delay": 2.772957226038545, "avg_queue_size": 2.0347734457323496, "server_freq": 0.9489668700036019}, "server2": {"avg_delay": 2.2325387450577017, "avg_queue_size": 0.3372365339578454, "server_freq": 0.42698509324714223}}