{"server1": {"avg_delay": 3.968707026942873, "avg_queue_size": 3.280943025540275, "server_freq": 1.0156972314286175}, "server2": {"avg_delay": 2.352384475017365, "avg_queue_size": 0.45598194130925507, "server_freq": 0.44286798575086367}}