{"server1": {"avg_delay": 2.5993674086813496, "avg_queue_size": 2.023138832997988, "server_freq": 0.9916730371064204}, "server2": {"avg_delay": 2.336822835317399, "avg_queue_size": 0.3060747663551402, "server_freq": 0.4268592609318967}}