{"server1": {"avg_delay": 2.5979226719722415, "avg_queue_size": 1.6979503775620282, "server_freq": 0.9240491866928814}, "server2": {"avg_delay": 1.510771046690845, "avg_queue_size": 0.19103773584905662, "server_freq": 0.4235641677381424}}