{"server1": {"avg_delay": 3.5715771949836546, "avg_queue_size": 3.021698113207547, "server_freq": 1.0599955637131013}, "server2": {"avg_delay": 1.8846209565517962, "avg_queue_size": 0.24242424242424243, "server_freq": 0.42899820455935894}}