{"server1": {"avg_delay": 2.6904439261082933, "avg_queue_size": 1.975782038345106, "server_freq": 0.9889804122342182}, "server2": {"avg_delay": 2.0679424863476292, "avg_queue_size": 0.40315315315315314, "server_freq": 0.44399120630130723}}