{"server1": {"avg_delay": 4.102101306921676, "avg_queue_size": 3.340615690168818, "server_freq": 1.0067125464996525}, "server2": {"avg_delay": 2.6911973769036757, "avg_queue_size": 0.5011709601873536, "server_freq": 0.42587839603659583}}