{"server1": {"avg_delay": 3.292163812144743, "avg_queue_size": 2.6827852998065764, "server_freq": 1.0337446523365654}, "server2": {"avg_delay": 2.3178356447498496, "avg_queue_size": 0.3713646532438479, "server_freq": 0.4458898597119035}}