{"server1": {"avg_delay": 2.67873057161764, "avg_queue_size": 1.8817427385892116, "server_freq": 0.9607390321862687}, "server2": {"avg_delay": 2.102406015514577, "avg_queue_size": 0.3176470588235294, "server_freq": 0.4228851307125824}}