{"server1": {"avg_delay": 3.1947484004138564, "avg_queue_size": 2.622458857696031, "server_freq": 1.028592931689558}, "server2": {"avg_delay": 2.118146540059824, "avg_queue_size": 0.32941176470588235, "server_freq": 0.4248318716890788}}