{"server1": {"avg_delay": 2.7203816779742507, "avg_queue_size": 2.2283236994219653, "server_freq": 1.0306323137415052}, "server2": {"avg_delay": 1.9229303377970133, "avg_queue_size": 0.2968036529680365, "server_freq": 0.43684415238121993}}