{"server1": {"avg_delay": 3.506307445761937, "avg_queue_size": 2.7688588007736943, "server_freq": 1.0229249643317644}, "server2": {"avg_delay": 1.7736383926462223, "avg_queue_size": 0.2793791574279379, "server_freq": 0.4509669197591649}}