{"server1": {"avg_delay": 2.8907711721095075, "avg_queue_size": 2.4429783223374177, "server_freq": 1.0549930715311122}, "server2": {"avg_delay": 1.8824994541290128, "avg_queue_size": 0.3404761904761905, "server_freq": 0.41899724831425217}}