{"server1": {"avg_delay": 3.044150209361171, "avg_queue_size": 2.386341463414634, "server_freq": 1.0223642089593397}, "server2": {"avg_delay": 1.703390376507022, "avg_queue_size": 0.2626728110599078, "server_freq": 0.43373027046759866}}