{"server1": {"avg_delay": 2.7578748951957803, "avg_queue_size": 2.1186612576064907, "server_freq": 0.9854160995786114}, "server2": {"avg_delay": 1.8430484016167967, "avg_queue_size": 0.22966507177033493, "server_freq": 0.4177524641215614}}