{"server1": {"avg_delay": 2.499160432131, "avg_queue_size": 1.761025641025641, "server_freq": 0.9738386553144216}, "server2": {"avg_delay": 1.8091568690009976, "avg_queue_size": 0.26558891454965355, "server_freq": 0.43292827284511765}}