{"server1": {"avg_delay": 3.4042817823439324, "avg_queue_size": 2.652351738241309, "server_freq": 0.9762427748309732}, "server2": {"avg_delay": 1.908363494939771, "avg_queue_size": 0.24541284403669725, "server_freq": 0.4346628526627158}}