{"server1": {"avg_delay": 3.399625286821817, "avg_queue_size": 2.8115799803729145, "server_freq": 1.0139715675723258}, "server2": {"avg_delay": 1.9878286564080623, "avg_queue_size": 0.3104265402843602, "server_freq": 0.42098819521493996}}