{"server1": {"avg_delay": 2.4801455860388346, "avg_queue_size": 1.9430255402750491, "server_freq": 1.0176118301125079}, "server2": {"avg_delay": 2.2913429193603054, "avg_queue_size": 0.24111675126903553, "server_freq": 0.39285014659549666}}