{"server1": {"avg_delay": 2.473191669720917, "avg_queue_size": 1.696242171189979, "server_freq": 0.9579670419862277}, "server2": {"avg_delay": 2.023880983847858, "avg_queue_size": 0.3060747663551402, "server_freq": 0.4279852755429076}}