{"server1": {"avg_delay": 2.7334539684739187, "avg_queue_size": 2.0953815261044175, "server_freq": 0.9859157819115979}, "server2": {"avg_delay": 1.920802085159575, "avg_queue_size": 0.30648769574944074, "server_freq": 0.44696181999440593}}