{"server1": {"avg_delay": 3.4360822264781863, "avg_queue_size": 2.660037878787879, "server_freq": 1.0522083405371931}, "server2": {"avg_delay": 1.8376979625579588, "avg_queue_size": 0.2523364485981308, "server_freq": 0.4266789756974183}}