{"server1": {"avg_delay": 2.8383279711486225, "avg_queue_size": 2.0172764227642275, "server_freq": 0.9820676493467114}, "server2": {"avg_delay": 1.9601258662703167, "avg_queue_size": 0.30045871559633025, "server_freq": 0.43514379584874613}}