{"server1": {"avg_delay": 2.937441446808558, "avg_queue_size": 2.429126213592233, "server_freq": 1.0272574924606204}, "server2": {"avg_delay": 1.6966613451639376, "avg_queue_size": 0.25952380952380955, "server_freq": 0.41888169595481606}}