{"server1": {"avg_delay": 2.664845159760994, "avg_queue_size": 2.026392961876833, "server_freq": 1.018838792690149}, "server2": {"avg_delay": 1.9452356874639596, "avg_queue_size": 0.23476297968397292, "server_freq": 0.4419300749450892}}