{"server1": {"avg_delay": 2.852129137037336, "avg_queue_size": 2.0857438016528924, "server_freq": 0.9666031559262157}, "server2": {"avg_delay": 1.7598319920169607, "avg_queue_size": 0.27294685990338163, "server_freq": 0.4118309206221312}}