{"server1": {"avg_delay": 3.271473747228252, "avg_queue_size": 2.508611955420466, "server_freq": 0.9779021119536087}, "server2": {"avg_delay": 1.6124325698721111, "avg_queue_size": 0.2152777777777778, "server_freq": 0.43195676110834247}}