{"server1": {"avg_delay": 3.2037177326592925, "avg_queue_size": 2.7162293488824103, "server_freq": 1.0287806051628552}, "server2": {"avg_delay": 2.516706045170853, "avg_queue_size": 0.4429530201342282, "server_freq": 0.44590490758273416}}