{"server1": {"avg_delay": 2.7513614282954206, "avg_queue_size": 1.8752711496746204, "server_freq": 0.9181447271320159}, "server2": {"avg_delay": 1.5574550160591984, "avg_queue_size": 0.21153846153846154, "server_freq": 0.41561284710219654}}