{"server1": {"avg_delay": 2.7299561130239347, "avg_queue_size": 1.9334006054490414, "server_freq": 0.9908931135748713}, "server2": {"avg_delay": 1.8488116343451606, "avg_queue_size": 0.32574031890660593, "server_freq": 0.4389526507158108}}