{"server1": {"avg_delay": 2.8601780267928887, "avg_queue_size": 2.275147928994083, "server_freq": 1.0136759358703293}, "server2": {"avg_delay": 1.8053121300862771, "avg_queue_size": 0.3236607142857143, "server_freq": 0.44485778250719576}}