{"server1": {"avg_delay": 2.7497691075052333, "avg_queue_size": 2.221351616062684, "server_freq": 1.0188611273410766}, "server2": {"avg_delay": 2.344653519601217, "avg_queue_size": 0.27764127764127766, "server_freq": 0.4045478005618981}}