{"server1": {"avg_delay": 3.8013079866902117, "avg_queue_size": 3.338432122370937, "server_freq": 1.0419818170868216}, "server2": {"avg_delay": 1.8357480197837852, "avg_queue_size": 0.289532293986637, "server_freq": 0.4479921823943341}}