{"server1": {"avg_delay": 2.698327675212894, "avg_queue_size": 2.114851485148515, "server_freq": 1.0089767872997013}, "server2": {"avg_delay": 1.8219456378233367, "avg_queue_size": 0.3252212389380531, "server_freq": 0.44798969346904477}}