{"server1": {"avg_delay": 2.491367202379639, "avg_queue_size": 1.8955512572533848, "server_freq": 1.0309824932460558}, "server2": {"avg_delay": 1.8119736381174194, "avg_queue_size": 0.271523178807947, "server_freq": 0.4529923078956967}}