{"server1": {"avg_delay": 2.6299840887014017, "avg_queue_size": 1.908450704225352, "server_freq": 0.9935058588406783}, "server2": {"avg_delay": 1.7059660677057138, "avg_queue_size": 0.2671232876712329, "server_freq": 0.4377822597306007}}