{"server1": {"avg_delay": 2.542021848922807, "avg_queue_size": 1.9450441609421, "server_freq": 1.0144366942229854}, "server2": {"avg_delay": 2.522826627658244, "avg_queue_size": 0.45098039215686275, "server_freq": 0.45774581867401715}}