{"server1": {"avg_delay": 2.741350764401876, "avg_queue_size": 2.2015810276679844, "server_freq": 1.0090153431534044}, "server2": {"avg_delay": 1.7560041513723759, "avg_queue_size": 0.29128440366972475, "server_freq": 0.43557494021275667}}