{"server1": {"avg_delay": 2.779698393220936, "avg_queue_size": 2.174496644295302, "server_freq": 1.0387041280860838}, "server2": {"avg_delay": 2.2187036279148535, "avg_queue_size": 0.2789115646258503, "server_freq": 0.4408744181770577}}