{"server1": {"avg_delay": 2.629741494079808, "avg_queue_size": 1.97558494404883, "server_freq": 0.9789601664973545}, "server2": {"avg_delay": 2.083082277460912, "avg_queue_size": 0.3, "server_freq": 0.39798380619606444}}