{"server1": {"avg_delay": 2.60271471975692, "avg_queue_size": 1.823045267489712, "server_freq": 0.9701943807105629}, "server2": {"avg_delay": 2.3000460821652493, "avg_queue_size": 0.3503480278422274, "server_freq": 0.4306424079158111}}