{"server1": {"avg_delay": 3.9530085508251767, "avg_queue_size": 3.0526829268292683, "server_freq": 1.0188126694646344}, "server2": {"avg_delay": 1.727265917466506, "avg_queue_size": 0.2552204176334107, "server_freq": 0.42992094982315293}}