{"server1": {"avg_delay": 3.745490582538377, "avg_queue_size": 3.0886319845857417, "server_freq": 1.036738990226577}, "server2": {"avg_delay": 1.9841882621579086, "avg_queue_size": 0.26339285714285715, "server_freq": 0.44788723975072947}}