{"server1": {"avg_delay": 3.0594493094526065, "avg_queue_size": 2.25, "server_freq": 0.9857682348981852}, "server2": {"avg_delay": 1.692400202050902, "avg_queue_size": 0.2907801418439716, "server_freq": 0.42190080641687033}}