{"server1": {"avg_delay": 2.548709115819558, "avg_queue_size": 1.8603465851172274, "server_freq": 0.9782727550469233}, "server2": {"avg_delay": 2.0570143797490026, "avg_queue_size": 0.2686230248306998, "server_freq": 0.4426709198016211}}