{"server1": {"avg_delay": 3.1480782938090504, "avg_queue_size": 2.1978494623655913, "server_freq": 0.9215328774311468}, "server2": {"avg_delay": 2.0002249325990222, "avg_queue_size": 0.23728813559322035, "server_freq": 0.41279075746102345}}