{"server1": {"avg_delay": 2.5533484846867105, "avg_queue_size": 1.9741293532338309, "server_freq": 1.0042060439810925}, "server2": {"avg_delay": 1.9673573137674045, "avg_queue_size": 0.2751196172248804, "server_freq": 0.41667056750260256}}