{"server1": {"avg_delay": 2.8764673014656483, "avg_queue_size": 2.2179226069246436, "server_freq": 0.9728999211532127}, "server2": {"avg_delay": 2.1595909407174463, "avg_queue_size": 0.3623853211009174, "server_freq": 0.43395536051438266}}