{"server1": {"avg_delay": 3.5101207496910214, "avg_queue_size": 2.825046040515654, "server_freq": 1.075915269018885}, "server2": {"avg_delay": 2.5560893294441493, "avg_queue_size": 0.35176991150442477, "server_freq": 0.45196440668823046}}