{"server1": {"avg_delay": 3.089549466284283, "avg_queue_size": 2.3674876847290642, "server_freq": 1.0109326159483545}, "server2": {"avg_delay": 2.298588114068788, "avg_queue_size": 0.3440366972477064, "server_freq": 0.43554013888684046}}