{"server1": {"avg_delay": 3.023484915473088, "avg_queue_size": 2.2393075356415477, "server_freq": 0.979431015823726}, "server2": {"avg_delay": 2.0659666828452434, "avg_queue_size": 0.2469437652811736, "server_freq": 0.40876253619582037}}