{"server1": {"avg_delay": 2.389975071498721, "avg_queue_size": 1.8527054108216432, "server_freq": 0.9846770843471583}, "server2": {"avg_delay": 1.9545264831159184, "avg_queue_size": 0.3936651583710407, "server_freq": 0.440855425580809}}