{"server1": {"avg_delay": 4.039931446735674, "avg_queue_size": 3.283220174587779, "server_freq": 1.0307299863768562}, "server2": {"avg_delay": 2.1629624304440442, "avg_queue_size": 0.39514348785871967, "server_freq": 0.45288136161854103}}