{"server1": {"avg_delay": 2.3911847864583695, "avg_queue_size": 1.7802955665024631, "server_freq": 1.005964831431016}, "server2": {"avg_delay": 2.138526908902242, "avg_queue_size": 0.31666666666666665, "server_freq": 0.4185692794136998}}