{"server1": {"avg_delay": 2.5340996091584067, "avg_queue_size": 1.7887049659201557, "server_freq": 1.025837399967682}, "server2": {"avg_delay": 2.3099445921672053, "avg_queue_size": 0.33890214797136037, "server_freq": 0.4159340725015163}}