{"server1": {"avg_delay": 3.9176580160032555, "avg_queue_size": 3.130952380952381, "server_freq": 1.0068375683815947}, "server2": {"avg_delay": 2.052629092633096, "avg_queue_size": 0.3690205011389522, "server_freq": 0.4389291882021053}}