{"server1": {"avg_delay": 2.781875120070284, "avg_queue_size": 2.0616438356164384, "server_freq": 1.0187495020038067}, "server2": {"avg_delay": 2.0455263966547492, "avg_queue_size": 0.371824480369515, "server_freq": 0.4324691513408317}}