{"server1": {"avg_delay": 2.35598820695642, "avg_queue_size": 1.7028397565922921, "server_freq": 0.9777754842250077}, "server2": {"avg_delay": 1.65225419804038, "avg_queue_size": 0.2540792540792541, "server_freq": 0.42890151608642973}}