{"server1": {"avg_delay": 2.924900690477592, "avg_queue_size": 2.1906218144750254, "server_freq": 0.9717755502065115}, "server2": {"avg_delay": 1.7871297413666087, "avg_queue_size": 0.28604651162790695, "server_freq": 0.42990070636707817}}