{"server1": {"avg_delay": 2.947619292072965, "avg_queue_size": 2.330293819655522, "server_freq": 0.986699361493568}, "server2": {"avg_delay": 1.994475790222422, "avg_queue_size": 0.21739130434782608, "server_freq": 0.41387389631037197}}