{"server1": {"avg_delay": 2.5189331059766227, "avg_queue_size": 1.9496981891348089, "server_freq": 0.9917203124874954}, "server2": {"avg_delay": 2.268423166217558, "avg_queue_size": 0.3062200956937799, "server_freq": 0.41688242974524753}}