{"server1": {"avg_delay": 2.681632364663454, "avg_queue_size": 2.010901883052527, "server_freq": 1.0086813996506752}, "server2": {"avg_delay": 2.246862028223672, "avg_queue_size": 0.36027713625866054, "server_freq": 0.43186359231822763}}