{"server1": {"avg_delay": 2.352472878747901, "avg_queue_size": 1.6541961577350859, "server_freq": 0.9878482800965777}, "server2": {"avg_delay": 1.8667451723139505, "avg_queue_size": 0.2815533980582524, "server_freq": 0.41052137828078206}}