{"server1": {"avg_delay": 2.59420311586835, "avg_queue_size": 1.9026369168356998, "server_freq": 0.9855068766545653}, "server2": {"avg_delay": 2.3469711145283703, "avg_queue_size": 0.3827751196172249, "server_freq": 0.41779094770954184}}