{"server1": {"avg_delay": 2.655770093170196, "avg_queue_size": 2.0833333333333335, "server_freq": 1.0427580076970229}, "server2": {"avg_delay": 2.0172621629227963, "avg_queue_size": 0.2910284463894967, "server_freq": 0.4558942008723321}}