{"server1": {"avg_delay": 3.7084883272023657, "avg_queue_size": 3.050332383665717, "server_freq": 1.050857913791149}, "server2": {"avg_delay": 2.1638714248501176, "avg_queue_size": 0.3811764705882353, "server_freq": 0.42494254363581185}}