{"server1": {"avg_delay": 3.953749825819715, "avg_queue_size": 3.2566735112936347, "server_freq": 0.9716601457191872}, "server2": {"avg_delay": 1.8669243963172133, "avg_queue_size": 0.2684085510688836, "server_freq": 0.42085279974051215}}