{"server1": {"avg_delay": 2.0826353440285823, "avg_queue_size": 1.5615305067218201, "server_freq": 0.956793792721127}, "server2": {"avg_delay": 1.9352483978758872, "avg_queue_size": 0.3295711060948081, "server_freq": 0.44290454563788845}}