{"server1": {"avg_delay": 2.4931032287726635, "avg_queue_size": 1.8996929375639713, "server_freq": 0.9755564159528115}, "server2": {"avg_delay": 2.1829382334108915, "avg_queue_size": 0.2462686567164179, "server_freq": 0.40140601761824996}}