{"server1": {"avg_delay": 3.2479108075447956, "avg_queue_size": 2.736220472440945, "server_freq": 1.0089270158649561}, "server2": {"avg_delay": 1.9970367643389533, "avg_queue_size": 0.2632794457274827, "server_freq": 0.43196875208489693}}