{"server1": {"avg_delay": 2.7621935104111333, "avg_queue_size": 2.113113113113113, "server_freq": 0.9973131888041775}, "server2": {"avg_delay": 2.4191416105455823, "avg_queue_size": 0.44742729306487694, "server_freq": 0.4466923801557789}}