{"server1": {"avg_delay": 2.190801405413662, "avg_queue_size": 1.6683119447186574, "server_freq": 1.0118207634580556}, "server2": {"avg_delay": 2.132698121140404, "avg_queue_size": 0.3463302752293578, "server_freq": 0.4359227795135497}}