{"server1": {"avg_delay": 3.608330333052134, "avg_queue_size": 2.8047520661157024, "server_freq": 0.9678864562110405}, "server2": {"avg_delay": 1.9477993828172353, "avg_queue_size": 0.2665036674816626, "server_freq": 0.40895202540321857}}