{"server1": {"avg_delay": 3.8381551027999756, "avg_queue_size": 3.3169082125603864, "server_freq": 1.0349299087388373}, "server2": {"avg_delay": 2.217904410864087, "avg_queue_size": 0.2620192307692308, "server_freq": 0.4149718957745096}}