{"server1": {"avg_delay": 5.95539267994035, "avg_queue_size": 4.844270323212537, "server_freq": 1.0197965003250116}, "server2": {"avg_delay": 1.7654719671013082, "avg_queue_size": 0.23908045977011494, "server_freq": 0.434913213373902}}