{"server1": {"avg_delay": 3.233723997847938, "avg_queue_size": 2.5943304007820136, "server_freq": 1.022446175345336}, "server2": {"avg_delay": 2.285289147147216, "avg_queue_size": 0.3735763097949886, "server_freq": 0.43776287859360424}}