{"server1": {"avg_delay": 2.9479953920628033, "avg_queue_size": 2.081818181818182, "server_freq": 0.9875578987204742}, "server2": {"avg_delay": 1.9539027102889812, "avg_queue_size": 0.3237250554323725, "server_freq": 0.4507981906102569}}