{"server1": {"avg_delay": 3.499589216330689, "avg_queue_size": 2.7053291536050157, "server_freq": 0.9567045279197608}, "server2": {"avg_delay": 1.8211575057112865, "avg_queue_size": 0.23484848484848486, "server_freq": 0.39587773569093554}}