{"server1": {"avg_delay": 2.601556622901295, "avg_queue_size": 1.6023835319609967, "server_freq": 0.9199165478415644}, "server2": {"avg_delay": 1.9613176960178968, "avg_queue_size": 0.29493087557603687, "server_freq": 0.43296072306021455}}