{"server1": {"avg_delay": 3.71786175904503, "avg_queue_size": 2.9498464687819856, "server_freq": 0.9706085613180067}, "server2": {"avg_delay": 1.8445635951379225, "avg_queue_size": 0.2548076923076923, "server_freq": 0.4158322981547794}}