{"server1": {"avg_delay": 2.947945278927691, "avg_queue_size": 2.3051020408163265, "server_freq": 0.9776654749456043}, "server2": {"avg_delay": 1.8904574561048861, "avg_queue_size": 0.2984054669703872, "server_freq": 0.4388498399806956}}