{"server1": {"avg_delay": 2.542992061520832, "avg_queue_size": 1.725128205128205, "server_freq": 0.9733648173707855}, "server2": {"avg_delay": 1.8221092994146573, "avg_queue_size": 0.25790754257907544, "server_freq": 0.4107319711903417}}