{"server1": {"avg_delay": 2.886513144786746, "avg_queue_size": 2.0983935742971886, "server_freq": 0.9945288121065518}, "server2": {"avg_delay": 1.9406200574636145, "avg_queue_size": 0.2653061224489796, "server_freq": 0.44079116194873297}}