{"server1": {"avg_delay": 2.3250352685733406, "avg_queue_size": 1.5913129318854886, "server_freq": 1.0118088925653386}, "server2": {"avg_delay": 2.3032670145427017, "avg_queue_size": 0.4090909090909091, "server_freq": 0.46191275530156756}}