{"server1": {"avg_delay": 2.3387074084222186, "avg_queue_size": 1.5816326530612246, "server_freq": 0.9766491193966099}, "server2": {"avg_delay": 2.1887245248569753, "avg_queue_size": 0.35926773455377575, "server_freq": 0.4358434145925506}}