{"server1": {"avg_delay": 2.628946546375706, "avg_queue_size": 1.8589881593110873, "server_freq": 0.9276776392185119}, "server2": {"avg_delay": 2.0242606783922996, "avg_queue_size": 0.2772511848341232, "server_freq": 0.42139931512401724}}