{"server1": {"avg_delay": 2.5603103384335997, "avg_queue_size": 2.0224828934506354, "server_freq": 1.0224527276747346}, "server2": {"avg_delay": 2.097519720400387, "avg_queue_size": 0.3156626506024096, "server_freq": 0.4147779882551465}}