{"server1": {"avg_delay": 2.570714109006688, "avg_queue_size": 1.9502032520325203, "server_freq": 0.982868486848609}, "server2": {"avg_delay": 1.716272300300313, "avg_queue_size": 0.21363636363636362, "server_freq": 0.439941133482592}}