{"server1": {"avg_delay": 2.845423935767651, "avg_queue_size": 2.135902636916836, "server_freq": 0.9827966833456494}, "server2": {"avg_delay": 1.8926287660721608, "avg_queue_size": 0.28859060402684567, "server_freq": 0.4469075457329657}}