{"server1": {"avg_delay": 2.820723844676046, "avg_queue_size": 2.0417101147028154, "server_freq": 0.9568390388789814}, "server2": {"avg_delay": 2.0911981584995014, "avg_queue_size": 0.31654676258992803, "server_freq": 0.4169298633359825}}