{"server1": {"avg_delay": 2.5527376264163926, "avg_queue_size": 1.781414994720169, "server_freq": 0.9459609848403048}, "server2": {"avg_delay": 1.6028436596120614, "avg_queue_size": 0.24162679425837322, "server_freq": 0.4179827607433905}}