{"server1": {"avg_delay": 2.603751583504896, "avg_queue_size": 1.886178861788618, "server_freq": 0.9809144537173151}, "server2": {"avg_delay": 2.4305569266330886, "avg_queue_size": 0.363013698630137, "server_freq": 0.437961805023633}}