{"server1": {"avg_delay": 2.5551606737728054, "avg_queue_size": 1.867357512953368, "server_freq": 0.9619207191118975}, "server2": {"avg_delay": 1.9026049775543712, "avg_queue_size": 0.317016317016317, "server_freq": 0.42896464500935966}}