{"server1": {"avg_delay": 3.452352069895797, "avg_queue_size": 2.403688524590164, "server_freq": 0.9728464496866782}, "server2": {"avg_delay": 1.919653970048227, "avg_queue_size": 0.29411764705882354, "server_freq": 0.42493293023313283}}