{"server1": {"avg_delay": 2.969378659780183, "avg_queue_size": 2.269969666329626, "server_freq": 0.9818742708920327}, "server2": {"avg_delay": 1.8354830509845796, "avg_queue_size": 0.23809523809523808, "server_freq": 0.4409435371317581}}