{"server1": {"avg_delay": 3.8956317690555475, "avg_queue_size": 3.134831460674157, "server_freq": 1.0656895673022893}, "server2": {"avg_delay": 2.6202897514471, "avg_queue_size": 0.4880174291938998, "server_freq": 0.4578666246007959}}