{"server1": {"avg_delay": 3.038501605275469, "avg_queue_size": 2.5468306527909177, "server_freq": 1.0500392265742615}, "server2": {"avg_delay": 2.297249936823954, "avg_queue_size": 0.32801822323462415, "server_freq": 0.43859868740827856}}