{"server1": {"avg_delay": 2.7229906215355917, "avg_queue_size": 2.0752797558494405, "server_freq": 0.9739727418016951}, "server2": {"avg_delay": 2.0762288875454735, "avg_queue_size": 0.2579185520361991, "server_freq": 0.4409876582490221}}