{"server1": {"avg_delay": 3.1565870569804115, "avg_queue_size": 2.411417322834646, "server_freq": 1.0143050402885294}, "server2": {"avg_delay": 1.7218070753281327, "avg_queue_size": 0.2703962703962704, "server_freq": 0.4287062682598809}}