{"server1": {"avg_delay": 3.0784524967364733, "avg_queue_size": 2.2540485829959516, "server_freq": 0.9879781730594972}, "server2": {"avg_delay": 2.1198338741683664, "avg_queue_size": 0.3163972286374134, "server_freq": 0.43099047832858633}}