{"server1": {"avg_delay": 2.7548779562297803, "avg_queue_size": 2.1253588516746413, "server_freq": 1.0449760976295444}, "server2": {"avg_delay": 1.9697124667803836, "avg_queue_size": 0.32167832167832167, "server_freq": 0.4269902331940818}}