{"server1": {"avg_delay": 4.00747015065652, "avg_queue_size": 3.1761658031088085, "server_freq": 0.9648941196539591}, "server2": {"avg_delay": 1.7560478041041967, "avg_queue_size": 0.28741092636579574, "server_freq": 0.42095380764177903}}