{"server1": {"avg_delay": 2.985972882206773, "avg_queue_size": 2.40390243902439, "server_freq": 1.0225339205164472}, "server2": {"avg_delay": 1.8575868444236272, "avg_queue_size": 0.3623853211009174, "server_freq": 0.43580135810867154}}