{"server1": {"avg_delay": 3.7645939803865494, "avg_queue_size": 3.049019607843137, "server_freq": 1.0136127339826964}, "server2": {"avg_delay": 1.6899017331551913, "avg_queue_size": 0.2676991150442478, "server_freq": 0.45182737254455496}}