{"server1": {"avg_delay": 2.6541872278927694, "avg_queue_size": 1.942366026289181, "server_freq": 0.9887808403133975}, "server2": {"avg_delay": 2.0100081292410343, "avg_queue_size": 0.3579676674364896, "server_freq": 0.4329040483879688}}