{"server1": {"avg_delay": 2.803657427140294, "avg_queue_size": 2.1577380952380953, "server_freq": 1.005875047042388}, "server2": {"avg_delay": 1.640425294008225, "avg_queue_size": 0.2857142857142857, "server_freq": 0.44094522439929734}}