{"server1": {"avg_delay": 3.9541522931907362, "avg_queue_size": 3.5494613124387855, "server_freq": 1.0197199215783626}, "server2": {"avg_delay": 1.6684203865978724, "avg_queue_size": 0.2857142857142857, "server_freq": 0.42688275148427535}}