{"server1": {"avg_delay": 3.132851241097753, "avg_queue_size": 2.5933528836754642, "server_freq": 1.0223185933394572}, "server2": {"avg_delay": 2.1047607967901567, "avg_queue_size": 0.3181818181818182, "server_freq": 0.4157229079464459}}