{"server1": {"avg_delay": 3.6044578030035757, "avg_queue_size": 2.8947368421052633, "server_freq": 1.0225690060337493}, "server2": {"avg_delay": 2.1259976476654185, "avg_queue_size": 0.26218097447795824, "server_freq": 0.43081841798684845}}