{"server1": {"avg_delay": 2.7544216519874754, "avg_queue_size": 2.1179385530227948, "server_freq": 1.0059943584035973}, "server2": {"avg_delay": 1.9911694732362826, "avg_queue_size": 0.34146341463414637, "server_freq": 0.4509974708151316}}