{"server1": {"avg_delay": 2.832726304138398, "avg_queue_size": 2.367704280155642, "server_freq": 1.0268850391582072}, "server2": {"avg_delay": 2.4836154768695344, "avg_queue_size": 0.3303769401330377, "server_freq": 0.45094951573549313}}