{"server1": {"avg_delay": 2.769060059180063, "avg_queue_size": 2.1192842942345926, "server_freq": 1.0018878185110962}, "server2": {"avg_delay": 1.984226531826992, "avg_queue_size": 0.2964705882352941, "server_freq": 0.4239525299887273}}