{"server1": {"avg_delay": 2.516978449178812, "avg_queue_size": 1.9042871385842473, "server_freq": 1.0009914937930255}, "server2": {"avg_delay": 1.8350955049591964, "avg_queue_size": 0.24541284403669725, "server_freq": 0.43399631199417893}}