{"server1": {"avg_delay": 3.035764618637249, "avg_queue_size": 2.5712918660287083, "server_freq": 1.0407387375291441}, "server2": {"avg_delay": 2.320200144519098, "avg_queue_size": 0.3080568720379147, "server_freq": 0.4218940895651285}}