{"server1": {"avg_delay": 3.1661830293438293, "avg_queue_size": 2.690181124880839, "server_freq": 1.0479939084048417}, "server2": {"avg_delay": 1.9815438513366703, "avg_queue_size": 0.32413793103448274, "server_freq": 0.43499747152300205}}