{"server1": {"avg_delay": 4.089357769322455, "avg_queue_size": 3.1967370441458733, "server_freq": 1.039973008599496}, "server2": {"avg_delay": 2.0136619575336705, "avg_queue_size": 0.37272727272727274, "server_freq": 0.438988606514595}}