{"server1": {"avg_delay": 2.475616893909068, "avg_queue_size": 1.7809829059829059, "server_freq": 0.9347365092662346}, "server2": {"avg_delay": 1.8087421744699064, "avg_queue_size": 0.2383177570093458, "server_freq": 0.4274222499636201}}