{"server1": {"avg_delay": 3.4913171251927064, "avg_queue_size": 2.7783251231527095, "server_freq": 1.013293101063825}, "server2": {"avg_delay": 1.7681821251326222, "avg_queue_size": 0.2560386473429952, "server_freq": 0.41330378703490006}}