{"server1": {"avg_delay": 2.8799651825818886, "avg_queue_size": 1.8803329864724245, "server_freq": 0.9589850339354787}, "server2": {"avg_delay": 1.7595865057327502, "avg_queue_size": 0.2034313725490196, "server_freq": 0.4069936483959748}}