{"server1": {"avg_delay": 2.739272333719061, "avg_queue_size": 2.234653465346535, "server_freq": 1.0017131955082417}, "server2": {"avg_delay": 1.891146055629777, "avg_queue_size": 0.24647887323943662, "server_freq": 0.4248783513882262}}