{"server1": {"avg_delay": 2.9751979764156617, "avg_queue_size": 2.4262295081967213, "server_freq": 1.0368556806211497}, "server2": {"avg_delay": 2.2104080319435844, "avg_queue_size": 0.3129411764705882, "server_freq": 0.424940852713586}}