{"server1": {"avg_delay": 2.4330447021088797, "avg_queue_size": 1.7075664621676891, "server_freq": 0.9766536578584586}, "server2": {"avg_delay": 1.7350854714404935, "avg_queue_size": 0.2375296912114014, "server_freq": 0.42085075737810757}}