{"server1": {"avg_delay": 2.7399992988269495, "avg_queue_size": 2.138671875, "server_freq": 1.0226627404296367}, "server2": {"avg_delay": 2.1818944660634347, "avg_queue_size": 0.297423887587822, "server_freq": 0.42685922792126574}}