{"server1": {"avg_delay": 2.5455859327389168, "avg_queue_size": 2.0720631786771966, "server_freq": 1.011128219973893}, "server2": {"avg_delay": 2.0661457126595253, "avg_queue_size": 0.2800925925925926, "server_freq": 0.4316278567477488}}