{"server1": {"avg_delay": 2.8330559794382877, "avg_queue_size": 1.9468196037539103, "server_freq": 0.9587799609608322}, "server2": {"avg_delay": 2.4579946841104645, "avg_queue_size": 0.360381861575179, "server_freq": 0.4189038619839298}}