{"server1": {"avg_delay": 2.479128119335369, "avg_queue_size": 1.8366141732283465, "server_freq": 1.0142384466402372}, "server2": {"avg_delay": 2.041384060840593, "avg_queue_size": 0.3399122807017544, "server_freq": 0.45565786371226424}}