{"server1": {"avg_delay": 2.3939855549920264, "avg_queue_size": 1.8325074331020812, "server_freq": 1.0027346051639296}, "server2": {"avg_delay": 2.41051438623109, "avg_queue_size": 0.37292161520190026, "server_freq": 0.41988886756615196}}