{"server1": {"avg_delay": 3.217041989395518, "avg_queue_size": 2.395959595959596, "server_freq": 0.9866395910587942}, "server2": {"avg_delay": 2.4381924067579495, "avg_queue_size": 0.3248259860788863, "server_freq": 0.4308426177774471}}