{"server1": {"avg_delay": 3.0875767158175176, "avg_queue_size": 2.4545454545454546, "server_freq": 1.0146659870699528}, "server2": {"avg_delay": 1.9159802063670277, "avg_queue_size": 0.33712984054669703, "server_freq": 0.43585652252463}}