{"server1": {"avg_delay": 2.703649443556262, "avg_queue_size": 2.044044044044044, "server_freq": 0.9986872226370056}, "server2": {"avg_delay": 2.096787254314851, "avg_queue_size": 0.34965034965034963, "server_freq": 0.4288656841954709}}