{"server1": {"avg_delay": 2.899021798726064, "avg_queue_size": 2.2433497536945812, "server_freq": 1.0068934902624582}, "server2": {"avg_delay": 2.2673614855285016, "avg_queue_size": 0.44495412844036697, "server_freq": 0.43495399033184645}}