{"server1": {"avg_delay": 2.973316189219075, "avg_queue_size": 2.448940269749518, "server_freq": 1.0351180634532995}, "server2": {"avg_delay": 2.4245881856258915, "avg_queue_size": 0.42032332563510394, "server_freq": 0.4316322426755071}}