{"server1": {"avg_delay": 3.09664877012004, "avg_queue_size": 2.417004048582996, "server_freq": 0.9787637101446709}, "server2": {"avg_delay": 1.9194145974219208, "avg_queue_size": 0.3050847457627119, "server_freq": 0.40990104306365177}}