{"server1": {"avg_delay": 2.905855708262059, "avg_queue_size": 2.1522842639593907, "server_freq": 0.9829054104453951}, "server2": {"avg_delay": 1.6823472004176034, "avg_queue_size": 0.2693208430913349, "server_freq": 0.42695891176010553}}