{"server1": {"avg_delay": 2.358769645459877, "avg_queue_size": 1.8176165803108808, "server_freq": 0.9638416729640188}, "server2": {"avg_delay": 2.6955752480663127, "avg_queue_size": 0.4467120181405896, "server_freq": 0.4399277345478924}}