{"server1": {"avg_delay": 2.5732330379736066, "avg_queue_size": 1.9137760158572845, "server_freq": 1.0080522974338413}, "server2": {"avg_delay": 2.033939518612348, "avg_queue_size": 0.31390134529147984, "server_freq": 0.44558109480227276}}