{"server1": {"avg_delay": 3.03118426667529, "avg_queue_size": 2.3523809523809525, "server_freq": 1.049870215129951}, "server2": {"avg_delay": 2.26280883960363, "avg_queue_size": 0.3273542600896861, "server_freq": 0.44294524314530315}}