{"server1": {"avg_delay": 3.4481146268008156, "avg_queue_size": 2.7750247770069376, "server_freq": 1.0066346471568748}, "server2": {"avg_delay": 2.098260151766238, "avg_queue_size": 0.3348623853211009, "server_freq": 0.4348421762792855}}