{"server1": {"avg_delay": 2.387935403331141, "avg_queue_size": 1.9257773319959879, "server_freq": 0.9959767825864411}, "server2": {"avg_delay": 2.0476267757733666, "avg_queue_size": 0.37122969837587005, "server_freq": 0.4309899531071848}}