{"server1": {"avg_delay": 2.538354790722805, "avg_queue_size": 1.931533269045323, "server_freq": 1.036455728717183}, "server2": {"avg_delay": 1.822881248567368, "avg_queue_size": 0.2844638949671772, "server_freq": 0.456760142742288}}