{"server1": {"avg_delay": 3.6779390859338976, "avg_queue_size": 3.190332326283988, "server_freq": 0.9857972847550043}, "server2": {"avg_delay": 1.8637216386656725, "avg_queue_size": 0.2691415313225058, "server_freq": 0.4309113891778974}}