{"server1": {"avg_delay": 2.283417473548166, "avg_queue_size": 1.4868995633187774, "server_freq": 0.9158014799903069}, "server2": {"avg_delay": 2.3743264905414736, "avg_queue_size": 0.31971153846153844, "server_freq": 0.41590984244101276}}