{"server1": {"avg_delay": 2.870671666738256, "avg_queue_size": 2.2402010050251255, "server_freq": 0.991760705900091}, "server2": {"avg_delay": 2.3680112156292576, "avg_queue_size": 0.4172494172494173, "server_freq": 0.427896756174636}}