{"server1": {"avg_delay": 3.3013482489895227, "avg_queue_size": 2.529058116232465, "server_freq": 0.9974826888297218}, "server2": {"avg_delay": 1.8005940791136281, "avg_queue_size": 0.2810304449648712, "server_freq": 0.4267786654612137}}