{"server1": {"avg_delay": 3.305530082849436, "avg_queue_size": 2.4564777327935223, "server_freq": 0.9868562177471485}, "server2": {"avg_delay": 1.7486677337661933, "avg_queue_size": 0.23556581986143188, "server_freq": 0.4329369222740783}}