{"server1": {"avg_delay": 2.798206395711513, "avg_queue_size": 1.8864809081527347, "server_freq": 0.9674367862974398}, "server2": {"avg_delay": 1.6443580618189984, "avg_queue_size": 0.22321428571428573, "server_freq": 0.4477393391128647}}