{"server1": {"avg_delay": 2.938616045057082, "avg_queue_size": 2.3780718336483933, "server_freq": 1.0549435501017888}, "server2": {"avg_delay": 1.9513563023677998, "avg_queue_size": 0.27293577981651373, "server_freq": 0.43497672444955277}}