{"server1": {"avg_delay": 3.197526787372894, "avg_queue_size": 2.5314685314685317, "server_freq": 1.0003474759498283}, "server2": {"avg_delay": 2.2698690583780565, "avg_queue_size": 0.2978723404255319, "server_freq": 0.4227242580687086}}