{"server1": {"avg_delay": 3.888008618022853, "avg_queue_size": 3.09375, "server_freq": 0.9917624167503448}, "server2": {"avg_delay": 2.038360190004494, "avg_queue_size": 0.30536130536130535, "server_freq": 0.42889725482449387}}