{"server1": {"avg_delay": 3.2356827392556724, "avg_queue_size": 2.543928923988154, "server_freq": 1.008756222014424}, "server2": {"avg_delay": 1.7389900409601176, "avg_queue_size": 0.25547445255474455, "server_freq": 0.41090070093947295}}