{"server1": {"avg_delay": 2.624316643650833, "avg_queue_size": 1.994934143870314, "server_freq": 0.9839931502436221}, "server2": {"avg_delay": 2.072942410870341, "avg_queue_size": 0.26605504587155965, "server_freq": 0.43599696494534473}}