{"server1": {"avg_delay": 4.011671437996151, "avg_queue_size": 3.078470824949698, "server_freq": 0.9923678081773776}, "server2": {"avg_delay": 2.183068013293752, "avg_queue_size": 0.2956120092378753, "server_freq": 0.431724967907983}}