{"server1": {"avg_delay": 3.80411750956786, "avg_queue_size": 3.176829268292683, "server_freq": 0.9777796755459731}, "server2": {"avg_delay": 1.931081291430799, "avg_queue_size": 0.25853658536585367, "server_freq": 0.40990763494258586}}