{"server1": {"avg_delay": 3.238865115150721, "avg_queue_size": 2.319037656903766, "server_freq": 0.9554820322144352}, "server2": {"avg_delay": 2.116532060583449, "avg_queue_size": 0.29508196721311475, "server_freq": 0.4267686482798785}}