{"server1": {"avg_delay": 2.2957379109700446, "avg_queue_size": 1.5386243386243386, "server_freq": 0.9419676814183486}, "server2": {"avg_delay": 2.219810501073438, "avg_queue_size": 0.3858447488584475, "server_freq": 0.4379849728887863}}