{"server1": {"avg_delay": 2.405057541091399, "avg_queue_size": 1.7154228855721394, "server_freq": 1.0037986671164318}, "server2": {"avg_delay": 2.1662864077162385, "avg_queue_size": 0.3812785388127854, "server_freq": 0.4369123680576501}}