{"server1": {"avg_delay": 2.950641581978999, "avg_queue_size": 2.257142857142857, "server_freq": 0.9764519139604994}, "server2": {"avg_delay": 1.8006497680014122, "avg_queue_size": 0.2482598607888631, "server_freq": 0.4307582138351845}}