{"server1": {"avg_delay": 3.080101412369275, "avg_queue_size": 2.590558766859345, "server_freq": 1.0379664573663754}, "server2": {"avg_delay": 2.0422090595005455, "avg_queue_size": 0.40186915887850466, "server_freq": 0.42698620163337403}}