{"server1": {"avg_delay": 2.787983853153665, "avg_queue_size": 1.9959308240081384, "server_freq": 0.9819033126514946}, "server2": {"avg_delay": 1.804097312336448, "avg_queue_size": 0.36261261261261263, "server_freq": 0.4415068811718826}}