{"server1": {"avg_delay": 2.822427701753026, "avg_queue_size": 2.1234939759036147, "server_freq": 0.9915101409253934}, "server2": {"avg_delay": 1.7402786048475287, "avg_queue_size": 0.1796116504854369, "server_freq": 0.4107970442745329}}