{"server1": {"avg_delay": 2.5554575964742967, "avg_queue_size": 2.0473251028806585, "server_freq": 0.9718497975641303}, "server2": {"avg_delay": 2.0371536370097, "avg_queue_size": 0.27184466019417475, "server_freq": 0.41193633394693585}}