{"server1": {"avg_delay": 2.5100856249417283, "avg_queue_size": 1.9720616570327554, "server_freq": 1.0365022464825377}, "server2": {"avg_delay": 2.0828765714144306, "avg_queue_size": 0.28703703703703703, "server_freq": 0.4307931226942852}}