{"server1": {"avg_delay": 2.4201491195162825, "avg_queue_size": 1.696969696969697, "server_freq": 0.9556233208114243}, "server2": {"avg_delay": 2.149042676630621, "avg_queue_size": 0.3317972350230415, "server_freq": 0.43237711380496}}