{"server1": {"avg_delay": 3.1063455933497237, "avg_queue_size": 2.4573643410852712, "server_freq": 1.0288933538806704}, "server2": {"avg_delay": 2.170102686488865, "avg_queue_size": 0.35280898876404493, "server_freq": 0.44295408723920016}}