{"server1": {"avg_delay": 3.2815965373412657, "avg_queue_size": 2.803001876172608, "server_freq": 1.0589147050686036}, "server2": {"avg_delay": 2.104638676137966, "avg_queue_size": 0.2898876404494382, "server_freq": 0.44396423895227577}}