{"server1": {"avg_delay": 2.6517995360286393, "avg_queue_size": 1.9267285861713106, "server_freq": 0.9686382938291019}, "server2": {"avg_delay": 2.217114474051075, "avg_queue_size": 0.3062200956937799, "server_freq": 0.41684434316484575}}