{"server1": {"avg_delay": 2.677052434758481, "avg_queue_size": 2.0253807106598987, "server_freq": 0.9846104883437256}, "server2": {"avg_delay": 1.8601331857353338, "avg_queue_size": 0.32494279176201374, "server_freq": 0.43682719127533814}}