{"server1": {"avg_delay": 3.149086483473741, "avg_queue_size": 2.474051896207585, "server_freq": 1.0007392852585113}, "server2": {"avg_delay": 2.1416222176810447, "avg_queue_size": 0.3318077803203661, "server_freq": 0.43588644193078013}}