{"server1": {"avg_delay": 3.232096870692893, "avg_queue_size": 2.536926147704591, "server_freq": 1.0018641254486869}, "server2": {"avg_delay": 1.617803022581361, "avg_queue_size": 0.21311475409836064, "server_freq": 0.4269420973718456}}