{"server1": {"avg_delay": 2.838234371512416, "avg_queue_size": 2.030334728033473, "server_freq": 0.955833440902621}, "server2": {"avg_delay": 1.7029662532238137, "avg_queue_size": 0.27400468384074944, "server_freq": 0.4269256059261707}}