{"server1": {"avg_delay": 3.0483871964508236, "avg_queue_size": 2.4607745779543198, "server_freq": 1.0065486552410552}, "server2": {"avg_delay": 2.0904727449593166, "avg_queue_size": 0.30114942528735633, "server_freq": 0.4348050298211112}}