{"server1": {"avg_delay": 2.7637582721854757, "avg_queue_size": 2.116396761133603, "server_freq": 0.9869705761033365}, "server2": {"avg_delay": 2.0498878310374904, "avg_queue_size": 0.23923444976076555, "server_freq": 0.4169875686272455}}