{"server1": {"avg_delay": 3.0617386620857574, "avg_queue_size": 2.3037109375, "server_freq": 1.0231907812812704}, "server2": {"avg_delay": 2.3415721184600824, "avg_queue_size": 0.4009216589861751, "server_freq": 0.4336570303477259}}