{"server1": {"avg_delay": 4.1783293147875495, "avg_queue_size": 3.1029411764705883, "server_freq": 1.0178448709380532}, "server2": {"avg_delay": 2.3812423785831474, "avg_queue_size": 0.39461883408071746, "server_freq": 0.4459320357940783}}