{"server1": {"avg_delay": 2.8936138799504603, "avg_queue_size": 2.236, "server_freq": 0.9991452074350514}, "server2": {"avg_delay": 1.9796227045929127, "avg_queue_size": 0.31116389548693585, "server_freq": 0.4206401323301567}}