{"server1": {"avg_delay": 2.763805936714599, "avg_queue_size": 2.1975071907957813, "server_freq": 1.0426223329324469}, "server2": {"avg_delay": 2.0161175363200887, "avg_queue_size": 0.33035714285714285, "server_freq": 0.4478377805884336}}