{"server1": {"avg_delay": 5.368988818351364, "avg_queue_size": 4.721456692913386, "server_freq": 1.0119140828463673}, "server2": {"avg_delay": 1.7841197805926885, "avg_queue_size": 0.26229508196721313, "server_freq": 0.42696374839466295}}