{"server1": {"avg_delay": 2.9478997318790894, "avg_queue_size": 2.4853515625, "server_freq": 1.0197109210429793}, "server2": {"avg_delay": 2.677910299146356, "avg_queue_size": 0.40229885057471265, "server_freq": 0.4348767163271529}}