{"server1": {"avg_delay": 3.081291380714902, "avg_queue_size": 2.389054726368159, "server_freq": 1.0025975036655528}, "server2": {"avg_delay": 2.3063853212103798, "avg_queue_size": 0.3325842696629214, "server_freq": 0.4438218261490583}}