{"server1": {"avg_delay": 3.153916330339927, "avg_queue_size": 2.293997965412004, "server_freq": 0.9819826012241171}, "server2": {"avg_delay": 2.257828140955024, "avg_queue_size": 0.3856812933025404, "server_freq": 0.43199234595602704}}