{"server1": {"avg_delay": 2.7560565963364736, "avg_queue_size": 2.048403707518023, "server_freq": 0.968936191879054}, "server2": {"avg_delay": 1.7757429315700928, "avg_queue_size": 0.2433734939759036, "server_freq": 0.41497267247658143}}