{"server1": {"avg_delay": 3.381575495300741, "avg_queue_size": 2.702274975272008, "server_freq": 1.010993514358605}, "server2": {"avg_delay": 2.077153728330055, "avg_queue_size": 0.3512304250559284, "server_freq": 0.4449971452913742}}