{"server1": {"avg_delay": 3.158706471196574, "avg_queue_size": 2.5381642512077294, "server_freq": 1.034944555881587}, "server2": {"avg_delay": 2.4573937861729425, "avg_queue_size": 0.4, "server_freq": 0.43497669739950756}}