{"server1": {"avg_delay": 3.0604819716472496, "avg_queue_size": 2.665689149560117, "server_freq": 1.0163064085653848}, "server2": {"avg_delay": 2.1727772545599033, "avg_queue_size": 0.4624145785876993, "server_freq": 0.43870060310737846}}