{"server1": {"avg_delay": 3.218326932519968, "avg_queue_size": 2.4551863041289024, "server_freq": 0.9909967958234139}, "server2": {"avg_delay": 2.44217878989019, "avg_queue_size": 0.3425925925925926, "server_freq": 0.43199860322473743}}