{"server1": {"avg_delay": 2.581519862709065, "avg_queue_size": 1.7668341708542714, "server_freq": 0.9884874635217334}, "server2": {"avg_delay": 1.9592495573069402, "avg_queue_size": 0.2745995423340961, "server_freq": 0.43377508510458274}}