{"server1": {"avg_delay": 2.9238093545886503, "avg_queue_size": 2.2655642023346303, "server_freq": 1.0259577739278727}, "server2": {"avg_delay": 1.8813801039962847, "avg_queue_size": 0.23953488372093024, "server_freq": 0.42698242638128814}}