{"server1": {"avg_delay": 2.1907550444273363, "avg_queue_size": 1.6332320162107397, "server_freq": 0.9858615524286484}, "server2": {"avg_delay": 1.9053398071041174, "avg_queue_size": 0.2637889688249401, "server_freq": 0.4159415880429186}}