{"server1": {"avg_delay": 3.009714923097238, "avg_queue_size": 2.2321951219512197, "server_freq": 1.0238529985766842}, "server2": {"avg_delay": 2.1704073759697486, "avg_queue_size": 0.3614190687361419, "server_freq": 0.44993539976514446}}