{"server1": {"avg_delay": 3.3371329425008778, "avg_queue_size": 2.652, "server_freq": 0.9941519020874489}, "server2": {"avg_delay": 2.0034710624825793, "avg_queue_size": 0.3191489361702128, "server_freq": 0.4206411565616241}}