{"server1": {"avg_delay": 2.3619543117352975, "avg_queue_size": 1.7525987525987525, "server_freq": 0.9573740931565037}, "server2": {"avg_delay": 1.9606715393356844, "avg_queue_size": 0.28841607565011823, "server_freq": 0.4227236340346566}}