{"server1": {"avg_delay": 2.680185092489118, "avg_queue_size": 1.982741116751269, "server_freq": 0.9839762779619217}, "server2": {"avg_delay": 2.344310892612506, "avg_queue_size": 0.3793911007025761, "server_freq": 0.4269897059855087}}