{"server1": {"avg_delay": 2.5469590331198657, "avg_queue_size": 1.8146596858638744, "server_freq": 0.954535680964439}, "server2": {"avg_delay": 2.0984148553795916, "avg_queue_size": 0.3, "server_freq": 0.41979579686394175}}