{"server1": {"avg_delay": 3.4718617470654807, "avg_queue_size": 2.765545361875637, "server_freq": 0.9792810695302018}, "server2": {"avg_delay": 2.441503233165148, "avg_queue_size": 0.29318181818181815, "server_freq": 0.43867794849363123}}