{"server1": {"avg_delay": 2.7399950323740394, "avg_queue_size": 2.1149542217700916, "server_freq": 0.9789749087618267}, "server2": {"avg_delay": 1.5524219147835827, "avg_queue_size": 0.25733634311512416, "server_freq": 0.4409886974095665}}