{"server1": {"avg_delay": 3.8514780194276823, "avg_queue_size": 3.005808325266215, "server_freq": 1.0319374786255184}, "server2": {"avg_delay": 2.191427978857784, "avg_queue_size": 0.30676328502415456, "server_freq": 0.4119750399163892}}