{"server1": {"avg_delay": 3.4959863455954947, "avg_queue_size": 2.88111217641419, "server_freq": 1.0321723672239191}, "server2": {"avg_delay": 2.092503085373574, "avg_queue_size": 0.3439635535307517, "server_freq": 0.4376490772933946}}