{"server1": {"avg_delay": 2.5722419745774316, "avg_queue_size": 1.9918533604887985, "server_freq": 0.9814547201752906}, "server2": {"avg_delay": 1.7568301340853738, "avg_queue_size": 0.29493087557603687, "server_freq": 0.43375901074956835}}