{"server1": {"avg_delay": 3.0389225373257838, "avg_queue_size": 2.1578389830508473, "server_freq": 0.9418999035174026}, "server2": {"avg_delay": 2.3849826887819003, "avg_queue_size": 0.36609336609336607, "server_freq": 0.40395707114759094}}