{"server1": {"avg_delay": 2.673484110098924, "avg_queue_size": 1.879591836734694, "server_freq": 0.9779490015056467}, "server2": {"avg_delay": 1.8319663952730079, "avg_queue_size": 0.28735632183908044, "server_freq": 0.4339773687663095}}