{"server1": {"avg_delay": 3.131226934580188, "avg_queue_size": 2.3401639344262297, "server_freq": 0.9729459444650836}, "server2": {"avg_delay": 1.9584533845169305, "avg_queue_size": 0.33029612756264237, "server_freq": 0.43852491747450895}}