{"server1": {"avg_delay": 2.5535784245920627, "avg_queue_size": 2.064579256360078, "server_freq": 1.019811227794711}, "server2": {"avg_delay": 2.0614109106952676, "avg_queue_size": 0.29577464788732394, "server_freq": 0.4249213449144629}}