{"server1": {"avg_delay": 3.1511994559013483, "avg_queue_size": 2.344364012409514, "server_freq": 0.9647131392432933}, "server2": {"avg_delay": 1.7840237444882219, "avg_queue_size": 0.2926267281105991, "server_freq": 0.43387098697574017}}