{"server1": {"avg_delay": 3.0210625452087587, "avg_queue_size": 2.1496881496881497, "server_freq": 0.9614680985400363}, "server2": {"avg_delay": 1.8737134258398167, "avg_queue_size": 0.25307125307125306, "server_freq": 0.4067749647669384}}