{"server1": {"avg_delay": 2.8016535912241, "avg_queue_size": 2.1336842105263156, "server_freq": 0.9438603917326331}, "server2": {"avg_delay": 2.129750478574005, "avg_queue_size": 0.27122641509433965, "server_freq": 0.42293744248188964}}