{"server1": {"avg_delay": 3.6423876554593773, "avg_queue_size": 2.713, "server_freq": 0.9969161857368978}, "server2": {"avg_delay": 1.7319098313800918, "avg_queue_size": 0.2737819025522042, "server_freq": 0.43096376735466696}}