{"server1": {"avg_delay": 3.4014507847468773, "avg_queue_size": 2.665680473372781, "server_freq": 1.0079603553932819}, "server2": {"avg_delay": 2.253967601361175, "avg_queue_size": 0.3597122302158273, "server_freq": 0.41598363873373534}}