{"server1": {"avg_delay": 3.645319249552979, "avg_queue_size": 3.0028598665395614, "server_freq": 1.0413284676623855}, "server2": {"avg_delay": 2.0571623950243647, "avg_queue_size": 0.28, "server_freq": 0.4247261024534682}}