{"server1": {"avg_delay": 2.2158661567119786, "avg_queue_size": 1.4373024236037935, "server_freq": 0.9489916728577084}, "server2": {"avg_delay": 2.013103309793248, "avg_queue_size": 0.271889400921659, "server_freq": 0.43299620057680477}}