{"server1": {"avg_delay": 2.8481327612988614, "avg_queue_size": 2.177939646201873, "server_freq": 0.9567376856594443}, "server2": {"avg_delay": 1.7824579545950467, "avg_queue_size": 0.2384428223844282, "server_freq": 0.4108873446249024}}