{"server1": {"avg_delay": 2.7726161151198068, "avg_queue_size": 2.2664015904572565, "server_freq": 1.0052822901436056}, "server2": {"avg_delay": 2.0919764560429632, "avg_queue_size": 0.3156626506024096, "server_freq": 0.4147039268485053}}