{"server1": {"avg_delay": 3.5009509733913875, "avg_queue_size": 2.7083333333333335, "server_freq": 0.9828151906856541}, "server2": {"avg_delay": 2.2673898888226236, "avg_queue_size": 0.30714285714285716, "server_freq": 0.4199210377293741}}