{"server1": {"avg_delay": 2.7108721961608055, "avg_queue_size": 2.115264797507788, "server_freq": 0.9615993990118463}, "server2": {"avg_delay": 1.7698198896876745, "avg_queue_size": 0.2088167053364269, "server_freq": 0.430373147428978}}