{"server1": {"avg_delay": 2.9250165837219977, "avg_queue_size": 2.3263473053892216, "server_freq": 0.9977560928528119}, "server2": {"avg_delay": 1.8206871168541865, "avg_queue_size": 0.22058823529411764, "server_freq": 0.407900286456861}}