{"server1": {"avg_delay": 3.373763403669386, "avg_queue_size": 2.9719101123595504, "server_freq": 1.0616977392954274}, "server2": {"avg_delay": 2.0375997463115665, "avg_queue_size": 0.2882882882882883, "server_freq": 0.4428739157324617}}