{"server1": {"avg_delay": 2.9139336572587866, "avg_queue_size": 2.249516441005803, "server_freq": 1.0318771931746031}, "server2": {"avg_delay": 1.6897343607008168, "avg_queue_size": 0.21658986175115208, "server_freq": 0.43294847349283255}}