{"server1": {"avg_delay": 2.522642034023106, "avg_queue_size": 1.939455095862765, "server_freq": 0.9902685312519579}, "server2": {"avg_delay": 2.0149489069381756, "avg_queue_size": 0.3886363636363636, "server_freq": 0.4386759689400701}}