{"server1": {"avg_delay": 2.9052571362580486, "avg_queue_size": 2.3088381330685204, "server_freq": 1.0039992206480588}, "server2": {"avg_delay": 1.8533079395766627, "avg_queue_size": 0.29453681710213775, "server_freq": 0.4199996739762796}}