{"server1": {"avg_delay": 2.346449854677407, "avg_queue_size": 1.8100289296046288, "server_freq": 1.0368046856225108}, "server2": {"avg_delay": 1.5558435453480224, "avg_queue_size": 0.25586854460093894, "server_freq": 0.4259197647783892}}