{"server1": {"avg_delay": 2.7851919912030727, "avg_queue_size": 1.9693564862104187, "server_freq": 0.9779619824024794}, "server2": {"avg_delay": 2.003916940041163, "avg_queue_size": 0.3210161662817552, "server_freq": 0.4325408972219342}}