{"server1": {"avg_delay": 2.787473469378432, "avg_queue_size": 2.318137730358875, "server_freq": 1.029881818770673}, "server2": {"avg_delay": 1.9537380236472088, "avg_queue_size": 0.2860520094562648, "server_freq": 0.42195158011769324}}