{"server1": {"avg_delay": 2.9610841797797, "avg_queue_size": 2.429924242424242, "server_freq": 1.0537398785918461}, "server2": {"avg_delay": 1.7299104109464158, "avg_queue_size": 0.28159645232815966, "server_freq": 0.45088869567829476}}