{"server1": {"avg_delay": 2.6433067858869834, "avg_queue_size": 1.9195979899497488, "server_freq": 0.9949915541398097}, "server2": {"avg_delay": 2.4889691689726856, "avg_queue_size": 0.3372365339578454, "server_freq": 0.4269963754951746}}