{"server1": {"avg_delay": 3.5642314916722557, "avg_queue_size": 2.6947791164658637, "server_freq": 0.9938904838308502}, "server2": {"avg_delay": 2.2242861720759803, "avg_queue_size": 0.33793103448275863, "server_freq": 0.43395218308107547}}