{"server1": {"avg_delay": 3.9570310279720657, "avg_queue_size": 3.280318091451292, "server_freq": 1.0047558488499808}, "server2": {"avg_delay": 2.676529718368291, "avg_queue_size": 0.3877068557919622, "server_freq": 0.422897237874171}}