{"server1": {"avg_delay": 3.2710418591051176, "avg_queue_size": 2.5492957746478875, "server_freq": 0.9932558648994927}, "server2": {"avg_delay": 2.1594848136179583, "avg_queue_size": 0.3372093023255814, "server_freq": 0.42967809044947874}}