{"server1": {"avg_delay": 3.046344981562504, "avg_queue_size": 2.2591857000993047, "server_freq": 1.0015388692982918}, "server2": {"avg_delay": 2.1008962556325677, "avg_queue_size": 0.36446469248291574, "server_freq": 0.43779842789685813}}