{"server1": {"avg_delay": 2.6216320235279964, "avg_queue_size": 1.9232323232323232, "server_freq": 0.9894183823883738}, "server2": {"avg_delay": 1.5565865185546965, "avg_queue_size": 0.27427184466019416, "server_freq": 0.41075854056729455}}