{"server1": {"avg_delay": 3.147854950423722, "avg_queue_size": 2.4478649453823236, "server_freq": 1.004889834974374}, "server2": {"avg_delay": 1.969393199644468, "avg_queue_size": 0.2534883720930233, "server_freq": 0.42995286471540384}}