{"server1": {"avg_delay": 2.4160296798294874, "avg_queue_size": 1.935823754789272, "server_freq": 1.039691502285227}, "server2": {"avg_delay": 2.541828751270486, "avg_queue_size": 0.33101851851851855, "server_freq": 0.4318718547954021}}