{"server1": {"avg_delay": 3.286013300056916, "avg_queue_size": 2.462421711899791, "server_freq": 0.9570453316435047}, "server2": {"avg_delay": 1.3080281747735953, "avg_queue_size": 0.23058823529411765, "server_freq": 0.42457647802556314}}