{"server1": {"avg_delay": 2.578917816206467, "avg_queue_size": 1.908811475409836, "server_freq": 0.971699291653877}, "server2": {"avg_delay": 1.909286718901702, "avg_queue_size": 0.2847222222222222, "server_freq": 0.43086666121689404}}