{"server1": {"avg_delay": 3.542664350139705, "avg_queue_size": 2.7271805273833674, "server_freq": 0.9857462731734935}, "server2": {"avg_delay": 1.928818948091518, "avg_queue_size": 0.2894736842105263, "server_freq": 0.416892693624084}}