{"server1": {"avg_delay": 2.5969722658869996, "avg_queue_size": 1.8648090815273477, "server_freq": 0.9669451286533958}, "server2": {"avg_delay": 1.612274544397155, "avg_queue_size": 0.2772511848341232, "server_freq": 0.4219760540762492}}