{"server1": {"avg_delay": 3.770521784094759, "avg_queue_size": 3.047571853320119, "server_freq": 1.0085176337746864}, "server2": {"avg_delay": 2.191682034890995, "avg_queue_size": 0.44419642857142855, "server_freq": 0.4467863055473586}}