{"server1": {"avg_delay": 2.7855872140159224, "avg_queue_size": 1.9771598808341608, "server_freq": 1.00662833057526}, "server2": {"avg_delay": 1.7620340142135975, "avg_queue_size": 0.2327790973871734, "server_freq": 0.41984498395393166}}