{"server1": {"avg_delay": 2.7572850318221804, "avg_queue_size": 2.1828908554572273, "server_freq": 1.0159906500791795}, "server2": {"avg_delay": 2.2573999096746076, "avg_queue_size": 0.3891509433962264, "server_freq": 0.4229961072672175}}