{"server1": {"avg_delay": 2.7256406455886006, "avg_queue_size": 2.0244150559511698, "server_freq": 0.9797723558577099}, "server2": {"avg_delay": 1.9771162432169325, "avg_queue_size": 0.3348115299334812, "server_freq": 0.4508952372365584}}