{"server1": {"avg_delay": 2.813245727347704, "avg_queue_size": 2.3405456255879584, "server_freq": 1.0617003588111515}, "server2": {"avg_delay": 2.036527120314935, "avg_queue_size": 0.3259423503325942, "server_freq": 0.44987303339455575}}