{"server1": {"avg_delay": 3.182683314867239, "avg_queue_size": 2.4789579158316633, "server_freq": 0.9969851619456327}, "server2": {"avg_delay": 2.014369311643353, "avg_queue_size": 0.31627906976744186, "server_freq": 0.42899361532063834}}