{"server1": {"avg_delay": 3.562765303843509, "avg_queue_size": 2.715841584158416, "server_freq": 1.008484911969884}, "server2": {"avg_delay": 2.023643354243599, "avg_queue_size": 0.29213483146067415, "server_freq": 0.44433246121445386}}