{"server1": {"avg_delay": 3.6909174595443277, "avg_queue_size": 2.763397371081901, "server_freq": 0.9872303485931735}, "server2": {"avg_delay": 1.9478542096117413, "avg_queue_size": 0.2995391705069124, "server_freq": 0.43366191426056405}}