{"server1": {"avg_delay": 2.9975765075980028, "avg_queue_size": 2.2803261977573905, "server_freq": 0.9786708774577271}, "server2": {"avg_delay": 2.2841140877991055, "avg_queue_size": 0.2890995260663507, "server_freq": 0.4218581310389794}}