{"server1": {"avg_delay": 4.1994206381399914, "avg_queue_size": 3.2896015549076774, "server_freq": 1.0276021907004445}, "server2": {"avg_delay": 2.1806636351473614, "avg_queue_size": 0.40976645435244163, "server_freq": 0.4708177352333749}}