{"server1": {"avg_delay": 2.762594307022819, "avg_queue_size": 2.241080038572806, "server_freq": 1.0364903677874595}, "server2": {"avg_delay": 2.260551631693278, "avg_queue_size": 0.308411214953271, "server_freq": 0.4277896599932813}}