{"server1": {"avg_delay": 3.048004060991391, "avg_queue_size": 2.305327868852459, "server_freq": 0.9694582337707949}, "server2": {"avg_delay": 1.6625658788887452, "avg_queue_size": 0.29930394431554525, "server_freq": 0.43075927706722944}}