{"server1": {"avg_delay": 2.5728076840332843, "avg_queue_size": 1.7547770700636942, "server_freq": 0.9414749822224577}, "server2": {"avg_delay": 2.8159717214331677, "avg_queue_size": 0.3493975903614458, "server_freq": 0.4137692597028636}}