{"server1": {"avg_delay": 2.6431784501898647, "avg_queue_size": 1.9762140733399405, "server_freq": 1.0076590303854158}, "server2": {"avg_delay": 2.318432559921247, "avg_queue_size": 0.3934065934065934, "server_freq": 0.4548460901045279}}