{"server1": {"avg_delay": 3.897677553276078, "avg_queue_size": 3.355287569573284, "server_freq": 1.066843628158341}, "server2": {"avg_delay": 2.2006843973122545, "avg_queue_size": 0.4018264840182648, "server_freq": 0.43593610297754143}}