{"server1": {"avg_delay": 2.6095529073091877, "avg_queue_size": 1.755813953488372, "server_freq": 0.9454200607089582}, "server2": {"avg_delay": 1.8841710310375783, "avg_queue_size": 0.270935960591133, "server_freq": 0.4057511042788975}}