{"server1": {"avg_delay": 3.2138134743003923, "avg_queue_size": 2.430497925311203, "server_freq": 0.9609684414644364}, "server2": {"avg_delay": 1.901076070231595, "avg_queue_size": 0.23869346733668342, "server_freq": 0.3979869299717437}}