{"server1": {"avg_delay": 3.5484116023590637, "avg_queue_size": 2.7705242334322455, "server_freq": 1.0108547237337566}, "server2": {"avg_delay": 1.76126869318346, "avg_queue_size": 0.27839643652561247, "server_freq": 0.44893548066909666}}