{"server1": {"avg_delay": 2.4974093598794567, "avg_queue_size": 1.7505175983436854, "server_freq": 0.9659677899614044}, "server2": {"avg_delay": 1.6504837373637042, "avg_queue_size": 0.2261904761904762, "server_freq": 0.41998599563539324}}