{"server1": {"avg_delay": 2.814693691679393, "avg_queue_size": 2.1434223541048465, "server_freq": 1.0059834786320092}, "server2": {"avg_delay": 2.7458679725415136, "avg_queue_size": 0.43875278396436523, "server_freq": 0.4489926261488789}}