{"server1": {"avg_delay": 2.2447048044930047, "avg_queue_size": 1.6565656565656566, "server_freq": 0.9889380521179041}, "server2": {"avg_delay": 2.4681240726590206, "avg_queue_size": 0.41964285714285715, "server_freq": 0.4475194417664859}}