{"server1": {"avg_delay": 3.4182983765139614, "avg_queue_size": 2.431106471816284, "server_freq": 0.956989643202817}, "server2": {"avg_delay": 1.837995248686884, "avg_queue_size": 0.2759433962264151, "server_freq": 0.4239954114085626}}