{"server1": {"avg_delay": 3.2193885019982083, "avg_queue_size": 2.4550898203592815, "server_freq": 1.000645153006053}, "server2": {"avg_delay": 1.719063166434319, "avg_queue_size": 0.25821596244131456, "server_freq": 0.42484934068688557}}