{"server1": {"avg_delay": 2.58638480738845, "avg_queue_size": 1.9388777555110221, "server_freq": 0.9938776589929024}, "server2": {"avg_delay": 1.8598947563221928, "avg_queue_size": 0.3054298642533937, "server_freq": 0.4399458450270393}}