{"server1": {"avg_delay": 2.689622295376112, "avg_queue_size": 2.004110996916752, "server_freq": 0.9727997079367035}, "server2": {"avg_delay": 1.905447397723012, "avg_queue_size": 0.25586854460093894, "server_freq": 0.4259123078941785}}