{"server1": {"avg_delay": 2.8730943445403865, "avg_queue_size": 2.17, "server_freq": 0.9991462059430736}, "server2": {"avg_delay": 2.1094441063867375, "avg_queue_size": 0.29904306220095694, "server_freq": 0.41764311408420474}}