{"server1": {"avg_delay": 3.056839407343336, "avg_queue_size": 2.3222222222222224, "server_freq": 0.9888866338607131}, "server2": {"avg_delay": 2.848453780001093, "avg_queue_size": 0.4489795918367347, "server_freq": 0.44094944947681947}}