{"server1": {"avg_delay": 3.567480199157627, "avg_queue_size": 2.849639546858908, "server_freq": 0.9676883676197473}, "server2": {"avg_delay": 2.518905241915929, "avg_queue_size": 0.4182692307692308, "server_freq": 0.41586607534071784}}