{"server1": {"avg_delay": 2.9825592974549258, "avg_queue_size": 2.395038167938931, "server_freq": 1.0429268319362366}, "server2": {"avg_delay": 1.887547837087104, "avg_queue_size": 0.31690140845070425, "server_freq": 0.425970115440879}}