{"server1": {"avg_delay": 2.6929531283850805, "avg_queue_size": 1.9146211312700108, "server_freq": 0.9335834641156121}, "server2": {"avg_delay": 2.076947168740428, "avg_queue_size": 0.2761904761904762, "server_freq": 0.41981269264299476}}