{"server1": {"avg_delay": 1.9716616975472803, "avg_queue_size": 1.2362637362637363, "server_freq": 0.9092922858610609}, "server2": {"avg_delay": 1.961528846325119, "avg_queue_size": 0.22982885085574573, "server_freq": 0.4086819174913999}}