{"server1": {"avg_delay": 3.9873636000327273, "avg_queue_size": 3.1758454106280194, "server_freq": 1.0339366127866125}, "server2": {"avg_delay": 2.2489932547914875, "avg_queue_size": 0.28863636363636364, "server_freq": 0.43954793200590286}}