{"server1": {"avg_delay": 2.4155592340683314, "avg_queue_size": 1.7918834547346514, "server_freq": 0.9592150196501416}, "server2": {"avg_delay": 1.9484879214675341, "avg_queue_size": 0.26277372262773724, "server_freq": 0.410236600495534}}