{"server1": {"avg_delay": 3.7789566450930074, "avg_queue_size": 3.12855740922473, "server_freq": 1.0099472937968574}, "server2": {"avg_delay": 1.7830911935066036, "avg_queue_size": 0.26436781609195403, "server_freq": 0.4339773519879565}}