{"server1": {"avg_delay": 2.7215003112831506, "avg_queue_size": 2.139253279515641, "server_freq": 0.9887063452151869}, "server2": {"avg_delay": 2.145719408242317, "avg_queue_size": 0.34545454545454546, "server_freq": 0.43886965171836906}}