{"server1": {"avg_delay": 2.564725324924942, "avg_queue_size": 1.9153061224489796, "server_freq": 0.9789753283995147}, "server2": {"avg_delay": 1.9002461619826523, "avg_queue_size": 0.30935251798561153, "server_freq": 0.4159895164598551}}