{"server1": {"avg_delay": 2.4414527807182083, "avg_queue_size": 1.8268101761252447, "server_freq": 1.0214383204948088}, "server2": {"avg_delay": 1.8647767153358006, "avg_queue_size": 0.3261390887290168, "server_freq": 0.4167708215717566}}