{"server1": {"avg_delay": 3.2832968238017455, "avg_queue_size": 2.7639691714836223, "server_freq": 1.027882971494355}, "server2": {"avg_delay": 2.067070179080173, "avg_queue_size": 0.37528604118993136, "server_freq": 0.4359503653419638}}