{"server1": {"avg_delay": 3.0383315711420886, "avg_queue_size": 2.5150631681243927, "server_freq": 1.027784297743691}, "server2": {"avg_delay": 2.055253907791804, "avg_queue_size": 0.2803738317757009, "server_freq": 0.4279101940022372}}