{"server1": {"avg_delay": 2.4475701242350127, "avg_queue_size": 1.8293172690763053, "server_freq": 0.9959398873842042}, "server2": {"avg_delay": 1.948784923156885, "avg_queue_size": 0.28045977011494255, "server_freq": 0.4339738063501452}}