{"server1": {"avg_delay": 3.2752402177318882, "avg_queue_size": 2.6082272282076397, "server_freq": 1.019989927417611}, "server2": {"avg_delay": 2.1199173929625097, "avg_queue_size": 0.3052391799544419, "server_freq": 0.43899566483954033}}