{"server1": {"avg_delay": 2.9348049666141005, "avg_queue_size": 2.2753623188405796, "server_freq": 0.9628577877963201}, "server2": {"avg_delay": 2.052074011029395, "avg_queue_size": 0.24880382775119617, "server_freq": 0.41793827133838196}}