{"server1": {"avg_delay": 3.5863578056842016, "avg_queue_size": 2.6739356178608515, "server_freq": 0.9618927655118514}, "server2": {"avg_delay": 1.7538583470320748, "avg_queue_size": 0.26252983293556087, "server_freq": 0.41795340538872544}}