{"server1": {"avg_delay": 2.872691770490977, "avg_queue_size": 2.1801181102362204, "server_freq": 1.0113602034820948}, "server2": {"avg_delay": 2.2110178840111354, "avg_queue_size": 0.331002331002331, "server_freq": 0.428728781910888}}