{"server1": {"avg_delay": 3.317011413306001, "avg_queue_size": 2.773205741626794, "server_freq": 1.0438491167431734}, "server2": {"avg_delay": 2.2414576431372066, "avg_queue_size": 0.3777292576419214, "server_freq": 0.4569339524440903}}