{"server1": {"avg_delay": 3.9103398602015904, "avg_queue_size": 3.224171539961014, "server_freq": 1.0254697600381}, "server2": {"avg_delay": 2.331061859969243, "avg_queue_size": 0.3431818181818182, "server_freq": 0.43977260664401946}}