{"server1": {"avg_delay": 2.554822772535799, "avg_queue_size": 1.9926701570680627, "server_freq": 0.9536894055290936}, "server2": {"avg_delay": 1.9432547971520326, "avg_queue_size": 0.2803738317757009, "server_freq": 0.42686098130075784}}