{"server1": {"avg_delay": 2.7313335672755747, "avg_queue_size": 2.0841487279843443, "server_freq": 1.0209215414741288}, "server2": {"avg_delay": 1.9377990094515287, "avg_queue_size": 0.33856502242152464, "server_freq": 0.44596572722572125}}