{"server1": {"avg_delay": 2.972084347664963, "avg_queue_size": 2.1534552845528454, "server_freq": 0.9831818540181778}, "server2": {"avg_delay": 1.9786516422941254, "avg_queue_size": 0.2695852534562212, "server_freq": 0.433639151060863}}