{"server1": {"avg_delay": 2.190786220220521, "avg_queue_size": 1.565615462868769, "server_freq": 0.982892937425585}, "server2": {"avg_delay": 1.9467398869881556, "avg_queue_size": 0.21247113163972287, "server_freq": 0.43195294910259685}}