{"server1": {"avg_delay": 4.173169374196317, "avg_queue_size": 3.0399590163934427, "server_freq": 0.9757174148507967}, "server2": {"avg_delay": 2.152521122539368, "avg_queue_size": 0.26139088729016785, "server_freq": 0.416879264336867}}