{"server1": {"avg_delay": 4.025190809067091, "avg_queue_size": 3.2628458498023716, "server_freq": 1.009843595895561}, "server2": {"avg_delay": 1.9172864941695167, "avg_queue_size": 0.2505800464037123, "server_freq": 0.4299334121139517}}