{"server1": {"avg_delay": 2.9317972113715687, "avg_queue_size": 2.183505154639175, "server_freq": 0.9586255111665715}, "server2": {"avg_delay": 1.8901044315636542, "avg_queue_size": 0.27586206896551724, "server_freq": 0.43383052330166005}}