{"server1": {"avg_delay": 2.418420932641949, "avg_queue_size": 1.5356762513312034, "server_freq": 0.9389405011958861}, "server2": {"avg_delay": 1.749325566056807, "avg_queue_size": 0.22871046228710462, "server_freq": 0.4109739573924486}}