{"server1": {"avg_delay": 2.7692685137454314, "avg_queue_size": 1.9854166666666666, "server_freq": 0.9589892354599242}, "server2": {"avg_delay": 1.7971262696916301, "avg_queue_size": 0.2261904761904762, "server_freq": 0.4199952856028865}}