{"server1": {"avg_delay": 3.5465824609676786, "avg_queue_size": 3.0088495575221237, "server_freq": 1.0168861534112978}, "server2": {"avg_delay": 1.5934155169164193, "avg_queue_size": 0.19540229885057472, "server_freq": 0.4339514165000032}}