{"server1": {"avg_delay": 2.7367546018545497, "avg_queue_size": 1.9507853403141362, "server_freq": 0.9535173289987785}, "server2": {"avg_delay": 2.345224738056913, "avg_queue_size": 0.3701149425287356, "server_freq": 0.43378042011055545}}