{"server1": {"avg_delay": 2.612853586479709, "avg_queue_size": 2.070259865255053, "server_freq": 1.0338840619108505}, "server2": {"avg_delay": 2.397614576067842, "avg_queue_size": 0.35874439461883406, "server_freq": 0.4449501040138573}}