{"server1": {"avg_delay": 2.709735411443663, "avg_queue_size": 2.0136986301369864, "server_freq": 0.9449636245931193}, "server2": {"avg_delay": 2.6443033194821988, "avg_queue_size": 0.45243619489559167, "server_freq": 0.4309834097350629}}