{"server1": {"avg_delay": 3.9348762171538865, "avg_queue_size": 3.303639846743295, "server_freq": 1.0426706859817039}, "server2": {"avg_delay": 2.2005210001586586, "avg_queue_size": 0.27315914489311166, "server_freq": 0.41946521849838664}}