{"server1": {"avg_delay": 2.7868852581543004, "avg_queue_size": 2.20990099009901, "server_freq": 1.0097460424585134}, "server2": {"avg_delay": 2.984961611857766, "avg_queue_size": 0.4649532710280374, "server_freq": 0.42789238234875615}}