{"server1": {"avg_delay": 3.2212689592856862, "avg_queue_size": 2.5496031746031744, "server_freq": 0.9979800464656411}, "server2": {"avg_delay": 1.7294098532883153, "avg_queue_size": 0.22843822843822845, "server_freq": 0.4285620019356957}}