{"server1": {"avg_delay": 3.027326862961544, "avg_queue_size": 2.3912175648702596, "server_freq": 0.9971888506855605}, "server2": {"avg_delay": 2.0439381947952207, "avg_queue_size": 0.20705882352941177, "server_freq": 0.42465457068272866}}