{"server1": {"avg_delay": 2.9720894329324468, "avg_queue_size": 2.3043478260869565, "server_freq": 1.0316684866755423}, "server2": {"avg_delay": 2.0125681803019835, "avg_queue_size": 0.2863849765258216, "server_freq": 0.4258631543835088}}