{"server1": {"avg_delay": 3.2734838250373257, "avg_queue_size": 2.701449275362319, "server_freq": 1.0256245926888712}, "server2": {"avg_delay": 2.0281159848478683, "avg_queue_size": 0.23708920187793428, "server_freq": 0.42584412912812786}}