{"server1": {"avg_delay": 2.8112236468756024, "avg_queue_size": 2.194871794871795, "server_freq": 0.9748219566743644}, "server2": {"avg_delay": 2.0960802823420948, "avg_queue_size": 0.391304347826087, "server_freq": 0.4369202000684074}}