{"server1": {"avg_delay": 2.9389809797855535, "avg_queue_size": 2.2349896480331264, "server_freq": 0.9619583458295445}, "server2": {"avg_delay": 2.1889339525371128, "avg_queue_size": 0.2748267898383372, "server_freq": 0.4319812945928932}}