{"server1": {"avg_delay": 3.1956096028007384, "avg_queue_size": 2.7475633528265107, "server_freq": 1.022942856672422}, "server2": {"avg_delay": 1.9592300448509374, "avg_queue_size": 0.29195402298850576, "server_freq": 0.4345509205590855}}