{"server1": {"avg_delay": 3.01361486467189, "avg_queue_size": 2.29296066252588, "server_freq": 0.965807646538538}, "server2": {"avg_delay": 2.261579286846743, "avg_queue_size": 0.31381733021077285, "server_freq": 0.42591517331823725}}