{"server1": {"avg_delay": 2.3963556826149395, "avg_queue_size": 1.6452991452991452, "server_freq": 0.9359038065476359}, "server2": {"avg_delay": 1.832562558608074, "avg_queue_size": 0.28205128205128205, "server_freq": 0.4279560141051156}}