{"server1": {"avg_delay": 3.426132771887729, "avg_queue_size": 2.5553235908141962, "server_freq": 0.9575948392315368}, "server2": {"avg_delay": 2.318019916626931, "avg_queue_size": 0.2358490566037736, "server_freq": 0.4238206804114526}}