{"server1": {"avg_delay": 2.87101486278801, "avg_queue_size": 2.2704339051463167, "server_freq": 0.9834474035999036}, "server2": {"avg_delay": 1.8091504668160399, "avg_queue_size": 0.27230046948356806, "server_freq": 0.4257607661926412}}