{"server1": {"avg_delay": 3.15897166383784, "avg_queue_size": 2.4211065573770494, "server_freq": 0.972750759119412}, "server2": {"avg_delay": 1.986836809398469, "avg_queue_size": 0.2784503631961259, "server_freq": 0.41189446326536255}}