{"server1": {"avg_delay": 2.974001077730876, "avg_queue_size": 2.375366568914956, "server_freq": 1.0218646770456798}, "server2": {"avg_delay": 1.8779458368394357, "avg_queue_size": 0.2786516853932584, "server_freq": 0.44494107757859835}}