{"server1": {"avg_delay": 3.401394418478114, "avg_queue_size": 2.5239043824701195, "server_freq": 0.9966016012469505}, "server2": {"avg_delay": 2.0779048418667405, "avg_queue_size": 0.3082039911308204, "server_freq": 0.45036805827893256}}