{"server1": {"avg_delay": 3.466852386109469, "avg_queue_size": 2.646414342629482, "server_freq": 1.003714388634605}, "server2": {"avg_delay": 2.082450556996984, "avg_queue_size": 0.315668202764977, "server_freq": 0.43387653851336505}}