{"server1": {"avg_delay": 3.271711819590181, "avg_queue_size": 2.63609756097561, "server_freq": 1.0227340552412156}, "server2": {"avg_delay": 1.740802285430122, "avg_queue_size": 0.296127562642369, "server_freq": 0.4388858751230632}}