{"server1": {"avg_delay": 3.155340580291127, "avg_queue_size": 2.197314049586777, "server_freq": 0.9627326238242808}, "server2": {"avg_delay": 2.2835039216588773, "avg_queue_size": 0.3477272727272727, "server_freq": 0.4398778343537732}}