{"server1": {"avg_delay": 3.32159228685661, "avg_queue_size": 2.481, "server_freq": 0.9982842717740095}, "server2": {"avg_delay": 1.987846537919397, "avg_queue_size": 0.2736077481840194, "server_freq": 0.41270410835101695}}