{"server1": {"avg_delay": 3.318014688651312, "avg_queue_size": 2.422812192723697, "server_freq": 1.0158904979644636}, "server2": {"avg_delay": 2.428753853841588, "avg_queue_size": 0.4590909090909091, "server_freq": 0.4395199794536519}}