{"server1": {"avg_delay": 2.7931854533065485, "avg_queue_size": 2.126787416587226, "server_freq": 1.0487894075606026}, "server2": {"avg_delay": 2.03876405357829, "avg_queue_size": 0.2929061784897025, "server_freq": 0.43591247063529337}}