{"server1": {"avg_delay": 3.2409426569054216, "avg_queue_size": 2.805157593123209, "server_freq": 1.0463825804187519}, "server2": {"avg_delay": 1.8560779721864533, "avg_queue_size": 0.27209302325581397, "server_freq": 0.42974642748812164}}