{"server1": {"avg_delay": 2.7984499470310484, "avg_queue_size": 1.965128205128205, "server_freq": 0.9709183509492896}, "server2": {"avg_delay": 1.8895115546572323, "avg_queue_size": 0.32036613272311215, "server_freq": 0.43696325372280076}}