{"server1": {"avg_delay": 3.1088520496318592, "avg_queue_size": 2.4563953488372094, "server_freq": 1.0294962993963186}, "server2": {"avg_delay": 2.5531711263781474, "avg_queue_size": 0.5142231947483589, "server_freq": 0.45677651342147335}}