{"server1": {"avg_delay": 2.803098615672217, "avg_queue_size": 2.35311004784689, "server_freq": 1.0445522157926963}, "server2": {"avg_delay": 1.9439761784614118, "avg_queue_size": 0.34813084112149534, "server_freq": 0.42781660130074073}}