{"server1": {"avg_delay": 3.1479703347528445, "avg_queue_size": 2.5474747474747477, "server_freq": 0.9870843529901081}, "server2": {"avg_delay": 2.000356428680997, "avg_queue_size": 0.2877030162412993, "server_freq": 0.42873360786439035}}