{"server1": {"avg_delay": 3.452722285223057, "avg_queue_size": 2.675728155339806, "server_freq": 1.028948641477553}, "server2": {"avg_delay": 2.456005065094231, "avg_queue_size": 0.3835616438356164, "server_freq": 0.4379781389379672}}