{"server1": {"avg_delay": 2.8077331807184756, "avg_queue_size": 1.8543046357615893, "server_freq": 0.9029633350286898}, "server2": {"avg_delay": 2.221006993121927, "avg_queue_size": 0.3036144578313253, "server_freq": 0.41498314954253185}}