{"server1": {"avg_delay": 2.925434131553208, "avg_queue_size": 2.127363184079602, "server_freq": 0.997977885159543}, "server2": {"avg_delay": 1.8830513532087412, "avg_queue_size": 0.25862068965517243, "server_freq": 0.40599100338153754}}