{"server1": {"avg_delay": 3.0960882594815256, "avg_queue_size": 2.5982142857142856, "server_freq": 1.0035815786588436}, "server2": {"avg_delay": 1.8243922242949957, "avg_queue_size": 0.234192037470726, "server_freq": 0.4268220459037114}}