{"server1": {"avg_delay": 2.6466626349269022, "avg_queue_size": 2.0907317073170733, "server_freq": 1.0166107535735356}, "server2": {"avg_delay": 1.8820186541790798, "avg_queue_size": 0.32272727272727275, "server_freq": 0.4398315944664264}}