{"server1": {"avg_delay": 2.737377194080465, "avg_queue_size": 2.197802197802198, "server_freq": 1.000535464026874}, "server2": {"avg_delay": 1.8215935562506533, "avg_queue_size": 0.3493150684931507, "server_freq": 0.4377967365072636}}