{"server1": {"avg_delay": 2.7034916173974484, "avg_queue_size": 1.8742331288343559, "server_freq": 0.9749230155823974}, "server2": {"avg_delay": 1.8809645591181128, "avg_queue_size": 0.2695852534562212, "server_freq": 0.4339657320643697}}