{"server1": {"avg_delay": 2.927745784414021, "avg_queue_size": 2.1446409989594173, "server_freq": 0.9596825440543374}, "server2": {"avg_delay": 2.2620223201803693, "avg_queue_size": 0.34793187347931875, "server_freq": 0.40986441985653993}}