{"server1": {"avg_delay": 3.137138175144729, "avg_queue_size": 2.3771144278606964, "server_freq": 0.9996682500253022}, "server2": {"avg_delay": 1.7763095114192597, "avg_queue_size": 0.2505800464037123, "server_freq": 0.43085701576090524}}