{"server1": {"avg_delay": 2.923823444771615, "avg_queue_size": 2.5219084712755597, "server_freq": 1.0239704474874514}, "server2": {"avg_delay": 1.8968262431697378, "avg_queue_size": 0.2727272727272727, "server_freq": 0.42698767683314626}}