{"server1": {"avg_delay": 3.339337722722335, "avg_queue_size": 2.7347956131605184, "server_freq": 1.002896816426487}, "server2": {"avg_delay": 2.039577341761607, "avg_queue_size": 0.3163972286374134, "server_freq": 0.4329554551472272}}