{"server1": {"avg_delay": 3.138096998287489, "avg_queue_size": 2.5487329434697856, "server_freq": 1.0187901344335288}, "server2": {"avg_delay": 2.150842693233502, "avg_queue_size": 0.2917647058823529, "server_freq": 0.4249124702004414}}