{"server1": {"avg_delay": 2.5692234618759917, "avg_queue_size": 1.9889112903225807, "server_freq": 0.9859277500332166}, "server2": {"avg_delay": 1.7437412871941778, "avg_queue_size": 0.2914691943127962, "server_freq": 0.4209691508762517}}