{"server1": {"avg_delay": 2.8020203022642702, "avg_queue_size": 2.0692148760330578, "server_freq": 0.9678266538203624}, "server2": {"avg_delay": 2.0899648632738486, "avg_queue_size": 0.2651162790697674, "server_freq": 0.4289231761249333}}