{"server1": {"avg_delay": 2.5000295810285422, "avg_queue_size": 2.050196850393701, "server_freq": 1.0123972502315628}, "server2": {"avg_delay": 1.803895893845343, "avg_queue_size": 0.30504587155963303, "server_freq": 0.43574057364359464}}