{"server1": {"avg_delay": 3.3058003237808156, "avg_queue_size": 2.8059113300492613, "server_freq": 1.014506409542454}, "server2": {"avg_delay": 2.2739553125359886, "avg_queue_size": 0.3009478672985782, "server_freq": 0.42179478308070506}}