{"server1": {"avg_delay": 2.669399494562148, "avg_queue_size": 2.0303951367781155, "server_freq": 0.9858088692125914}, "server2": {"avg_delay": 2.28651857970016, "avg_queue_size": 0.33726415094339623, "server_freq": 0.4224895153768249}}