{"server1": {"avg_delay": 3.2697583324297317, "avg_queue_size": 2.57935735150925, "server_freq": 1.0255760283232207}, "server2": {"avg_delay": 2.309253270079992, "avg_queue_size": 0.33098591549295775, "server_freq": 0.4244107225290835}}