{"server1": {"avg_delay": 3.512399654658808, "avg_queue_size": 2.9884836852207295, "server_freq": 1.0402089735501066}, "server2": {"avg_delay": 2.156689793014373, "avg_queue_size": 0.32066508313539194, "server_freq": 0.41968085388188736}}