{"server1": {"avg_delay": 3.030009326166669, "avg_queue_size": 2.225937183383992, "server_freq": 0.9839847649391575}, "server2": {"avg_delay": 2.0701652274126725, "avg_queue_size": 0.30413625304136255, "server_freq": 0.4109936365751969}}