{"server1": {"avg_delay": 2.758966414333823, "avg_queue_size": 2.0690335305719922, "server_freq": 1.00485869934397}, "server2": {"avg_delay": 2.3841879255507346, "avg_queue_size": 0.35697940503432496, "server_freq": 0.43693855881921884}}