{"server1": {"avg_delay": 2.906645602392261, "avg_queue_size": 2.288306451612903, "server_freq": 0.9907675613149743}, "server2": {"avg_delay": 2.1351661103164536, "avg_queue_size": 0.3704545454545455, "server_freq": 0.43989679816204713}}