{"server1": {"avg_delay": 2.8013785295401714, "avg_queue_size": 2.0497512437810945, "server_freq": 1.0016628559817433}, "server2": {"avg_delay": 2.176754984964187, "avg_queue_size": 0.3395348837209302, "server_freq": 0.4298553174372751}}