{"server1": {"avg_delay": 4.240672910378628, "avg_queue_size": 3.529750479846449, "server_freq": 1.0368569804888985}, "server2": {"avg_delay": 1.7726073107980587, "avg_queue_size": 0.29571106094808125, "server_freq": 0.44193904086412067}}