{"server1": {"avg_delay": 2.4222529770136587, "avg_queue_size": 1.7825641025641026, "server_freq": 0.9743764532277974}, "server2": {"avg_delay": 2.0954945615484672, "avg_queue_size": 0.2806603773584906, "server_freq": 0.42372883709598574}}