{"server1": {"avg_delay": 2.346184337800987, "avg_queue_size": 1.6767782426778242, "server_freq": 0.9553183390293629}, "server2": {"avg_delay": 2.0949591079725853, "avg_queue_size": 0.2565947242206235, "server_freq": 0.41470409068743264}}