{"server1": {"avg_delay": 2.9635762298693975, "avg_queue_size": 2.0708418891170433, "server_freq": 0.972818889259961}, "server2": {"avg_delay": 2.062083445437398, "avg_queue_size": 0.28741092636579574, "server_freq": 0.42092163656571796}}