{"server1": {"avg_delay": 2.2462095175825194, "avg_queue_size": 1.6623115577889447, "server_freq": 0.9948618815236714}, "server2": {"avg_delay": 2.0596238406583667, "avg_queue_size": 0.3258426966292135, "server_freq": 0.44393836723267344}}