{"server1": {"avg_delay": 2.420463212638162, "avg_queue_size": 1.8147410358565736, "server_freq": 1.0003943033265188}, "server2": {"avg_delay": 2.184676896843576, "avg_queue_size": 0.30484988452655887, "server_freq": 0.4327379953450376}}