{"server1": {"avg_delay": 2.7372213356099357, "avg_queue_size": 2.1517311608961305, "server_freq": 0.9777691331338194}, "server2": {"avg_delay": 2.1295357384684337, "avg_queue_size": 0.3333333333333333, "server_freq": 0.4219003825996644}}