{"server1": {"avg_delay": 4.166899866590004, "avg_queue_size": 3.5574387947269304, "server_freq": 1.055867623621301}, "server2": {"avg_delay": 2.2073150611048895, "avg_queue_size": 0.3819444444444444, "server_freq": 0.4299460967397343}}