{"server1": {"avg_delay": 3.0986305060746377, "avg_queue_size": 2.3658051689860833, "server_freq": 0.9998649828557014}, "server2": {"avg_delay": 2.2710783828176986, "avg_queue_size": 0.3591549295774648, "server_freq": 0.4259424826965288}}