{"server1": {"avg_delay": 3.3422361690600053, "avg_queue_size": 2.513874614594039, "server_freq": 0.9713979878124323}, "server2": {"avg_delay": 1.8903545571407416, "avg_queue_size": 0.33497536945812806, "server_freq": 0.40474916158851343}}