{"server1": {"avg_delay": 3.280805666255502, "avg_queue_size": 2.4275582573454915, "server_freq": 0.982263882523715}, "server2": {"avg_delay": 2.228255250708774, "avg_queue_size": 0.27228915662650605, "server_freq": 0.4130086233509035}}