{"server1": {"avg_delay": 2.963898705672478, "avg_queue_size": 2.219938335046249, "server_freq": 0.9718138064906024}, "server2": {"avg_delay": 1.976040015259419, "avg_queue_size": 0.3325842696629214, "server_freq": 0.444914757086747}}