{"server1": {"avg_delay": 3.7835809421603273, "avg_queue_size": 2.9009100101112235, "server_freq": 0.9839068096446656}, "server2": {"avg_delay": 1.88432308158139, "avg_queue_size": 0.28868360277136257, "server_freq": 0.432958992455427}}