{"server1": {"avg_delay": 2.4581227674968438, "avg_queue_size": 1.8704819277108433, "server_freq": 0.9855368087322327}, "server2": {"avg_delay": 1.8327359123423395, "avg_queue_size": 0.2647754137115839, "server_freq": 0.4228012881275197}}