{"server1": {"avg_delay": 3.276546765398086, "avg_queue_size": 2.617021276595745, "server_freq": 1.031285730584183}, "server2": {"avg_delay": 2.3527503477963214, "avg_queue_size": 0.43013100436681223, "server_freq": 0.4567977413999572}}