{"server1": {"avg_delay": 2.8013504559227367, "avg_queue_size": 2.0386965376782076, "server_freq": 0.9793792393456645}, "server2": {"avg_delay": 2.1124518230838194, "avg_queue_size": 0.2971014492753623, "server_freq": 0.41373776029500525}}