{"server1": {"avg_delay": 3.6096769277562553, "avg_queue_size": 2.5766497461928934, "server_freq": 0.9827629165784558}, "server2": {"avg_delay": 1.9919935607699237, "avg_queue_size": 0.34192037470725994, "server_freq": 0.42689701462767105}}