{"server1": {"avg_delay": 3.4782757077726476, "avg_queue_size": 2.6878097125867195, "server_freq": 1.0059686947167288}, "server2": {"avg_delay": 2.4534981880556184, "avg_queue_size": 0.3279445727482679, "server_freq": 0.43298652565839324}}