{"server1": {"avg_delay": 2.5431581819659685, "avg_queue_size": 1.8107287449392713, "server_freq": 0.9858754879613312}, "server2": {"avg_delay": 1.6723833039997895, "avg_queue_size": 0.18952618453865336, "server_freq": 0.4009493617368092}}