{"server1": {"avg_delay": 2.4659667423045106, "avg_queue_size": 2.027804410354746, "server_freq": 1.0418306667214396}, "server2": {"avg_delay": 1.7837062644521586, "avg_queue_size": 0.2888402625820569, "server_freq": 0.4569257338691919}}