{"server1": {"avg_delay": 2.954665323966349, "avg_queue_size": 2.427264409881061, "server_freq": 1.0899121000392176}, "server2": {"avg_delay": 1.9358456561578758, "avg_queue_size": 0.2847380410022779, "server_freq": 0.43796467873135536}}