{"server1": {"avg_delay": 3.900016894972497, "avg_queue_size": 3.1609421000981355, "server_freq": 1.015754654482185}, "server2": {"avg_delay": 2.0338433579062722, "avg_queue_size": 0.33490566037735847, "server_freq": 0.42389761171303775}}