{"server1": {"avg_delay": 2.5381031847886133, "avg_queue_size": 1.8108108108108107, "server_freq": 0.9938409806336251}, "server2": {"avg_delay": 2.3229582761571437, "avg_queue_size": 0.3416856492027335, "server_freq": 0.43892976911283843}}