{"server1": {"avg_delay": 3.148080565320286, "avg_queue_size": 2.236734693877551, "server_freq": 0.9747206040064829}, "server2": {"avg_delay": 2.1871055335093468, "avg_queue_size": 0.35135135135135137, "server_freq": 0.4418733404829389}}