{"server1": {"avg_delay": 3.0396928912451284, "avg_queue_size": 2.277379733879222, "server_freq": 0.9711709167042767}, "server2": {"avg_delay": 1.786436295844052, "avg_queue_size": 0.2725225225225225, "server_freq": 0.4436212829389906}}