{"server1": {"avg_delay": 2.9236483254912886, "avg_queue_size": 2.4396887159533076, "server_freq": 1.0209828715094025}, "server2": {"avg_delay": 2.139479166309907, "avg_queue_size": 0.3440366972477064, "server_freq": 0.43499270235709114}}