{"server1": {"avg_delay": 2.479198528345629, "avg_queue_size": 1.8781925343811394, "server_freq": 1.0159622446091097}, "server2": {"avg_delay": 2.1576622504620184, "avg_queue_size": 0.3182897862232779, "server_freq": 0.42098435529570394}}