{"server1": {"avg_delay": 2.7486989062181824, "avg_queue_size": 2.104950495049505, "server_freq": 1.00731511507813}, "server2": {"avg_delay": 1.889552152270411, "avg_queue_size": 0.35253456221198154, "server_freq": 0.4328462969741668}}