{"server1": {"avg_delay": 2.599178747218446, "avg_queue_size": 1.8147345612134345, "server_freq": 0.9225050532917414}, "server2": {"avg_delay": 2.001808418093546, "avg_queue_size": 0.3333333333333333, "server_freq": 0.4137779979011711}}