{"server1": {"avg_delay": 3.4893590841406437, "avg_queue_size": 2.801005025125628, "server_freq": 0.9940335570965615}, "server2": {"avg_delay": 1.891617847624373, "avg_queue_size": 0.25277161862527714, "server_freq": 0.4505619439704012}}