{"server1": {"avg_delay": 2.528060285019204, "avg_queue_size": 2.002906976744186, "server_freq": 1.0269848385675657}, "server2": {"avg_delay": 1.8876899041670807, "avg_queue_size": 0.25995316159250587, "server_freq": 0.42399374055759287}}