{"server1": {"avg_delay": 2.4522748622828345, "avg_queue_size": 1.816161616161616, "server_freq": 0.987656974233736}, "server2": {"avg_delay": 1.7338935354138254, "avg_queue_size": 0.2691415313225058, "server_freq": 0.4308503602173484}}