{"server1": {"avg_delay": 3.768781865349808, "avg_queue_size": 2.9142011834319526, "server_freq": 1.002939142715277}, "server2": {"avg_delay": 2.461446763638731, "avg_queue_size": 0.35648148148148145, "server_freq": 0.4319737882881352}}