{"server1": {"avg_delay": 3.179820336683504, "avg_queue_size": 2.4420946626384694, "server_freq": 0.9919481592677738}, "server2": {"avg_delay": 2.143874329772387, "avg_queue_size": 0.350109409190372, "server_freq": 0.4559761699859928}}