{"server1": {"avg_delay": 2.4399313371158513, "avg_queue_size": 1.8005982053838485, "server_freq": 1.0017897064001466}, "server2": {"avg_delay": 2.0504077054744347, "avg_queue_size": 0.3340961098398169, "server_freq": 0.43690828512661084}}