{"server1": {"avg_delay": 2.9077304915274444, "avg_queue_size": 2.1443736730360934, "server_freq": 0.9409927184829653}, "server2": {"avg_delay": 1.9189834931042418, "avg_queue_size": 0.2642857142857143, "server_freq": 0.41999675001365083}}