{"server1": {"avg_delay": 2.511122083838111, "avg_queue_size": 1.7754237288135593, "server_freq": 0.9417495092210203}, "server2": {"avg_delay": 1.7891546050441725, "avg_queue_size": 0.2494279176201373, "server_freq": 0.435884061592744}}