{"server1": {"avg_delay": 3.1570435455696773, "avg_queue_size": 2.260385005065856, "server_freq": 0.9868474378889801}, "server2": {"avg_delay": 2.3237641408956677, "avg_queue_size": 0.35046728971962615, "server_freq": 0.42793384338042906}}