{"server1": {"avg_delay": 2.990456365028973, "avg_queue_size": 2.201219512195122, "server_freq": 0.9834372116898097}, "server2": {"avg_delay": 2.267019497653661, "avg_queue_size": 0.34032634032634035, "server_freq": 0.42875463802330116}}