{"server1": {"avg_delay": 3.0835536695549277, "avg_queue_size": 2.506366307541626, "server_freq": 1.0187385188971638}, "server2": {"avg_delay": 2.2088895042671877, "avg_queue_size": 0.29256594724220625, "server_freq": 0.41607635884438526}}