{"server1": {"avg_delay": 2.608071695734741, "avg_queue_size": 2.1474926253687316, "server_freq": 1.0086071138989123}, "server2": {"avg_delay": 2.081229656815632, "avg_queue_size": 0.29694323144104806, "server_freq": 0.45736837442148703}}