{"server1": {"avg_delay": 3.5490922607445614, "avg_queue_size": 2.559958289885297, "server_freq": 0.9555637779015655}, "server2": {"avg_delay": 1.9144093063564178, "avg_queue_size": 0.3317972350230415, "server_freq": 0.43380196611849314}}