{"server1": {"avg_delay": 2.7351467498360544, "avg_queue_size": 2.2878048780487803, "server_freq": 1.022928880743358}, "server2": {"avg_delay": 1.6919913336740748, "avg_queue_size": 0.23917995444191345, "server_freq": 0.4389694805927021}}