{"server1": {"avg_delay": 2.8427236315858457, "avg_queue_size": 2.1448692152917506, "server_freq": 0.9918987083981409}, "server2": {"avg_delay": 1.992267163587515, "avg_queue_size": 0.2987951807228916, "server_freq": 0.41495762498510935}}