{"server1": {"avg_delay": 2.6381352531862894, "avg_queue_size": 2.110651499482937, "server_freq": 0.9598788160056875}, "server2": {"avg_delay": 2.2891575300596787, "avg_queue_size": 0.35903614457831323, "server_freq": 0.4149476131691253}}