{"server1": {"avg_delay": 2.9541081925388237, "avg_queue_size": 2.257804632426989, "server_freq": 0.9920759910045148}, "server2": {"avg_delay": 1.9273350673101035, "avg_queue_size": 0.2793427230046948, "server_freq": 0.4256035973493689}}