{"server1": {"avg_delay": 3.269427173176821, "avg_queue_size": 2.709583736689255, "server_freq": 1.032277629204356}, "server2": {"avg_delay": 3.1042759674753495, "avg_queue_size": 0.49884526558891457, "server_freq": 0.43269720565874753}}