{"server1": {"avg_delay": 3.6087457689135825, "avg_queue_size": 2.7733739837398375, "server_freq": 0.9778002908070447}, "server2": {"avg_delay": 2.3410928912593088, "avg_queue_size": 0.4159090909090909, "server_freq": 0.439910151283333}}