{"server1": {"avg_delay": 2.913802678923572, "avg_queue_size": 2.2261410788381744, "server_freq": 0.9629364135383044}, "server2": {"avg_delay": 2.5345209014419665, "avg_queue_size": 0.3177570093457944, "server_freq": 0.42752778526389446}}