{"server1": {"avg_delay": 2.750510600235581, "avg_queue_size": 2.009155645981689, "server_freq": 0.9826867852903282}, "server2": {"avg_delay": 2.0797554741876008, "avg_queue_size": 0.34498834498834496, "server_freq": 0.42686394437331654}}