{"server1": {"avg_delay": 3.071546090971291, "avg_queue_size": 2.300507614213198, "server_freq": 0.9834371988089624}, "server2": {"avg_delay": 1.9833688409965704, "avg_queue_size": 0.20657276995305165, "server_freq": 0.4257563482648557}}