{"server1": {"avg_delay": 3.9778370793824163, "avg_queue_size": 2.9762886597938145, "server_freq": 0.9582327621154495}, "server2": {"avg_delay": 2.045327460086095, "avg_queue_size": 0.2622549019607843, "server_freq": 0.40667438392178096}}