{"server1": {"avg_delay": 3.1551870556509405, "avg_queue_size": 2.4352941176470586, "server_freq": 1.0195316366797151}, "server2": {"avg_delay": 1.9717671648724582, "avg_queue_size": 0.24822695035460993, "server_freq": 0.4218062261557252}}