{"server1": {"avg_delay": 3.1208157027133114, "avg_queue_size": 2.3213572854291415, "server_freq": 1.001426028374123}, "server2": {"avg_delay": 1.6501407535628922, "avg_queue_size": 0.21728971962616822, "server_freq": 0.4277548304831583}}