{"server1": {"avg_delay": 3.2419807359935433, "avg_queue_size": 2.8402309913378248, "server_freq": 1.0307416120016166}, "server2": {"avg_delay": 2.323939835445566, "avg_queue_size": 0.25707547169811323, "server_freq": 0.4238937376223913}}