{"server1": {"avg_delay": 2.6611476859595875, "avg_queue_size": 1.8236493374108054, "server_freq": 0.9808595694061342}, "server2": {"avg_delay": 2.291545526879455, "avg_queue_size": 0.3348729792147806, "server_freq": 0.4329380158540837}}