{"server1": {"avg_delay": 2.806581041901645, "avg_queue_size": 2.2554455445544552, "server_freq": 1.0078035139774606}, "server2": {"avg_delay": 2.0081092532342777, "avg_queue_size": 0.2576832151300236, "server_freq": 0.4209179358973323}}