{"server1": {"avg_delay": 2.6862356336456403, "avg_queue_size": 1.8901554404145078, "server_freq": 0.9636799219029034}, "server2": {"avg_delay": 2.0910902974602426, "avg_queue_size": 0.3674418604651163, "server_freq": 0.42985722657494657}}