{"server1": {"avg_delay": 2.686632259365447, "avg_queue_size": 2.19205298013245, "server_freq": 1.0548053043722632}, "server2": {"avg_delay": 2.665517618240043, "avg_queue_size": 0.46741573033707867, "server_freq": 0.444917877199675}}