{"server1": {"avg_delay": 4.157720737460333, "avg_queue_size": 3.3733733733733735, "server_freq": 0.9978736345887214}, "server2": {"avg_delay": 2.0587195845879833, "avg_queue_size": 0.2766990291262136, "server_freq": 0.4119478331167868}}