{"server1": {"avg_delay": 2.6657322275126996, "avg_queue_size": 1.9318658280922432, "server_freq": 0.9499261852598921}, "server2": {"avg_delay": 1.942194783974537, "avg_queue_size": 0.2951219512195122, "server_freq": 0.409968143112164}}