{"server1": {"avg_delay": 2.6033876933554154, "avg_queue_size": 1.9767206477732793, "server_freq": 0.9819325499335184}, "server2": {"avg_delay": 2.467610656973807, "avg_queue_size": 0.3204819277108434, "server_freq": 0.41397156382125927}}