{"server1": {"avg_delay": 3.0457147001382747, "avg_queue_size": 2.120833333333333, "server_freq": 0.9589650638749663}, "server2": {"avg_delay": 2.2045563176022216, "avg_queue_size": 0.39351851851851855, "server_freq": 0.43198426235034976}}