{"server1": {"avg_delay": 3.3911745715174786, "avg_queue_size": 3.1420345489443378, "server_freq": 1.023655449709148}, "server2": {"avg_delay": 1.840688203977347, "avg_queue_size": 0.23684210526315788, "server_freq": 0.41586002644434134}}