{"server1": {"avg_delay": 2.93730732456277, "avg_queue_size": 2.323676323676324, "server_freq": 0.9957836304175699}, "server2": {"avg_delay": 2.180290770943267, "avg_queue_size": 0.3441108545034642, "server_freq": 0.4329059357136624}}