{"server1": {"avg_delay": 2.768114988444088, "avg_queue_size": 1.9176954732510287, "server_freq": 0.9708815507846303}, "server2": {"avg_delay": 2.5548253579357443, "avg_queue_size": 0.4056603773584906, "server_freq": 0.423948277582578}}