{"server1": {"avg_delay": 2.901336066262558, "avg_queue_size": 2.0192102454642478, "server_freq": 0.9365708458399143}, "server2": {"avg_delay": 2.053921448556133, "avg_queue_size": 0.3294930875576037, "server_freq": 0.4298030562552435}}