{"server1": {"avg_delay": 4.025729907361915, "avg_queue_size": 3.2908912830558275, "server_freq": 1.019984244100001}, "server2": {"avg_delay": 2.1651021847345038, "avg_queue_size": 0.3709677419354839, "server_freq": 0.4319933269129417}}