{"server1": {"avg_delay": 2.736198598219538, "avg_queue_size": 2.0770770770770772, "server_freq": 0.9981765237811585}, "server2": {"avg_delay": 2.1797115550183417, "avg_queue_size": 0.317351598173516, "server_freq": 0.43763895637252}}