{"server1": {"avg_delay": 2.611458508280764, "avg_queue_size": 1.9606060606060607, "server_freq": 0.9889626944497775}, "server2": {"avg_delay": 2.7792828429858805, "avg_queue_size": 0.5361990950226244, "server_freq": 0.4399834029908009}}