{"server1": {"avg_delay": 2.6720657228226763, "avg_queue_size": 1.843076923076923, "server_freq": 0.9745028479609342}, "server2": {"avg_delay": 2.3472851372947754, "avg_queue_size": 0.3108433734939759, "server_freq": 0.4147883916961925}}