{"server1": {"avg_delay": 3.205368341348758, "avg_queue_size": 2.6956937799043064, "server_freq": 1.0416888887771507}, "server2": {"avg_delay": 2.125264304221121, "avg_queue_size": 0.2669683257918552, "server_freq": 0.44186803151583554}}