{"server1": {"avg_delay": 2.8663182733055383, "avg_queue_size": 2.3035175879396985, "server_freq": 0.9935838848784612}, "server2": {"avg_delay": 1.818238140650401, "avg_queue_size": 0.23598130841121495, "server_freq": 0.42682124632102914}}