{"server1": {"avg_delay": 3.3899701728629625, "avg_queue_size": 2.757575757575758, "server_freq": 1.0199268454940815}, "server2": {"avg_delay": 1.7933844873417002, "avg_queue_size": 0.26096997690531176, "server_freq": 0.4329689451950366}}