{"server1": {"avg_delay": 3.5242527344001315, "avg_queue_size": 2.9131293188548866, "server_freq": 1.0126439705939176}, "server2": {"avg_delay": 2.0880308400075167, "avg_queue_size": 0.3238095238095238, "server_freq": 0.419852386623342}}