{"server1": {"avg_delay": 3.139999856204806, "avg_queue_size": 2.374233128834356, "server_freq": 0.9762107704112282}, "server2": {"avg_delay": 2.0463047376258228, "avg_queue_size": 0.28199052132701424, "server_freq": 0.4216591045174394}}