{"server1": {"avg_delay": 2.97251327776367, "avg_queue_size": 2.3833833833833835, "server_freq": 0.9902976205834312}, "server2": {"avg_delay": 1.9027355547334652, "avg_queue_size": 0.22384428223844283, "server_freq": 0.41070870036305773}}