{"server1": {"avg_delay": 2.874871136571168, "avg_queue_size": 2.189672293942403, "server_freq": 1.005388731251322}, "server2": {"avg_delay": 2.2261858484419372, "avg_queue_size": 0.32175925925925924, "server_freq": 0.4317375068594147}}