{"server1": {"avg_delay": 3.6969880883456927, "avg_queue_size": 3.1059602649006623, "server_freq": 1.0544860031190397}, "server2": {"avg_delay": 2.065370439593059, "avg_queue_size": 0.3458823529411765, "server_freq": 0.4247929396451108}}