{"server1": {"avg_delay": 2.5710028665243407, "avg_queue_size": 1.8897795591182365, "server_freq": 0.9900869926396928}, "server2": {"avg_delay": 1.7472951198626583, "avg_queue_size": 0.2505643340857788, "server_freq": 0.4425918645200645}}