{"server1": {"avg_delay": 2.418691371479566, "avg_queue_size": 1.7415966386554622, "server_freq": 0.9443575534988893}, "server2": {"avg_delay": 2.7002760580661564, "avg_queue_size": 0.4074074074074074, "server_freq": 0.4317063101709208}}