{"server1": {"avg_delay": 2.3557689698004087, "avg_queue_size": 1.855609756097561, "server_freq": 1.0226419250811536}, "server2": {"avg_delay": 1.867536539357692, "avg_queue_size": 0.2672811059907834, "server_freq": 0.43342440965353585}}