{"server1": {"avg_delay": 4.914319319224758, "avg_queue_size": 4.218934911242603, "server_freq": 1.0138710773934563}, "server2": {"avg_delay": 2.295707918186557, "avg_queue_size": 0.28809523809523807, "server_freq": 0.41894672724640847}}