{"server1": {"avg_delay": 2.445616180415101, "avg_queue_size": 1.7411642411642412, "server_freq": 0.9588484013601892}, "server2": {"avg_delay": 2.269215091361954, "avg_queue_size": 0.3054892601431981, "server_freq": 0.4189337645150357}}