{"server1": {"avg_delay": 2.6258766982686166, "avg_queue_size": 2.045824847250509, "server_freq": 0.9809057113543037}, "server2": {"avg_delay": 2.1537908680901823, "avg_queue_size": 0.225, "server_freq": 0.3999615540690331}}