{"server1": {"avg_delay": 2.9928567695074784, "avg_queue_size": 2.4442307692307694, "server_freq": 1.0373120842996582}, "server2": {"avg_delay": 2.002902854652983, "avg_queue_size": 0.2540415704387991, "server_freq": 0.4327130370922466}}