{"server1": {"avg_delay": 2.513101937176323, "avg_queue_size": 1.9207729468599033, "server_freq": 1.0339449542225074}, "server2": {"avg_delay": 2.0020301108069867, "avg_queue_size": 0.25442477876106195, "server_freq": 0.45197593743575754}}