{"server1": {"avg_delay": 2.871212190906015, "avg_queue_size": 2.0726895119418485, "server_freq": 0.9609069847601668}, "server2": {"avg_delay": 2.185637483451294, "avg_queue_size": 0.3773148148148148, "server_freq": 0.43106107727558884}}