{"server1": {"avg_delay": 3.302682448089475, "avg_queue_size": 2.636887608069164, "server_freq": 1.0409482615493633}, "server2": {"avg_delay": 2.1662820664320175, "avg_queue_size": 0.29723502304147464, "server_freq": 0.43397842988705443}}