{"server1": {"avg_delay": 2.683995093871252, "avg_queue_size": 1.9131799163179917, "server_freq": 0.9557377511838266}, "server2": {"avg_delay": 2.030721242622797, "avg_queue_size": 0.32432432432432434, "server_freq": 0.4438782024326559}}