{"server1": {"avg_delay": 3.0797245265272304, "avg_queue_size": 2.4178674351585014, "server_freq": 1.033833724728348}, "server2": {"avg_delay": 2.0236199712432685, "avg_queue_size": 0.27601809954751133, "server_freq": 0.4409290837574482}}