{"server1": {"avg_delay": 2.9354490064031604, "avg_queue_size": 2.366223908918406, "server_freq": 1.051330410283087}, "server2": {"avg_delay": 2.0118708925740814, "avg_queue_size": 0.3412887828162291, "server_freq": 0.4187333097990622}}