{"server1": {"avg_delay": 2.999890209916894, "avg_queue_size": 2.180819180819181, "server_freq": 0.9988775049476024}, "server2": {"avg_delay": 1.898393908135634, "avg_queue_size": 0.22790697674418606, "server_freq": 0.4299472744018709}}