{"server1": {"avg_delay": 3.1136765109220232, "avg_queue_size": 2.223762376237624, "server_freq": 1.0084351463267403}, "server2": {"avg_delay": 1.9764616836556796, "avg_queue_size": 0.304635761589404, "server_freq": 0.4527464036531351}}