{"server1": {"avg_delay": 2.8867665597589074, "avg_queue_size": 2.3427184466019417, "server_freq": 1.028919963565926}, "server2": {"avg_delay": 1.7782269022510642, "avg_queue_size": 0.2315270935960591, "server_freq": 0.40596842099880076}}