{"server1": {"avg_delay": 2.426577981498528, "avg_queue_size": 1.94005994005994, "server_freq": 0.994728684088819}, "server2": {"avg_delay": 2.701614722424099, "avg_queue_size": 0.33490566037735847, "server_freq": 0.4228846566528346}}