{"server1": {"avg_delay": 3.0732560625120233, "avg_queue_size": 2.2655913978494624, "server_freq": 0.9289840494281587}, "server2": {"avg_delay": 1.911945164995885, "avg_queue_size": 0.2562358276643991, "server_freq": 0.4409924282000194}}