{"server1": {"avg_delay": 3.2851141118809393, "avg_queue_size": 2.5417925478348438, "server_freq": 0.9914489412252114}, "server2": {"avg_delay": 2.0398957424017685, "avg_queue_size": 0.3458149779735683, "server_freq": 0.45374780173008666}}