{"server1": {"avg_delay": 2.3021966905010656, "avg_queue_size": 1.6473072861668427, "server_freq": 0.9458771174574655}, "server2": {"avg_delay": 1.9147012423999112, "avg_queue_size": 0.24242424242424243, "server_freq": 0.42849132353669767}}