{"server1": {"avg_delay": 3.0350511797251456, "avg_queue_size": 2.407, "server_freq": 0.9998781348967825}, "server2": {"avg_delay": 2.2209462135671103, "avg_queue_size": 0.36199095022624433, "server_freq": 0.44194613562437784}}