{"server1": {"avg_delay": 2.943900691962633, "avg_queue_size": 2.1982160555004957, "server_freq": 1.0075789467571588}, "server2": {"avg_delay": 1.6588341450734156, "avg_queue_size": 0.29357798165137616, "server_freq": 0.43538594726077423}}