{"server1": {"avg_delay": 2.944906627238941, "avg_queue_size": 2.3625954198473282, "server_freq": 1.0463855250805787}, "server2": {"avg_delay": 2.3546345274434692, "avg_queue_size": 0.36629213483146067, "server_freq": 0.442740007269051}}