{"server1": {"avg_delay": 4.1585982468422875, "avg_queue_size": 3.08, "server_freq": 0.9714661098742301}, "server2": {"avg_delay": 2.196275815369433, "avg_queue_size": 0.24873096446700507, "server_freq": 0.3937835877473731}}