{"server1": {"avg_delay": 3.5583282306997064, "avg_queue_size": 2.781099324975892, "server_freq": 1.0251876444676449}, "server2": {"avg_delay": 2.0364435923554467, "avg_queue_size": 0.3318777292576419, "server_freq": 0.45663816132720636}}