{"server1": {"avg_delay": 2.7827064919849693, "avg_queue_size": 2.0338461538461536, "server_freq": 0.9736331529098309}, "server2": {"avg_delay": 1.9966868999569662, "avg_queue_size": 0.2698412698412698, "server_freq": 0.4403817645469081}}