{"server1": {"avg_delay": 2.460292953161836, "avg_queue_size": 1.6774530271398747, "server_freq": 0.9579472698005937}, "server2": {"avg_delay": 2.980611227293954, "avg_queue_size": 0.47113163972286376, "server_freq": 0.4329761668305398}}