{"server1": {"avg_delay": 2.54321069814203, "avg_queue_size": 1.850361197110423, "server_freq": 0.9639179585102519}, "server2": {"avg_delay": 2.6155891466693904, "avg_queue_size": 0.3131067961165049, "server_freq": 0.4109650217299933}}