{"server1": {"avg_delay": 4.763910203623547, "avg_queue_size": 4.183251231527094, "server_freq": 1.0139815755799924}, "server2": {"avg_delay": 1.9017824041371496, "avg_queue_size": 0.2813953488372093, "server_freq": 0.4299921868830342}}