{"server1": {"avg_delay": 3.330386691439754, "avg_queue_size": 2.6372745490981964, "server_freq": 0.9979930817858674}, "server2": {"avg_delay": 2.1329064663501835, "avg_queue_size": 0.2635294117647059, "server_freq": 0.42399706079880545}}