{"server1": {"avg_delay": 3.306386122288477, "avg_queue_size": 2.492914979757085, "server_freq": 0.982840182537721}, "server2": {"avg_delay": 2.239740884522091, "avg_queue_size": 0.38169642857142855, "server_freq": 0.44792716355737433}}