{"server1": {"avg_delay": 2.772847277752948, "avg_queue_size": 2.332046332046332, "server_freq": 1.0349480743800925}, "server2": {"avg_delay": 2.231258331334472, "avg_queue_size": 0.35891647855530473, "server_freq": 0.441977825000967}}