{"server1": {"avg_delay": 3.1405199946963314, "avg_queue_size": 2.3666997026759167, "server_freq": 1.0013562344467561}, "server2": {"avg_delay": 1.8840810261613772, "avg_queue_size": 0.2837209302325581, "server_freq": 0.42972373334541425}}