{"server1": {"avg_delay": 2.841040739048363, "avg_queue_size": 2.2529761904761907, "server_freq": 1.0049870935799268}, "server2": {"avg_delay": 7.1908063808655545, "avg_queue_size": 6.772139303482587, "server_freq": 1.0019871321065539}}