{"server1": {"avg_delay": 3.2931897289539056, "avg_queue_size": 2.4532803180914513, "server_freq": 1.0058347664727227}, "server2": {"avg_delay": 9.129985550351114, "avg_queue_size": 8.280318091451292, "server_freq": 0.9818387084256598}}