{"server1": {"avg_delay": 2.9503020008589766, "avg_queue_size": 2.22177009155646, "server_freq": 0.9827957402826321}, "server2": {"avg_delay": 8.76639363133797, "avg_queue_size": 7.96439471007121, "server_freq": 0.9777967792435546}}