{"server1": {"avg_delay": 3.1714880398209253, "avg_queue_size": 2.4493041749502984, "server_freq": 1.0038712805799157}, "server2": {"avg_delay": 10.071582419098013, "avg_queue_size": 8.944223107569721, "server_freq": 1.0028714087865094}}