{"server1": {"avg_delay": 3.0092524744034836, "avg_queue_size": 2.3477406679764243, "server_freq": 1.0108215691713718}, "server2": {"avg_delay": 9.308576191709166, "avg_queue_size": 8.847675568743819, "server_freq": 0.9998235105552639}}