{"server1": {"avg_delay": 2.3056478436387433, "avg_queue_size": 1.656731757451182, "server_freq": 0.9696018341508675}, "server2": {"avg_delay": 5.118140410974443, "avg_queue_size": 4.330927835051546, "server_freq": 0.9676026551113812}}