{"server1": {"avg_delay": 2.5726365131555675, "avg_queue_size": 2.0010162601626016, "server_freq": 0.9837556934090683}, "server2": {"avg_delay": 6.9638222516730295, "avg_queue_size": 6.135162601626016, "server_freq": 0.9637606589901848}}