{"server1": {"avg_delay": 2.4924530265474254, "avg_queue_size": 1.7440904419321686, "server_freq": 0.9699324960288895}, "server2": {"avg_delay": 12.568984439498054, "avg_queue_size": 11.371134020618557, "server_freq": 0.9399345837805734}}