{"server1": {"avg_delay": 3.409360290457862, "avg_queue_size": 2.6036400404448936, "server_freq": 0.9881615373463193}, "server2": {"avg_delay": 4.44016352292039, "avg_queue_size": 3.6835187057633973, "server_freq": 0.9881615373463193}}