{"server1": {"avg_delay": 2.5243043917455292, "avg_queue_size": 1.7817796610169492, "server_freq": 0.9431106159079543}, "server2": {"avg_delay": 4.613787219858449, "avg_queue_size": 3.6207627118644066, "server_freq": 0.9321209794937727}}