{"server1": {"avg_delay": 2.524382623695606, "avg_queue_size": 1.933058702368692, "server_freq": 0.9683685884589034}, "server2": {"avg_delay": 10.416860876689007, "avg_queue_size": 9.398348813209495, "server_freq": 0.9663698916818985}}