{"server1": {"avg_delay": 2.4699556818774644, "avg_queue_size": 1.8465346534653466, "server_freq": 1.0038369983642847}, "server2": {"avg_delay": 5.378854541964778, "avg_queue_size": 4.4760956175298805, "server_freq": 0.9908391089432332}}