{"server1": {"avg_delay": 2.4984843455727375, "avg_queue_size": 1.9108216432865732, "server_freq": 0.9975449542038933}, "server2": {"avg_delay": 4.882453025257981, "avg_queue_size": 4.2114228456913825, "server_freq": 0.9895486018655856}}