{"server1": {"avg_delay": 3.5706917401584626, "avg_queue_size": 2.7064128256513027, "server_freq": 0.9929184142490892}, "server2": {"avg_delay": 7.701320353012838, "avg_queue_size": 6.761329305135952, "server_freq": 0.9909185785708433}}