{"server1": {"avg_delay": 3.407563141395378, "avg_queue_size": 2.6666666666666665, "server_freq": 0.9867439623334544}, "server2": {"avg_delay": 5.665139625131826, "avg_queue_size": 5.094224924012158, "server_freq": 0.983744740563444}}