{"server1": {"avg_delay": 2.911586113609928, "avg_queue_size": 2.2095693779904306, "server_freq": 1.044737633369931}, "server2": {"avg_delay": 7.8910254660089825, "avg_queue_size": 7.7368421052631575, "server_freq": 1.0227431568779324}}