{"server1": {"avg_delay": 3.076469071002768, "avg_queue_size": 2.5514851485148515, "server_freq": 1.0074787725675989}, "server2": {"avg_delay": 13.353312168269458, "avg_queue_size": 12.556547619047619, "server_freq": 0.9974839434746665}}