{"server1": {"avg_delay": 2.847945322346565, "avg_queue_size": 2.1004098360655736, "server_freq": 0.9728109451984401}, "server2": {"avg_delay": 4.840659164747224, "avg_queue_size": 3.9804727646454263, "server_freq": 0.967811916703073}}