{"server1": {"avg_delay": 2.965231991625298, "avg_queue_size": 2.144723618090452, "server_freq": 0.993700261880438}, "server2": {"avg_delay": 7.706980340468288, "avg_queue_size": 6.802816901408451, "server_freq": 0.991700864975246}}