{"server1": {"avg_delay": 3.0569633581679865, "avg_queue_size": 2.284412955465587, "server_freq": 0.9848956528415054}, "server2": {"avg_delay": 7.913920560447011, "avg_queue_size": 7.147208121827411, "server_freq": 0.9728969240759237}}