{"server1": {"avg_delay": 2.3358633764300882, "avg_queue_size": 1.7199602780536247, "server_freq": 1.003811738676269}, "server2": {"avg_delay": 13.472015195623994, "avg_queue_size": 12.474103585657371, "server_freq": 0.9998124887213835}}