{"server1": {"avg_delay": 2.7321023133949645, "avg_queue_size": 2.0304818092428714, "server_freq": 1.0138019991168472}, "server2": {"avg_delay": 6.103838835473374, "avg_queue_size": 5.300788954635109, "server_freq": 1.008802975452563}}