{"server1": {"avg_delay": 3.351326369950949, "avg_queue_size": 2.580578512396694, "server_freq": 0.9669326269670084}, "server2": {"avg_delay": 5.847067587698147, "avg_queue_size": 4.915201654601861, "server_freq": 0.9659326966392247}}