{"server1": {"avg_delay": 2.7683204396821632, "avg_queue_size": 2.201798201798202, "server_freq": 0.9939061950612421}, "server2": {"avg_delay": 9.11511643443483, "avg_queue_size": 7.983903420523139, "server_freq": 0.9919063838035735}}