{"server1": {"avg_delay": 2.3073049972482975, "avg_queue_size": 1.6293706293706294, "server_freq": 1.0009729341165676}, "server2": {"avg_delay": 5.153795049841819, "avg_queue_size": 4.433566433566433, "server_freq": 0.9929731504273244}}