{"server1": {"avg_delay": 2.6226692068092894, "avg_queue_size": 2.103082851637765, "server_freq": 1.0329911780905383}, "server2": {"avg_delay": 8.857083378681358, "avg_queue_size": 8.300096805421104, "server_freq": 1.0169913147319238}}