{"server1": {"avg_delay": 2.491636160141963, "avg_queue_size": 1.8818181818181818, "server_freq": 0.9877987886438768}, "server2": {"avg_delay": 7.453350511264496, "avg_queue_size": 6.437246963562753, "server_freq": 0.9778008251960643}}