{"server1": {"avg_delay": 3.471622411223114, "avg_queue_size": 2.437170010559662, "server_freq": 0.9456591661666741}, "server2": {"avg_delay": 4.1832235571172856, "avg_queue_size": 3.1331923890063424, "server_freq": 0.9456591661666741}}