{"server1": {"avg_delay": 2.6922363927830113, "avg_queue_size": 1.8842213114754098, "server_freq": 0.9739432091949752}, "server2": {"avg_delay": 5.545635675082105, "avg_queue_size": 4.539014373716633, "server_freq": 0.9739432091949752}}