{"server1": {"avg_delay": 3.076566791613317, "avg_queue_size": 2.4705882352941178, "server_freq": 0.9977131460688106}, "server2": {"avg_delay": 7.379489568302558, "avg_queue_size": 6.596192384769539, "server_freq": 0.982717457500642}}