{"server1": {"avg_delay": 2.887905144841559, "avg_queue_size": 2.0107758620689653, "server_freq": 0.9237142404777892}, "server2": {"avg_delay": 5.029788525337005, "avg_queue_size": 3.961038961038961, "server_freq": 0.9197154775319979}}