{"server1": {"avg_delay": 3.0227068127315784, "avg_queue_size": 2.415571284125379, "server_freq": 0.9866713138124057}, "server2": {"avg_delay": 10.768004039683841, "avg_queue_size": 9.44984802431611, "server_freq": 0.9786739779355068}}