{"server1": {"avg_delay": 3.045742078086455, "avg_queue_size": 2.390640895218718, "server_freq": 0.9786652124300588}, "server2": {"avg_delay": 7.2248398747167135, "avg_queue_size": 5.985699693564862, "server_freq": 0.967668974088148}}