{"server1": {"avg_delay": 3.914152538404353, "avg_queue_size": 3.2775073028237585, "server_freq": 1.0244622082499615}, "server2": {"avg_delay": 7.159053571523272, "avg_queue_size": 6.48, "server_freq": 1.0144674549987422}}