{"server1": {"avg_delay": 3.5491857336339714, "avg_queue_size": 2.895418326693227, "server_freq": 1.0013274575303708}, "server2": {"avg_delay": 17.959045574543307, "avg_queue_size": 16.696606786427147, "server_freq": 1.0003281287304402}}