{"server1": {"avg_delay": 2.8102742317301703, "avg_queue_size": 2.0739614994934144, "server_freq": 0.9848569170233852}, "server2": {"avg_delay": 5.665348427088559, "avg_queue_size": 4.671065989847715, "server_freq": 0.9688592412138682}}