{"server1": {"avg_delay": 3.0055535342797604, "avg_queue_size": 2.3402366863905324, "server_freq": 1.0102045739519214}, "server2": {"avg_delay": 7.488363599240863, "avg_queue_size": 6.481701285855588, "server_freq": 1.0092053607234823}}