{"server1": {"avg_delay": 3.110899551380714, "avg_queue_size": 2.5715695952615993, "server_freq": 1.012998707162888}, "server2": {"avg_delay": 14.655054050600873, "avg_queue_size": 14.068114511352418, "server_freq": 0.9999987237540849}}