{"server1": {"avg_delay": 2.663968509455276, "avg_queue_size": 2.0020222446916076, "server_freq": 0.987803699398914}, "server2": {"avg_delay": 7.71098510921481, "avg_queue_size": 6.903846153846154, "server_freq": 0.9608090638890247}}