{"server1": {"avg_delay": 2.645460854701044, "avg_queue_size": 1.8546571136131014, "server_freq": 0.9722814227166224}, "server2": {"avg_delay": 5.796959563824139, "avg_queue_size": 4.671120246659815, "server_freq": 0.9722814227166224}}