{"server1": {"avg_delay": 2.9309395906523186, "avg_queue_size": 2.3728813559322033, "server_freq": 1.0004442598532597}, "server2": {"avg_delay": 9.538612742999703, "avg_queue_size": 8.691308691308691, "server_freq": 0.9914492565179158}}