{"server1": {"avg_delay": 2.7844427955094395, "avg_queue_size": 2.096, "server_freq": 0.9989567354718399}, "server2": {"avg_delay": 7.51850681957208, "avg_queue_size": 6.514514514514515, "server_freq": 0.9899571252423639}}