{"server1": {"avg_delay": 4.367978274670614, "avg_queue_size": 3.7828185328185326, "server_freq": 1.0328765892998364}, "server2": {"avg_delay": 11.507176233980985, "avg_queue_size": 11.115198451113262, "server_freq": 1.0178783813235561}}