{"server1": {"avg_delay": 3.5600450532116032, "avg_queue_size": 3.0165369649805447, "server_freq": 1.0254039697735724}, "server2": {"avg_delay": 10.743402115204447, "avg_queue_size": 9.842105263157896, "server_freq": 1.008413845518065}}