{"server1": {"avg_delay": 3.120110023022178, "avg_queue_size": 2.2893401015228427, "server_freq": 0.9846562979422585}, "server2": {"avg_delay": 6.228364265188958, "avg_queue_size": 5.409137055837563, "server_freq": 0.9826569958144569}}