{"server1": {"avg_delay": 2.5149582185920365, "avg_queue_size": 1.853211009174312, "server_freq": 0.979336910866694}, "server2": {"avg_delay": 10.322164176128123, "avg_queue_size": 9.295918367346939, "server_freq": 0.979336910866694}}