{"server1": {"avg_delay": 3.4783958322237227, "avg_queue_size": 2.668711656441718, "server_freq": 0.9777749628494552}, "server2": {"avg_delay": 6.909007395809985, "avg_queue_size": 5.92638036809816, "server_freq": 0.9717763434454708}}