{"server1": {"avg_delay": 2.6167303986722548, "avg_queue_size": 2.065321805955812, "server_freq": 1.0399839518897038}, "server2": {"avg_delay": 14.209009808696186, "avg_queue_size": 13.608653846153846, "server_freq": 1.0379839827514545}}