{"server1": {"avg_delay": 2.8517116070819175, "avg_queue_size": 2.4263565891472867, "server_freq": 1.0318988640262223}, "server2": {"avg_delay": 9.057364706533228, "avg_queue_size": 8.476744186046512, "server_freq": 1.028899158026146}}