{"server1": {"avg_delay": 4.366966176878883, "avg_queue_size": 3.3253493013972055, "server_freq": 0.9959916879885932}, "server2": {"avg_delay": 7.803288138443627, "avg_queue_size": 6.850401606425703, "server_freq": 0.984991779787916}}