{"server1": {"avg_delay": 2.240278648748087, "avg_queue_size": 1.6778797145769624, "server_freq": 0.9783570250242136}, "server2": {"avg_delay": 6.052870053053644, "avg_queue_size": 5.1481103166496425, "server_freq": 0.9743596520925518}}