{"server1": {"avg_delay": 3.517933525547002, "avg_queue_size": 2.7317554240631163, "server_freq": 1.009093485602145}, "server2": {"avg_delay": 9.309828023339335, "avg_queue_size": 8.551485148514852, "server_freq": 0.9791204117723783}}