{"server1": {"avg_delay": 3.3390512634375997, "avg_queue_size": 3.00862895493768, "server_freq": 1.0422293563167366}, "server2": {"avg_delay": 7.90601950832394, "avg_queue_size": 7.353787152444871, "server_freq": 1.0392315729332753}}