{"server1": {"avg_delay": 3.438265455120223, "avg_queue_size": 2.891089108910891, "server_freq": 1.0065905832545363}, "server2": {"avg_delay": 10.287043951839374, "avg_queue_size": 9.222442899702086, "server_freq": 0.9875983080987903}}