{"server1": {"avg_delay": 2.9884059564702348, "avg_queue_size": 2.474308300395257, "server_freq": 1.0119361016702662}, "server2": {"avg_delay": 7.232137225798143, "avg_queue_size": 6.242094861660079, "server_freq": 1.0099362279515502}}