{"server1": {"avg_delay": 3.056918819119716, "avg_queue_size": 2.3869395711500974, "server_freq": 1.0228311562470405}, "server2": {"avg_delay": 10.576663599254967, "avg_queue_size": 10.024437927663735, "server_freq": 1.013832641675952}}