{"server1": {"avg_delay": 2.747451448648378, "avg_queue_size": 2.1705426356589146, "server_freq": 1.0248161924216643}, "server2": {"avg_delay": 5.860743580690442, "avg_queue_size": 5.389268292682927, "server_freq": 1.0248161924216643}}