{"server1": {"avg_delay": 2.3228710460330038, "avg_queue_size": 1.6534954407294833, "server_freq": 0.9842947377542471}, "server2": {"avg_delay": 14.528223527823199, "avg_queue_size": 13.363451776649747, "server_freq": 0.9842947377542471}}