{"server1": {"avg_delay": 2.9835050288583793, "avg_queue_size": 2.3548717948717948, "server_freq": 0.9689339259627814}, "server2": {"avg_delay": 6.578492938084943, "avg_queue_size": 5.6948453608247425, "server_freq": 0.965937223098979}}