{"server1": {"avg_delay": 2.9225530339521097, "avg_queue_size": 2.4625, "server_freq": 1.0355847078003335}, "server2": {"avg_delay": 14.519775523413626, "avg_queue_size": 13.642857142857142, "server_freq": 1.0215903198570857}}