{"server1": {"avg_delay": 3.267058066439283, "avg_queue_size": 2.635386119257087, "server_freq": 1.0229856417979548}, "server2": {"avg_delay": 11.49869684055139, "avg_queue_size": 10.557184750733137, "server_freq": 1.018985697939507}}