{"server1": {"avg_delay": 2.9922448836738647, "avg_queue_size": 2.285004965243297, "server_freq": 1.0028104186146174}, "server2": {"avg_delay": 6.154418976213451, "avg_queue_size": 5.265204386839482, "server_freq": 0.9988111746719868}}