{"server1": {"avg_delay": 2.53105181697657, "avg_queue_size": 1.9573412698412698, "server_freq": 1.0075655568075854}, "server2": {"avg_delay": 12.622989311492699, "avg_queue_size": 11.948412698412698, "server_freq": 0.9845754696978887}}