{"server1": {"avg_delay": 2.6137031726109874, "avg_queue_size": 1.8505050505050504, "server_freq": 0.982987978097395}, "server2": {"avg_delay": 6.679849044241048, "avg_queue_size": 5.603255340793489, "server_freq": 0.9759880637060606}}