{"server1": {"avg_delay": 2.9773559536882943, "avg_queue_size": 2.271815446339017, "server_freq": 0.9965493977541768}, "server2": {"avg_delay": 4.790130172769706, "avg_queue_size": 3.97592778335005, "server_freq": 0.9955498497122971}}