{"server1": {"avg_delay": 2.399514766298279, "avg_queue_size": 1.778705636743215, "server_freq": 0.9565872291706501}, "server2": {"avg_delay": 8.480717023282416, "avg_queue_size": 7.077244258872652, "server_freq": 0.942607875090912}}