{"server1": {"avg_delay": 3.346503574318414, "avg_queue_size": 2.7835153922542206, "server_freq": 1.0065185230504599}, "server2": {"avg_delay": 7.246933155573663, "avg_queue_size": 6.342601787487587, "server_freq": 0.9815304763014415}}