{"server1": {"avg_delay": 2.671990135618175, "avg_queue_size": 2.011458333333333, "server_freq": 0.9591447400816061}, "server2": {"avg_delay": 5.5320312170387345, "avg_queue_size": 4.611458333333333, "server_freq": 0.9521509763518444}}