{"server1": {"avg_delay": 3.1555500185443703, "avg_queue_size": 2.4474474474474475, "server_freq": 0.9920411344562754}, "server2": {"avg_delay": 15.436661704377912, "avg_queue_size": 14.220543806646525, "server_freq": 0.9920411344562754}}