{"server1": {"avg_delay": 3.2166276862844447, "avg_queue_size": 2.777667984189723, "server_freq": 1.009973926513891}, "server2": {"avg_delay": 11.749500216931597, "avg_queue_size": 11.134653465346535, "server_freq": 1.0019741330365532}}