{"server1": {"avg_delay": 3.140043598217999, "avg_queue_size": 2.592030360531309, "server_freq": 1.05043313353252}, "server2": {"avg_delay": 19.379043796389873, "avg_queue_size": 19.377735490009513, "server_freq": 1.0474347516099725}}