{"server1": {"avg_delay": 2.5400685569285977, "avg_queue_size": 1.885597548518897, "server_freq": 0.9759560176678422}, "server2": {"avg_delay": 8.357493144478848, "avg_queue_size": 7.567622950819672, "server_freq": 0.9739561077955721}}