{"server1": {"avg_delay": 3.151669926808574, "avg_queue_size": 2.4712301587301586, "server_freq": 1.0069899839424108}, "server2": {"avg_delay": 9.026232977539417, "avg_queue_size": 8.416087388282026, "server_freq": 0.9809902425496575}}