{"server1": {"avg_delay": 2.2645019102496606, "avg_queue_size": 1.6238341968911918, "server_freq": 0.9639369006851718}, "server2": {"avg_delay": 7.630197259677107, "avg_queue_size": 6.140041493775934, "server_freq": 0.9629369661408925}}