{"server1": {"avg_delay": 3.1152214685746604, "avg_queue_size": 2.44796828543112, "server_freq": 1.0088949450210158}, "server2": {"avg_delay": 7.3227807217456045, "avg_queue_size": 6.741328047571853, "server_freq": 1.0008957779643577}}