{"server1": {"avg_delay": 3.287613631749709, "avg_queue_size": 2.3393756294058408, "server_freq": 0.9929799337513705}, "server2": {"avg_delay": 7.135212239242889, "avg_queue_size": 6.390735146022155, "server_freq": 0.9739803176977189}}