{"server1": {"avg_delay": 2.5671678769354056, "avg_queue_size": 1.8168016194331984, "server_freq": 0.985830476459562}, "server2": {"avg_delay": 6.2687840024330574, "avg_queue_size": 5.358012170385395, "server_freq": 0.9698332273486564}}