{"server1": {"avg_delay": 2.2315659962031975, "avg_queue_size": 1.691382765531062, "server_freq": 0.9859426404302347}, "server2": {"avg_delay": 6.1544829682874305, "avg_queue_size": 5.373225152129818, "server_freq": 0.9829428149522523}}