{"server1": {"avg_delay": 2.6912416620375597, "avg_queue_size": 2.1559356136820926, "server_freq": 0.9866148949497366}, "server2": {"avg_delay": 15.150201844156307, "avg_queue_size": 14.119312436804853, "server_freq": 0.9866148949497366}}