{"server1": {"avg_delay": 2.2446955176193217, "avg_queue_size": 1.596875, "server_freq": 0.9578655618137304}, "server2": {"avg_delay": 6.425995240937147, "avg_queue_size": 5.470772442588727, "server_freq": 0.936868508788586}}