{"server1": {"avg_delay": 2.9892303817946293, "avg_queue_size": 2.4241545893719807, "server_freq": 1.0297277476488016}, "server2": {"avg_delay": 10.987605530006917, "avg_queue_size": 10.729126213592233, "server_freq": 1.0297277476488016}}