{"server1": {"avg_delay": 2.3413489045446165, "avg_queue_size": 1.6936656282450675, "server_freq": 0.9609330214326443}, "server2": {"avg_delay": 6.757258090082094, "avg_queue_size": 5.558792924037461, "server_freq": 0.9599330911293845}}