{"server1": {"avg_delay": 3.4780555680331235, "avg_queue_size": 2.852601156069364, "server_freq": 1.0358655294971089}, "server2": {"avg_delay": 19.954416422035287, "avg_queue_size": 19.99034749034749, "server_freq": 1.0308661784860225}}