{"server1": {"avg_delay": 3.1486346615019407, "avg_queue_size": 2.428158148505304, "server_freq": 1.0281555783436982}, "server2": {"avg_delay": 16.967233043478018, "avg_queue_size": 16.373177842565596, "server_freq": 1.027156398967271}}