{"server1": {"avg_delay": 3.0424752139290536, "avg_queue_size": 2.48568608094768, "server_freq": 1.0109651734459233}, "server2": {"avg_delay": 9.033163179277068, "avg_queue_size": 8.730959446092978, "server_freq": 0.9799662413224579}}