{"server1": {"avg_delay": 2.7583665274405798, "avg_queue_size": 2.190058479532164, "server_freq": 1.0188113697703844}, "server2": {"avg_delay": 12.664431913354258, "avg_queue_size": 11.631992149165848, "server_freq": 0.9988150720320058}}