{"server1": {"avg_delay": 3.176348802985551, "avg_queue_size": 2.4215784215784217, "server_freq": 0.9999812736467883}, "server2": {"avg_delay": 5.644686945111997, "avg_queue_size": 4.806, "server_freq": 0.9869815170893801}}