{"server1": {"avg_delay": 3.3393389918560277, "avg_queue_size": 2.72972972972973, "server_freq": 1.0347248779329763}, "server2": {"avg_delay": 12.318228126281108, "avg_queue_size": 11.232850241545894, "server_freq": 1.023727801935621}}