{"server1": {"avg_delay": 4.0352462243857286, "avg_queue_size": 3.2916256157635466, "server_freq": 1.0129694087472667}, "server2": {"avg_delay": 6.626084689557988, "avg_queue_size": 5.9239881539980255, "server_freq": 1.0089695295419467}}