{"server1": {"avg_delay": 2.8208834306591504, "avg_queue_size": 2.0405982905982905, "server_freq": 0.9336181753684591}, "server2": {"avg_delay": 5.435701162700265, "avg_queue_size": 4.34796573875803, "server_freq": 0.9236222634266127}}