{"server1": {"avg_delay": 3.0611883096009382, "avg_queue_size": 2.0612033195020745, "server_freq": 0.9605831105485141}, "server2": {"avg_delay": 7.794637716978778, "avg_queue_size": 6.661810613943809, "server_freq": 0.9605831105485141}}