{"server1": {"avg_delay": 2.884541281399257, "avg_queue_size": 2.232, "server_freq": 0.9989670282380095}, "server2": {"avg_delay": 11.60898264558173, "avg_queue_size": 11.12, "server_freq": 0.9979680612097716}}