{"server1": {"avg_delay": 2.6731554432121634, "avg_queue_size": 2.1067193675889326, "server_freq": 1.0109398114574957}, "server2": {"avg_delay": 5.87216068811714, "avg_queue_size": 4.966369930761622, "server_freq": 1.0109398114574957}}