{"server1": {"avg_delay": 2.7601775296830717, "avg_queue_size": 2.104251012145749, "server_freq": 0.9859582075171395}, "server2": {"avg_delay": 12.268369860974518, "avg_queue_size": 11.260649087221095, "server_freq": 0.9619592247783856}}