{"server1": {"avg_delay": 2.581864483251809, "avg_queue_size": 2.1245283018867926, "server_freq": 1.0586507292285894}, "server2": {"avg_delay": 7.337759563923526, "avg_queue_size": 7.401322001888574, "server_freq": 1.024661942832204}}