{"server1": {"avg_delay": 2.5840123646380624, "avg_queue_size": 1.9655850540806292, "server_freq": 1.0157615931885018}, "server2": {"avg_delay": 7.480702388871756, "avg_queue_size": 6.561023622047244, "server_freq": 1.0067637050598637}}