{"server1": {"avg_delay": 5.128783150170065, "avg_queue_size": 4.215976331360947, "server_freq": 1.0009907012918027}, "server2": {"avg_delay": 15.132752925220306, "avg_queue_size": 15.115884115884116, "server_freq": 0.9969907384494778}}