{"server1": {"avg_delay": 3.0823484634220972, "avg_queue_size": 2.513, "server_freq": 0.9949729502729449}, "server2": {"avg_delay": 5.81356305457594, "avg_queue_size": 5.0201005025125625, "server_freq": 0.9869731677581876}}