{"server1": {"avg_delay": 2.58228661740472, "avg_queue_size": 1.9303482587064678, "server_freq": 1.0019749793353587}, "server2": {"avg_delay": 7.0393392708707445, "avg_queue_size": 6.161676646706587, "server_freq": 0.9989750542475284}}