{"server1": {"avg_delay": 3.1679755728914274, "avg_queue_size": 2.6320939334637963, "server_freq": 1.02171573985131}, "server2": {"avg_delay": 9.959352741329905, "avg_queue_size": 9.34050880626223, "server_freq": 1.018716574274447}}