{"server1": {"avg_delay": 3.048048405396333, "avg_queue_size": 2.2572572572572573, "server_freq": 0.994948403060597}, "server2": {"avg_delay": 10.988237617194216, "avg_queue_size": 10.041206030150754, "server_freq": 0.9899486623416994}}