{"server1": {"avg_delay": 2.412288790962245, "avg_queue_size": 1.8103975535168195, "server_freq": 0.9739448628621366}, "server2": {"avg_delay": 8.953336349328017, "avg_queue_size": 7.5564681724846, "server_freq": 0.9669452591249343}}