{"server1": {"avg_delay": 2.999513827741559, "avg_queue_size": 2.2857142857142856, "server_freq": 0.9656557980077694}, "server2": {"avg_delay": 5.127887842835415, "avg_queue_size": 4.231884057971015, "server_freq": 0.9576586485418666}}