{"server1": {"avg_delay": 2.895397175593308, "avg_queue_size": 2.2167152575315843, "server_freq": 1.0263851808499092}, "server2": {"avg_delay": 14.15979712167275, "avg_queue_size": 13.69620253164557, "server_freq": 1.0223875754717207}}