{"server1": {"avg_delay": 2.708118010751215, "avg_queue_size": 2.1563393708293614, "server_freq": 1.0487409016977467}, "server2": {"avg_delay": 14.125505153787115, "avg_queue_size": 13.73117254528122, "server_freq": 1.039743124657442}}