{"server1": {"avg_delay": 2.7226354077147312, "avg_queue_size": 2.012448132780083, "server_freq": 0.9549489228935091}, "server2": {"avg_delay": 8.797090506354968, "avg_queue_size": 7.621989528795812, "server_freq": 0.9509491368290337}}