{"server1": {"avg_delay": 2.728727592658033, "avg_queue_size": 2.1006979062811566, "server_freq": 1.0007289119434966}, "server2": {"avg_delay": 6.359910649944122, "avg_queue_size": 5.684315684315684, "server_freq": 1.0007289119434966}}