{"server1": {"avg_delay": 2.5121485785029765, "avg_queue_size": 1.8430583501006037, "server_freq": 0.9929685513809484}, "server2": {"avg_delay": 15.07938458749877, "avg_queue_size": 13.738430583501007, "server_freq": 0.9789830788262872}}