{"server1": {"avg_delay": 2.456105029688229, "avg_queue_size": 1.8290422245108136, "server_freq": 0.9703590269197417}, "server2": {"avg_delay": 7.571268258162766, "avg_queue_size": 6.300720906282184, "server_freq": 0.9673610072691143}}