{"server1": {"avg_delay": 3.0206815155982683, "avg_queue_size": 2.311623246492986, "server_freq": 0.9975737796188642}, "server2": {"avg_delay": 7.712384758293948, "avg_queue_size": 6.697394789579159, "server_freq": 0.9955746337679245}}