{"server1": {"avg_delay": 2.446186169018184, "avg_queue_size": 1.8149284253578732, "server_freq": 0.9769650370225907}, "server2": {"avg_delay": 5.629264138218791, "avg_queue_size": 4.761514841351075, "server_freq": 0.9619655738134415}}