{"server1": {"avg_delay": 2.4128738674911347, "avg_queue_size": 1.7321792260692463, "server_freq": 0.9789101385054482}, "server2": {"avg_delay": 5.051562372363748, "avg_queue_size": 4.108273748723187, "server_freq": 0.9789101385054482}}