{"server1": {"avg_delay": 3.2627860864380356, "avg_queue_size": 2.55053974484789, "server_freq": 1.0176886358458697}, "server2": {"avg_delay": 9.391201925661251, "avg_queue_size": 8.847740667976424, "server_freq": 1.01368985928066}}