{"server1": {"avg_delay": 2.378176008353687, "avg_queue_size": 1.6696969696969697, "server_freq": 0.9869125172511113}, "server2": {"avg_delay": 7.899127485639447, "avg_queue_size": 6.703140830800406, "server_freq": 0.9799131376961389}}