{"server1": {"avg_delay": 3.279126932599416, "avg_queue_size": 2.6753623188405795, "server_freq": 1.0349016250256753}, "server2": {"avg_delay": 6.958168943380482, "avg_queue_size": 6.94975845410628, "server_freq": 0.997905141812197}}