{"server1": {"avg_delay": 4.795261629997745, "avg_queue_size": 3.5643979057591624, "server_freq": 0.9529525911484868}, "server2": {"avg_delay": 5.228593617008412, "avg_queue_size": 4.145855194123819, "server_freq": 0.9469528896302383}}