{"server1": {"avg_delay": 3.1737578539618148, "avg_queue_size": 2.276923076923077, "server_freq": 0.9741471169413575}, "server2": {"avg_delay": 6.642992917223292, "avg_queue_size": 5.656410256410257, "server_freq": 0.9701506159487775}}