{"server1": {"avg_delay": 3.3715254733707543, "avg_queue_size": 2.525835866261398, "server_freq": 0.9837221598626629}, "server2": {"avg_delay": 10.607585917702234, "avg_queue_size": 9.452235772357724, "server_freq": 0.9787235716519787}}