{"server1": {"avg_delay": 3.275286602557476, "avg_queue_size": 2.582383419689119, "server_freq": 0.963963985863542}, "server2": {"avg_delay": 6.8223479950915245, "avg_queue_size": 5.984439834024896, "server_freq": 0.9619640605816675}}