{"server1": {"avg_delay": 2.7687776968527653, "avg_queue_size": 2.1800197823936696, "server_freq": 1.0076646460890726}, "server2": {"avg_delay": 7.806369821222946, "avg_queue_size": 7.196428571428571, "server_freq": 0.9906703018593958}}