{"server1": {"avg_delay": 3.4806696365547083, "avg_queue_size": 2.6670030272452068, "server_freq": 0.9885823497865588}, "server2": {"avg_delay": 9.376530285417594, "avg_queue_size": 8.37108190091001, "server_freq": 0.9855836166729495}}