{"server1": {"avg_delay": 3.4990473766506227, "avg_queue_size": 2.95706106870229, "server_freq": 1.0469104183366547}, "server2": {"avg_delay": 8.392415031689856, "avg_queue_size": 8.004775549188157, "server_freq": 1.0319117017415735}}