{"server1": {"avg_delay": 3.014818458916046, "avg_queue_size": 2.34510595358224, "server_freq": 0.9889697552468075}, "server2": {"avg_delay": 10.876862905687366, "avg_queue_size": 9.822042467138523, "server_freq": 0.9859698469902449}}