{"server1": {"avg_delay": 2.3730030934903508, "avg_queue_size": 1.6283367556468173, "server_freq": 0.9731637473286958}, "server2": {"avg_delay": 6.02640458566627, "avg_queue_size": 5.322381930184805, "server_freq": 0.9611740502363505}}