{"server1": {"avg_delay": 3.2919048848114865, "avg_queue_size": 2.4473161033797215, "server_freq": 1.0055995614619269}, "server2": {"avg_delay": 5.6980417169342035, "avg_queue_size": 5.178926441351889, "server_freq": 0.99160513416524}}