{"server1": {"avg_delay": 3.3419725767062305, "avg_queue_size": 2.6426426426426426, "server_freq": 0.9976117155751166}, "server2": {"avg_delay": 15.947195963943987, "avg_queue_size": 14.826653306613226, "server_freq": 0.9736210530763162}}