{"server1": {"avg_delay": 3.372843976409367, "avg_queue_size": 2.5602409638554215, "server_freq": 0.993406518595421}, "server2": {"avg_delay": 10.772953427062948, "avg_queue_size": 10.07429718875502, "server_freq": 0.9874221419773762}}