{"server1": {"avg_delay": 2.775525576868458, "avg_queue_size": 2.125250501002004, "server_freq": 0.9958622372755286}, "server2": {"avg_delay": 7.737651303968742, "avg_queue_size": 6.746987951807229, "server_freq": 0.9848637587514012}}