{"server1": {"avg_delay": 4.345464745795454, "avg_queue_size": 3.6174358974358976, "server_freq": 0.974709753171002}, "server2": {"avg_delay": 5.797305493626671, "avg_queue_size": 4.626666666666667, "server_freq": 0.9727103485491128}}