{"server1": {"avg_delay": 2.9084154315734234, "avg_queue_size": 2.242, "server_freq": 0.9988605864076932}, "server2": {"avg_delay": 6.328969338013509, "avg_queue_size": 5.65965965965966, "server_freq": 0.9978607259608386}}