{"server1": {"avg_delay": 2.2290139127560176, "avg_queue_size": 1.6219262295081966, "server_freq": 0.9758137076825988}, "server2": {"avg_delay": 5.933854821422198, "avg_queue_size": 5.088114754098361, "server_freq": 0.9708146620489789}}