{"server1": {"avg_delay": 2.3127641306791507, "avg_queue_size": 1.705939629990263, "server_freq": 1.024764913144482}, "server2": {"avg_delay": 10.43938355231798, "avg_queue_size": 9.429268292682927, "server_freq": 1.006769041499018}}