{"server1": {"avg_delay": 2.2787171920806695, "avg_queue_size": 1.6397205588822354, "server_freq": 1.0007628396729247}, "server2": {"avg_delay": 9.560295810089793, "avg_queue_size": 8.637362637362637, "server_freq": 0.9907652089069613}}