{"server1": {"avg_delay": 2.9198600963650136, "avg_queue_size": 2.422779922779923, "server_freq": 1.0298132016389339}, "server2": {"avg_delay": 9.993545234136416, "avg_queue_size": 9.403883495145632, "server_freq": 1.0248141084270943}}