{"server1": {"avg_delay": 2.923000495979978, "avg_queue_size": 2.1596385542168677, "server_freq": 0.9906194620980735}, "server2": {"avg_delay": 5.509079914779743, "avg_queue_size": 4.5045408678102925, "server_freq": 0.9856213820673063}}