{"server1": {"avg_delay": 3.4205383918575967, "avg_queue_size": 2.7627599243856333, "server_freq": 1.0499376485732124}, "server2": {"avg_delay": 17.716696876493245, "avg_queue_size": 17.752380952380953, "server_freq": 1.0439380048670799}}