{"server1": {"avg_delay": 3.2322847759285347, "avg_queue_size": 2.6959921798631474, "server_freq": 1.0148107049673674}, "server2": {"avg_delay": 6.0754033266245635, "avg_queue_size": 5.185221674876847, "server_freq": 1.008811823952782}}