{"server1": {"avg_delay": 3.02688826472003, "avg_queue_size": 2.171797418073486, "server_freq": 1.0064922580826154}, "server2": {"avg_delay": 10.29342564408409, "avg_queue_size": 9.412115193644489, "server_freq": 0.9924993170566406}}