{"server1": {"avg_delay": 2.7075321581473157, "avg_queue_size": 2.073170731707317, "server_freq": 0.9838094964328278}, "server2": {"avg_delay": 9.01186479425455, "avg_queue_size": 8.028455284552846, "server_freq": 0.9698122068494339}}