{"server1": {"avg_delay": 3.366255370741562, "avg_queue_size": 2.711442786069652, "server_freq": 1.004028390783116}, "server2": {"avg_delay": 6.973933923538675, "avg_queue_size": 5.981094527363184, "server_freq": 0.993039025311858}}