{"server1": {"avg_delay": 4.25967968749532, "avg_queue_size": 3.3626991565135893, "server_freq": 1.0598249926430587}, "server2": {"avg_delay": 16.420973142309066, "avg_queue_size": 16.378301886792453, "server_freq": 1.0448274691622608}}