{"server1": {"avg_delay": 3.0542758137673913, "avg_queue_size": 2.4470924690181124, "server_freq": 1.0426933629473703}, "server2": {"avg_delay": 17.000834147868844, "avg_queue_size": 16.13326941514861, "server_freq": 1.0236989488572454}}