{"server1": {"avg_delay": 3.910856556952942, "avg_queue_size": 3.2455795677799606, "server_freq": 1.0159142541513349}, "server2": {"avg_delay": 12.174308663998858, "avg_queue_size": 11.582677165354331, "server_freq": 0.9939161108527823}}