{"server1": {"avg_delay": 2.9191760133603304, "avg_queue_size": 2.3491124260355027, "server_freq": 1.0129712452130109}, "server2": {"avg_delay": 8.496524800783323, "avg_queue_size": 8.041461006910168, "server_freq": 1.0029715290707304}}