{"server1": {"avg_delay": 2.6584850377548737, "avg_queue_size": 1.977, "server_freq": 0.998699508486338}, "server2": {"avg_delay": 9.831005710639275, "avg_queue_size": 8.866866866866866, "server_freq": 0.9976998092786441}}