{"server1": {"avg_delay": 2.903448992794406, "avg_queue_size": 2.2741020793950852, "server_freq": 1.055359746792086}, "server2": {"avg_delay": 14.088079103319233, "avg_queue_size": 14.068181818181818, "server_freq": 1.0353718727998118}}