{"server1": {"avg_delay": 3.603163819063978, "avg_queue_size": 2.805355303810505, "server_freq": 0.9709314144878615}, "server2": {"avg_delay": 5.44681228719816, "avg_queue_size": 4.7826982492276, "server_freq": 0.9629319795590223}}