{"server1": {"avg_delay": 3.0621298191142907, "avg_queue_size": 2.3905146316851664, "server_freq": 0.9897050809532608}, "server2": {"avg_delay": 5.760137252839107, "avg_queue_size": 5.1313131313131315, "server_freq": 0.9837068683414228}}