{"server1": {"avg_delay": 3.1475911401262735, "avg_queue_size": 2.4964894684052155, "server_freq": 0.9964726745917291}, "server2": {"avg_delay": 7.064254051583276, "avg_queue_size": 6.068204613841525, "server_freq": 0.9964726745917291}}