{"server1": {"avg_delay": 2.9719878470678522, "avg_queue_size": 2.4300970873786407, "server_freq": 1.0227511668970333}, "server2": {"avg_delay": 6.181195899630381, "avg_queue_size": 5.437927663734115, "server_freq": 1.0217514101356482}}