{"server1": {"avg_delay": 3.3494982829159796, "avg_queue_size": 2.611940298507463, "server_freq": 1.0047834854183653}, "server2": {"avg_delay": 5.768439935970046, "avg_queue_size": 5.114427860696518, "server_freq": 0.9947856397923119}}