{"server1": {"avg_delay": 3.3437738430459656, "avg_queue_size": 2.5920398009950247, "server_freq": 1.0007678999569902}, "server2": {"avg_delay": 11.428519158018677, "avg_queue_size": 10.066933066933068, "server_freq": 0.9957690592978643}}