{"server1": {"avg_delay": 2.6056526977489756, "avg_queue_size": 1.9928644240570845, "server_freq": 0.9797995131208799}, "server2": {"avg_delay": 9.231373230216336, "avg_queue_size": 8.388379204892967, "server_freq": 0.9738068555482751}}