{"server1": {"avg_delay": 3.111378863999707, "avg_queue_size": 2.3809980806142033, "server_freq": 1.03960768731273}, "server2": {"avg_delay": 8.022898978540873, "avg_queue_size": 7.576923076923077, "server_freq": 1.0246133456687962}}