{"server1": {"avg_delay": 2.9401968111107477, "avg_queue_size": 2.2738336713995944, "server_freq": 0.9858041307779946}, "server2": {"avg_delay": 6.432104373244414, "avg_queue_size": 5.509127789046653, "server_freq": 0.9848043294283212}}