{"server1": {"avg_delay": 4.959741675307806, "avg_queue_size": 3.9034825870646768, "server_freq": 1.0039884118524884}, "server2": {"avg_delay": 9.105551263623168, "avg_queue_size": 8.300796812749004, "server_freq": 1.000988446478427}}