{"server1": {"avg_delay": 2.76539300487515, "avg_queue_size": 2.0253292806484295, "server_freq": 0.9838262140737646}, "server2": {"avg_delay": 6.162862013226987, "avg_queue_size": 5.173780487804878, "server_freq": 0.9788270971323328}}