{"server1": {"avg_delay": 3.7717070122740224, "avg_queue_size": 2.8681863230921705, "server_freq": 1.0078685798600113}, "server2": {"avg_delay": 8.322980749431666, "avg_queue_size": 7.557539682539683, "server_freq": 1.0048689709913803}}