{"server1": {"avg_delay": 2.7564074217242456, "avg_queue_size": 2.032325338894682, "server_freq": 0.9559874576032591}, "server2": {"avg_delay": 8.527764887989994, "avg_queue_size": 7.150627615062762, "server_freq": 0.9549874707229209}}