{"server1": {"avg_delay": 2.4936387052669025, "avg_queue_size": 1.9338598223099703, "server_freq": 1.010843245883402}, "server2": {"avg_delay": 9.78107594947481, "avg_queue_size": 9.06429277942631, "server_freq": 1.009843400931984}}