{"server1": {"avg_delay": 3.0006130917885234, "avg_queue_size": 2.3599585062240664, "server_freq": 0.9633501287237839}, "server2": {"avg_delay": 9.178939187983788, "avg_queue_size": 8.030082987551868, "server_freq": 0.9523575442673922}}