{"server1": {"avg_delay": 3.188666193522526, "avg_queue_size": 2.5911282545805205, "server_freq": 1.0359606777345158}, "server2": {"avg_delay": 10.847824312389967, "avg_queue_size": 10.032818532818533, "server_freq": 1.03296079160208}}