{"server1": {"avg_delay": 3.637164637089717, "avg_queue_size": 3.1205533596837944, "server_freq": 0.9968192042097079}, "server2": {"avg_delay": 5.622193446650612, "avg_queue_size": 4.793587174348698, "server_freq": 0.9968192042097079}}