{"server1": {"avg_delay": 3.2091306546556018, "avg_queue_size": 2.455968688845401, "server_freq": 1.0217371725850217}, "server2": {"avg_delay": 5.796699080940886, "avg_queue_size": 5.4696673189823874, "server_freq": 1.0127394871121596}}