{"server1": {"avg_delay": 2.35516769916688, "avg_queue_size": 1.674321503131524, "server_freq": 0.9526735336896329}, "server2": {"avg_delay": 9.821343559644134, "avg_queue_size": 8.167890870933894, "server_freq": 0.9516738762565903}}