{"server1": {"avg_delay": 2.83811814045845, "avg_queue_size": 2.129817444219067, "server_freq": 0.9836724915426128}, "server2": {"avg_delay": 7.172872861781216, "avg_queue_size": 6.370934959349594, "server_freq": 0.9766748213792}}