{"server1": {"avg_delay": 2.6210719036480574, "avg_queue_size": 1.7912867274569402, "server_freq": 0.9839530559426721}, "server2": {"avg_delay": 5.310323945290357, "avg_queue_size": 4.596544715447155, "server_freq": 0.9789532944795488}}