{"server1": {"avg_delay": 3.2904877216761803, "avg_queue_size": 2.700100300902708, "server_freq": 0.991219197457669}, "server2": {"avg_delay": 8.65687846467192, "avg_queue_size": 7.720766129032258, "server_freq": 0.9782294297490504}}