{"server1": {"avg_delay": 2.322740132978084, "avg_queue_size": 1.7047047047047048, "server_freq": 0.9973490508628721}, "server2": {"avg_delay": 10.232079969414276, "avg_queue_size": 9.251503006012024, "server_freq": 0.9963497031165164}}