{"server1": {"avg_delay": 2.9991633094686394, "avg_queue_size": 2.3316831683168315, "server_freq": 1.0093386219441693}, "server2": {"avg_delay": 9.43647972770571, "avg_queue_size": 8.516831683168316, "server_freq": 1.0083392767739277}}