{"server1": {"avg_delay": 2.406913040084495, "avg_queue_size": 1.7552657973921766, "server_freq": 0.9923419582745733}, "server2": {"avg_delay": 16.146463849941235, "avg_queue_size": 15.711983887210474, "server_freq": 0.9883446089965287}}