{"server1": {"avg_delay": 2.368363613410817, "avg_queue_size": 1.8088978766430739, "server_freq": 0.9886044548616219}, "server2": {"avg_delay": 4.460797607894765, "avg_queue_size": 3.6491405460060666, "server_freq": 0.98760485480615}}