{"server1": {"avg_delay": 3.2390751266345, "avg_queue_size": 2.359470468431772, "server_freq": 0.9798563623763438}, "server2": {"avg_delay": 6.178081023671985, "avg_queue_size": 5.356778797145769, "server_freq": 0.969868020252222}}