{"server1": {"avg_delay": 2.739411692319032, "avg_queue_size": 2.2379576107899806, "server_freq": 1.0359445370017137}, "server2": {"avg_delay": 7.978452081814486, "avg_queue_size": 7.92953667953668, "server_freq": 1.0319447511445643}}