{"server1": {"avg_delay": 2.890294705174605, "avg_queue_size": 2.080971659919028, "server_freq": 0.9876533395862235}, "server2": {"avg_delay": 5.940375552715644, "avg_queue_size": 5.116396761133603, "server_freq": 0.9806557956822725}}