{"server1": {"avg_delay": 2.9091742847284747, "avg_queue_size": 2.272448979591837, "server_freq": 0.9798924875846481}, "server2": {"avg_delay": 6.1930046271116685, "avg_queue_size": 5.140816326530612, "server_freq": 0.9748930361173794}}