{"server1": {"avg_delay": 2.5047451061162835, "avg_queue_size": 1.8648373983739837, "server_freq": 0.9779170331026461}, "server2": {"avg_delay": 6.929460385618167, "avg_queue_size": 6.23517382413088, "server_freq": 0.9749172876023312}}