{"server1": {"avg_delay": 3.3572883459272274, "avg_queue_size": 2.729596853490659, "server_freq": 1.0159769161186774}, "server2": {"avg_delay": 7.245222652864073, "avg_queue_size": 6.855457227138643, "server_freq": 0.9900030716554663}}