{"server1": {"avg_delay": 2.798015910883991, "avg_queue_size": 2.0353178607467206, "server_freq": 0.9889081743598971}, "server2": {"avg_delay": 6.929041048072695, "avg_queue_size": 6.225480283114257, "server_freq": 0.9669102169929429}}