{"server1": {"avg_delay": 3.2223393426780635, "avg_queue_size": 2.617142857142857, "server_freq": 1.0447410397303336}, "server2": {"avg_delay": 8.277351471662453, "avg_queue_size": 8.09377990430622, "server_freq": 1.0147484739964485}}