{"server1": {"avg_delay": 3.3306906155686287, "avg_queue_size": 2.7707070707070707, "server_freq": 0.9878782830219796}, "server2": {"avg_delay": 6.350071501861912, "avg_queue_size": 5.47165991902834, "server_freq": 0.9818790221939108}}