{"server1": {"avg_delay": 2.6450057844019237, "avg_queue_size": 2.0893203883495146, "server_freq": 1.027831572151573}, "server2": {"avg_delay": 17.683258885319916, "avg_queue_size": 17.481517509727627, "server_freq": 1.0228323913531705}}