{"server1": {"avg_delay": 2.990118211110044, "avg_queue_size": 2.361886429258903, "server_freq": 1.033922543870586}, "server2": {"avg_delay": 9.222662079537123, "avg_queue_size": 8.625725338491296, "server_freq": 1.0129241169641232}}