{"server1": {"avg_delay": 2.5811454089902646, "avg_queue_size": 1.7314524555903865, "server_freq": 0.9556044450218212}, "server2": {"avg_delay": 4.0096480615917, "avg_queue_size": 3.0993723849372383, "server_freq": 0.9546048587822586}}