{"server1": {"avg_delay": 3.1026439720322068, "avg_queue_size": 2.4088669950738915, "server_freq": 1.0148933584684778}, "server2": {"avg_delay": 5.66083021029733, "avg_queue_size": 5.113300492610837, "server_freq": 1.0068941989928644}}