{"server1": {"avg_delay": 3.083076188339365, "avg_queue_size": 2.4569471624266144, "server_freq": 1.0209362213418387}, "server2": {"avg_delay": 7.117552829560287, "avg_queue_size": 6.474559686888454, "server_freq": 1.0209362213418387}}