{"server1": {"avg_delay": 3.3270478271792925, "avg_queue_size": 2.5215215215215214, "server_freq": 0.9896159089442171}, "server2": {"avg_delay": 4.972855093240457, "avg_queue_size": 4.182828282828283, "server_freq": 0.9896159089442171}}