{"server1": {"avg_delay": 2.7622855793456336, "avg_queue_size": 2.0344168260038242, "server_freq": 1.0393562973620207}, "server2": {"avg_delay": 11.360196824658713, "avg_queue_size": 10.742555235350624, "server_freq": 1.0323673501175115}}