{"server1": {"avg_delay": 4.358954207082457, "avg_queue_size": 3.80327868852459, "server_freq": 1.0369284075931424}, "server2": {"avg_delay": 10.30057896511368, "avg_queue_size": 9.918997107039537, "server_freq": 1.0179297193151582}}