{"server1": {"avg_delay": 2.5799344562676336, "avg_queue_size": 1.8388090349075976, "server_freq": 0.9686458638758234}, "server2": {"avg_delay": 8.34871027845712, "avg_queue_size": 7.2404540763673895, "server_freq": 0.9686458638758234}}