{"server1": {"avg_delay": 2.6101668884811846, "avg_queue_size": 1.8629283489096573, "server_freq": 0.9607736818186026}, "server2": {"avg_delay": 4.798309667817038, "avg_queue_size": 3.8002081165452655, "server_freq": 0.9507760368465047}}