{"server1": {"avg_delay": 2.282135467608412, "avg_queue_size": 1.7251755265797393, "server_freq": 0.990506684215231}, "server2": {"avg_delay": 5.812189320563596, "avg_queue_size": 4.962663975782038, "server_freq": 0.9825106665828175}}