{"server1": {"avg_delay": 2.9661212792465386, "avg_queue_size": 2.4915254237288136, "server_freq": 0.9968872315097185}, "server2": {"avg_delay": 7.043724123436193, "avg_queue_size": 6.227683049147442, "server_freq": 0.9828888150191105}}