{"server1": {"avg_delay": 3.1129075695771755, "avg_queue_size": 2.4407265774378586, "server_freq": 1.0449744089880935}, "server2": {"avg_delay": 7.7530101776057165, "avg_queue_size": 7.380861244019139, "server_freq": 1.0419744824551131}}