{"server1": {"avg_delay": 2.6661200919823744, "avg_queue_size": 2.237960339943343, "server_freq": 1.0578972810512783}, "server2": {"avg_delay": 34.05388164734386, "avg_queue_size": 35.27599243856333, "server_freq": 1.0458984461055172}}