{"server1": {"avg_delay": 3.180602191304064, "avg_queue_size": 2.4909274193548385, "server_freq": 0.9837785967791841}, "server2": {"avg_delay": 7.885708688688477, "avg_queue_size": 6.5355691056910565, "server_freq": 0.9607837718544675}}