{"server1": {"avg_delay": 3.3636985280428306, "avg_queue_size": 2.536372453928225, "server_freq": 1.0298856282109803}, "server2": {"avg_delay": 9.014886355511255, "avg_queue_size": 8.242718446601941, "server_freq": 1.028885739251552}}