{"server1": {"avg_delay": 2.4919511887563566, "avg_queue_size": 1.962888665997994, "server_freq": 0.9939942923034892}, "server2": {"avg_delay": 8.369010288690827, "avg_queue_size": 7.583501006036217, "server_freq": 0.9759943956621786}}