{"server1": {"avg_delay": 2.4065832197795953, "avg_queue_size": 1.7681007345225603, "server_freq": 0.9488338586585771}, "server2": {"avg_delay": 4.968444479171378, "avg_queue_size": 4.249736564805058, "server_freq": 0.9278375351266169}}