{"server1": {"avg_delay": 3.5123934094712226, "avg_queue_size": 2.8430583501006037, "server_freq": 0.9928634211368802}, "server2": {"avg_delay": 15.028927349779401, "avg_queue_size": 13.84390735146022, "server_freq": 0.9838646590117726}}