{"server1": {"avg_delay": 3.548743738690886, "avg_queue_size": 2.616255144032922, "server_freq": 0.9688516488959547}, "server2": {"avg_delay": 6.632039330408298, "avg_queue_size": 5.647058823529412, "server_freq": 0.9658521081872984}}