{"server1": {"avg_delay": 3.029917382389978, "avg_queue_size": 2.2551724137931033, "server_freq": 1.010836187718922}, "server2": {"avg_delay": 7.651917572068439, "avg_queue_size": 6.720079129574678, "server_freq": 0.992839104258051}}