{"server1": {"avg_delay": 3.5931191719325493, "avg_queue_size": 2.9402697495183046, "server_freq": 1.0348148345329384}, "server2": {"avg_delay": 6.43850064911872, "avg_queue_size": 5.95274831243973, "server_freq": 1.023838013723042}}