{"server1": {"avg_delay": 3.0724509574280763, "avg_queue_size": 2.4131979695431474, "server_freq": 0.9844688669649375}, "server2": {"avg_delay": 7.574993034932213, "avg_queue_size": 6.566497461928934, "server_freq": 0.9654791121706899}}