{"server1": {"avg_delay": 2.9535808996488684, "avg_queue_size": 2.2189638318670575, "server_freq": 1.0209804436193637}, "server2": {"avg_delay": 12.897103815016015, "avg_queue_size": 11.913809990205682, "server_freq": 1.013980577698369}}