{"server1": {"avg_delay": 3.2506551606532668, "avg_queue_size": 2.584390243902439, "server_freq": 1.0247735494901262}, "server2": {"avg_delay": 11.3456184047172, "avg_queue_size": 10.38829268292683, "server_freq": 1.0127762006180465}}