{"server1": {"avg_delay": 3.045097678606908, "avg_queue_size": 2.3627450980392157, "server_freq": 1.014897665444548}, "server2": {"avg_delay": 10.339930977398318, "avg_queue_size": 9.02167487684729, "server_freq": 1.0098981695556586}}