{"server1": {"avg_delay": 2.601713632211079, "avg_queue_size": 2.029791459781529, "server_freq": 1.0064448058185607}, "server2": {"avg_delay": 9.860844054049183, "avg_queue_size": 9.00695134061569, "server_freq": 0.9844569351849873}}