{"server1": {"avg_delay": 2.6908589685232034, "avg_queue_size": 1.949290060851927, "server_freq": 0.9848781293472244}, "server2": {"avg_delay": 7.545018608610177, "avg_queue_size": 6.557809330628803, "server_freq": 0.97688723174603}}