{"server1": {"avg_delay": 2.6960939617963833, "avg_queue_size": 2.1278048780487806, "server_freq": 1.0244213704201717}, "server2": {"avg_delay": 10.117714963711826, "avg_queue_size": 9.272195121951219, "server_freq": 1.023421934936835}}