{"server1": {"avg_delay": 3.8959630087955297, "avg_queue_size": 3.0732196589769307, "server_freq": 0.9969253078701853}, "server2": {"avg_delay": 6.4026000515207, "avg_queue_size": 5.528585757271816, "server_freq": 0.9949254577039462}}