{"server1": {"avg_delay": 2.8710927743643926, "avg_queue_size": 1.9681528662420382, "server_freq": 0.9409198557051154}, "server2": {"avg_delay": 4.523394056962683, "avg_queue_size": 3.426142401700319, "server_freq": 0.9349203667208107}}