{"server1": {"avg_delay": 3.060358904882827, "avg_queue_size": 2.459816887080366, "server_freq": 0.9776422209092355}, "server2": {"avg_delay": 5.631736652756398, "avg_queue_size": 4.725971370143149, "server_freq": 0.968645513354856}}