{"server1": {"avg_delay": 3.0681950130534066, "avg_queue_size": 2.4088669950738915, "server_freq": 1.0127619658814762}, "server2": {"avg_delay": 19.88583641382822, "avg_queue_size": 17.760118460019743, "server_freq": 0.9907671354279791}}