{"server1": {"avg_delay": 2.9273337098074976, "avg_queue_size": 2.2509727626459144, "server_freq": 1.026856830084715}, "server2": {"avg_delay": 15.47393935656813, "avg_queue_size": 14.827821011673151, "server_freq": 1.0188657263486471}}