{"server1": {"avg_delay": 2.6039626129221656, "avg_queue_size": 2.0457198443579765, "server_freq": 1.0269645341118983}, "server2": {"avg_delay": 11.305092325500084, "avg_queue_size": 11.035053554040896, "server_freq": 1.0189648103797706}}