{"server1": {"avg_delay": 3.382481083724788, "avg_queue_size": 2.595427435387674, "server_freq": 1.0047332265447473}, "server2": {"avg_delay": 13.460182906864366, "avg_queue_size": 12.190854870775349, "server_freq": 1.000738263417333}}