{"server1": {"avg_delay": 2.905301565020729, "avg_queue_size": 2.465160075329567, "server_freq": 1.0513529116570943}, "server2": {"avg_delay": 16.451141207279445, "avg_queue_size": 16.54087452471483, "server_freq": 1.0513529116570943}}