{"server1": {"avg_delay": 3.192291445890073, "avg_queue_size": 2.4294478527607364, "server_freq": 0.9639055729585364}, "server2": {"avg_delay": 6.313423372355214, "avg_queue_size": 5.3153526970954355, "server_freq": 0.9599059647719864}}