{"server1": {"avg_delay": 2.7897018227407324, "avg_queue_size": 2.2127659574468086, "server_freq": 1.0336175134687806}, "server2": {"avg_delay": 7.829003041923208, "avg_queue_size": 7.415860735009671, "server_freq": 1.0246208426552226}}