{"server1": {"avg_delay": 2.4493233602078806, "avg_queue_size": 1.808870116156283, "server_freq": 0.9466414545545891}, "server2": {"avg_delay": 6.222827164255212, "avg_queue_size": 5.130939809926082, "server_freq": 0.945641833166464}}