{"server1": {"avg_delay": 2.638381928439898, "avg_queue_size": 1.9338159255429161, "server_freq": 0.9664280198421206}, "server2": {"avg_delay": 7.122424272102067, "avg_queue_size": 6.0320579110651495, "server_freq": 0.9624303858407054}}