{"server1": {"avg_delay": 3.359072492936555, "avg_queue_size": 2.4403669724770642, "server_freq": 0.9779821872706835}, "server2": {"avg_delay": 5.672763213194506, "avg_queue_size": 4.800613496932515, "server_freq": 0.9699823329780808}}