{"server1": {"avg_delay": 3.5036967140888087, "avg_queue_size": 2.714138286893705, "server_freq": 0.9618380649914943}, "server2": {"avg_delay": 7.507026738152855, "avg_queue_size": 6.652806652806653, "server_freq": 0.9478404216340297}}