{"server1": {"avg_delay": 3.8976562458980064, "avg_queue_size": 3.0387596899224807, "server_freq": 1.0312726411520683}, "server2": {"avg_delay": 12.439617841267703, "avg_queue_size": 11.66375968992248, "server_freq": 1.0162832132283464}}