{"server1": {"avg_delay": 3.1704261318559976, "avg_queue_size": 2.4701195219123506, "server_freq": 0.9987498888416262}, "server2": {"avg_delay": 10.996842681789802, "avg_queue_size": 10.093093093093094, "server_freq": 0.9957506399261858}}