{"server1": {"avg_delay": 2.556996166083626, "avg_queue_size": 1.8895833333333334, "server_freq": 0.9574240458005921}, "server2": {"avg_delay": 9.58542495396144, "avg_queue_size": 8.624217118997912, "server_freq": 0.9554252482101943}}