{"server1": {"avg_delay": 2.811901183581629, "avg_queue_size": 2.1664994984954866, "server_freq": 0.9908928577148483}, "server2": {"avg_delay": 4.881934650408338, "avg_queue_size": 4.247225025227044, "server_freq": 0.9858933982914635}}