{"server1": {"avg_delay": 2.9240868472484194, "avg_queue_size": 2.413308341143393, "server_freq": 1.0638371886746925}, "server2": {"avg_delay": 17.985686314100974, "avg_queue_size": 17.467105263157894, "server_freq": 1.035841473183253}}