{"server1": {"avg_delay": 2.5975881431541192, "avg_queue_size": 2.0650717703349284, "server_freq": 1.0409249472149509}, "server2": {"avg_delay": 16.003639700927565, "avg_queue_size": 15.931796349663784, "server_freq": 1.0389250914085821}}