{"server1": {"avg_delay": 3.1169892330343263, "avg_queue_size": 2.4765625, "server_freq": 1.022997078902134}, "server2": {"avg_delay": 6.819890372002122, "avg_queue_size": 6.374389051808406, "server_freq": 1.022997078902134}}