{"server1": {"avg_delay": 2.9796087461371945, "avg_queue_size": 2.4033696729435086, "server_freq": 1.0064717171980764}, "server2": {"avg_delay": 9.242703180145218, "avg_queue_size": 8.648460774577954, "server_freq": 1.0054722418086046}}