{"server1": {"avg_delay": 2.7711434671438133, "avg_queue_size": 2.055944055944056, "server_freq": 1.0008734948831195}, "server2": {"avg_delay": 8.612854630730505, "avg_queue_size": 7.875124875124875, "server_freq": 0.9968740003980722}}