{"server1": {"avg_delay": 2.9226451720244575, "avg_queue_size": 2.5571293673276676, "server_freq": 1.057938103967887}, "server2": {"avg_delay": 13.172851820137835, "avg_queue_size": 12.63421550094518, "server_freq": 1.0359393910309367}}