{"server1": {"avg_delay": 3.274833366345193, "avg_queue_size": 2.3891129032258065, "server_freq": 0.9908359347541799}, "server2": {"avg_delay": 10.007112673162071, "avg_queue_size": 9.039354187689202, "server_freq": 0.9888362658646659}}