{"server1": {"avg_delay": 2.634519158984995, "avg_queue_size": 2.099403578528827, "server_freq": 0.998762073470362}, "server2": {"avg_delay": 7.958286828118092, "avg_queue_size": 7.247247247247247, "server_freq": 0.9927635024585281}}