{"server1": {"avg_delay": 2.5706102428039856, "avg_queue_size": 2.030150753768844, "server_freq": 0.9946677197492215}, "server2": {"avg_delay": 6.828779151448472, "avg_queue_size": 5.706532663316583, "server_freq": 0.9906690555492246}}