{"server1": {"avg_delay": 3.170314590846733, "avg_queue_size": 2.8345521023765996, "server_freq": 1.0867736685031981}, "server2": {"avg_delay": 15.633071289013737, "avg_queue_size": 15.90064397424103, "server_freq": 1.0597792903527046}}