{"server1": {"avg_delay": 2.594803457170665, "avg_queue_size": 1.9258883248730965, "server_freq": 0.9839567743655427}, "server2": {"avg_delay": 11.484498042780245, "avg_queue_size": 10.372967479674797, "server_freq": 0.972957257578936}}