{"server1": {"avg_delay": 3.0268148484461963, "avg_queue_size": 2.2366803278688523, "server_freq": 0.9758578974668312}, "server2": {"avg_delay": 5.6812881751517725, "avg_queue_size": 4.596311475409836, "server_freq": 0.974858043063689}}