{"server1": {"avg_delay": 3.06492610155191, "avg_queue_size": 2.5344995140913507, "server_freq": 1.01299536398516}, "server2": {"avg_delay": 6.036901187474994, "avg_queue_size": 5.518262586377098, "server_freq": 0.9939954509390415}}