{"server1": {"avg_delay": 2.9955587720466497, "avg_queue_size": 2.3190621814475025, "server_freq": 0.9789531276200819}, "server2": {"avg_delay": 9.442315330467453, "avg_queue_size": 8.339121552604698, "server_freq": 0.972953414886966}}