{"server1": {"avg_delay": 2.797982260173694, "avg_queue_size": 2.480075901328273, "server_freq": 1.0529169707099253}, "server2": {"avg_delay": 10.05895022385078, "avg_queue_size": 9.594491927825262, "server_freq": 1.021919415066993}}