{"server1": {"avg_delay": 2.9781666205103967, "avg_queue_size": 2.447058823529412, "server_freq": 1.0195648819984187}, "server2": {"avg_delay": 7.533577686594447, "avg_queue_size": 6.37843137254902, "server_freq": 1.0175657351709708}}