{"server1": {"avg_delay": 3.3655922867832753, "avg_queue_size": 2.674280039721946, "server_freq": 1.0057850881115213}, "server2": {"avg_delay": 13.246942696439538, "avg_queue_size": 12.280039721946375, "server_freq": 1.0057850881115213}}