{"server1": {"avg_delay": 2.7218154048271193, "avg_queue_size": 1.952626158599382, "server_freq": 0.9648226802916178}, "server2": {"avg_delay": 8.150840257864804, "avg_queue_size": 6.892227979274612, "server_freq": 0.9618232315445973}}