{"server1": {"avg_delay": 3.4408963299226727, "avg_queue_size": 2.4018036072144286, "server_freq": 0.993826853264693}, "server2": {"avg_delay": 4.920530605531984, "avg_queue_size": 4.373239436619718, "server_freq": 0.9798292919511058}}