{"server1": {"avg_delay": 2.9636030347082634, "avg_queue_size": 2.2151639344262297, "server_freq": 0.972748281837288}, "server2": {"avg_delay": 4.620364372230658, "avg_queue_size": 3.869475847893114, "server_freq": 0.9657500927593219}}