{"server1": {"avg_delay": 2.7949840358859124, "avg_queue_size": 2.257286432160804, "server_freq": 0.9907475398589881}, "server2": {"avg_delay": 23.66674051985178, "avg_queue_size": 24.373360242179615, "server_freq": 0.9177661368219486}}