{"server1": {"avg_delay": 3.0320063470005953, "avg_queue_size": 2.3078470824949697, "server_freq": 0.9929535551205071}, "server2": {"avg_delay": 5.329882526252573, "avg_queue_size": 4.286002014098691, "server_freq": 0.9909536486650781}}