{"server1": {"avg_delay": 2.8923846003135787, "avg_queue_size": 2.134897360703812, "server_freq": 1.0226729879224314}, "server2": {"avg_delay": 7.191085840907374, "avg_queue_size": 6.403714565004887, "server_freq": 1.0106768238412298}}