{"server1": {"avg_delay": 3.8669246242655047, "avg_queue_size": 3.1294685990338165, "server_freq": 1.0229781450182016}, "server2": {"avg_delay": 5.191776047489101, "avg_queue_size": 4.531769305962855, "server_freq": 1.0199782091090572}}