{"server1": {"avg_delay": 3.548010443046246, "avg_queue_size": 3.017, "server_freq": 0.9978143611046947}, "server2": {"avg_delay": 10.363440582178665, "avg_queue_size": 9.31931931931932, "server_freq": 0.9978143611046947}}