{"server1": {"avg_delay": 3.0109624682974827, "avg_queue_size": 2.4363807728557965, "server_freq": 1.055982047837126}, "server2": {"avg_delay": 12.818902376797258, "avg_queue_size": 12.479166666666666, "server_freq": 1.0529820988375889}}