{"server1": {"avg_delay": 5.120735088127049, "avg_queue_size": 4.708333333333333, "server_freq": 1.1197565286777207}, "server2": {"avg_delay": 29.39331680979978, "avg_queue_size": 31.025892857142857, "server_freq": 1.0847641371565417}}