{"server1": {"avg_delay": 3.14453117199744, "avg_queue_size": 2.5196850393700787, "server_freq": 1.012366035880477}, "server2": {"avg_delay": 17.576061545368717, "avg_queue_size": 16.199407699901283, "server_freq": 1.012366035880477}}