{"server1": {"avg_delay": 3.1123045462018526, "avg_queue_size": 2.4385614385614387, "server_freq": 0.9979888477236366}, "server2": {"avg_delay": 8.072277983436699, "avg_queue_size": 7.479959919839679, "server_freq": 0.9949888812475134}}