{"server1": {"avg_delay": 2.8222095464725934, "avg_queue_size": 2.2660098522167487, "server_freq": 1.01260474036185}, "server2": {"avg_delay": 11.324511754614049, "avg_queue_size": 11.757635467980295, "server_freq": 0.9707038545537736}}