{"server1": {"avg_delay": 2.730269544474733, "avg_queue_size": 2.1965317919075145, "server_freq": 1.0369456154953727}, "server2": {"avg_delay": 11.347366095154756, "avg_queue_size": 11.13307618129219, "server_freq": 1.0049472937057373}}