{"server1": {"avg_delay": 2.6108066499102462, "avg_queue_size": 1.9090909090909092, "server_freq": 1.009835293827309}, "server2": {"avg_delay": 7.818042804667974, "avg_queue_size": 6.9970297029702975, "server_freq": 0.9928380661094237}}