{"server1": {"avg_delay": 3.058279384355374, "avg_queue_size": 2.3333333333333335, "server_freq": 0.9703597760052555}, "server2": {"avg_delay": 10.101602958127406, "avg_queue_size": 9.084449021627188, "server_freq": 0.9403795563552476}}