{"server1": {"avg_delay": 2.522285840644238, "avg_queue_size": 1.728370221327968, "server_freq": 0.9884136649936482}, "server2": {"avg_delay": 6.239789602700446, "avg_queue_size": 5.345803842264914, "server_freq": 0.9864148507065024}}