{"server1": {"avg_delay": 4.448867527067692, "avg_queue_size": 3.8200956937799044, "server_freq": 1.0408062318069773}, "server2": {"avg_delay": 13.064829020770823, "avg_queue_size": 12.772334293948127, "server_freq": 1.0408062318069773}}