{"server1": {"avg_delay": 2.7511799142531386, "avg_queue_size": 2.134061569016882, "server_freq": 1.0049532368592906}, "server2": {"avg_delay": 7.496665726067158, "avg_queue_size": 7.101492537313433, "server_freq": 1.0019533764507556}}