{"server1": {"avg_delay": 2.9143747613935824, "avg_queue_size": 2.00104821802935, "server_freq": 0.9513763918969477}, "server2": {"avg_delay": 5.506819548202756, "avg_queue_size": 4.347689075630252, "server_freq": 0.9483783570485329}}