{"server1": {"avg_delay": 2.9991183717837018, "avg_queue_size": 2.2409274193548385, "server_freq": 0.9905712181467704}, "server2": {"avg_delay": 6.284512741798927, "avg_queue_size": 5.346115035317861, "server_freq": 0.9895716508227071}}