{"server1": {"avg_delay": 3.1913412118685667, "avg_queue_size": 2.291231732776618, "server_freq": 0.9569169172238373}, "server2": {"avg_delay": 5.997907684251971, "avg_queue_size": 4.852664576802508, "server_freq": 0.9569169172238373}}