{"server1": {"avg_delay": 3.7456744097570533, "avg_queue_size": 3.288443170964661, "server_freq": 1.0422550891726807}, "server2": {"avg_delay": 9.227112178970163, "avg_queue_size": 8.575263662511984, "server_freq": 1.0322622311748602}}