{"server1": {"avg_delay": 2.669073198130587, "avg_queue_size": 1.8692946058091287, "server_freq": 0.9636233629429355}, "server2": {"avg_delay": 7.450927884170133, "avg_queue_size": 5.823651452282157, "server_freq": 0.9616241443476182}}