{"server1": {"avg_delay": 4.021325687864283, "avg_queue_size": 3.161290322580645, "server_freq": 0.9868659340975945}, "server2": {"avg_delay": 5.402914812726277, "avg_queue_size": 4.613981762917933, "server_freq": 0.9868659340975945}}