{"server1": {"avg_delay": 3.718680948277798, "avg_queue_size": 3.3112391930835736, "server_freq": 1.0368653162517871}, "server2": {"avg_delay": 14.034798048004244, "avg_queue_size": 13.945998071359691, "server_freq": 1.0328658357647986}}