{"server1": {"avg_delay": 2.9963597048844273, "avg_queue_size": 2.1411167512690357, "server_freq": 0.9788376828550875}, "server2": {"avg_delay": 7.041187663639817, "avg_queue_size": 5.711950970377937, "server_freq": 0.9768380144529322}}