{"server1": {"avg_delay": 2.2913732494692756, "avg_queue_size": 1.6140529531568228, "server_freq": 0.9812523869902042}, "server2": {"avg_delay": 5.867664291385578, "avg_queue_size": 4.755600814663951, "server_freq": 0.9792539096236254}}