{"server1": {"avg_delay": 3.2147472746479635, "avg_queue_size": 2.5029761904761907, "server_freq": 1.0038650983997226}, "server2": {"avg_delay": 17.537752787161022, "avg_queue_size": 16.717131474103585, "server_freq": 0.9928665764053033}}