{"server1": {"avg_delay": 3.486219508480523, "avg_queue_size": 2.4006410256410255, "server_freq": 0.9352268701225177}, "server2": {"avg_delay": 4.920408407470621, "avg_queue_size": 3.9871794871794872, "server_freq": 0.924235956050565}}