{"server1": {"avg_delay": 2.754171364929887, "avg_queue_size": 2.0949554896142435, "server_freq": 1.0108974397734496}, "server2": {"avg_delay": 19.745412465725533, "avg_queue_size": 18.962413452027697, "server_freq": 1.000898454216838}}