{"server1": {"avg_delay": 3.1678481398584295, "avg_queue_size": 2.1970954356846475, "server_freq": 0.9635720300161176}, "server2": {"avg_delay": 7.786889775499118, "avg_queue_size": 6.655601659751038, "server_freq": 0.9585742497774448}}