{"server1": {"avg_delay": 2.5512486278035644, "avg_queue_size": 1.945973496432212, "server_freq": 0.9728021053032834}, "server2": {"avg_delay": 5.7282277256181215, "avg_queue_size": 5.006166495375129, "server_freq": 0.9718023086894054}}