{"server1": {"avg_delay": 3.0114839967472107, "avg_queue_size": 2.4364485981308412, "server_freq": 1.0649891957966162}, "server2": {"avg_delay": 7.070419319721025, "avg_queue_size": 6.487804878048781, "server_freq": 1.047006263785041}}