{"server1": {"avg_delay": 2.830110624403232, "avg_queue_size": 2.126543209876543, "server_freq": 0.9717386289106644}, "server2": {"avg_delay": 7.743568435025098, "avg_queue_size": 6.609053497942387, "server_freq": 0.9647405112127481}}