{"server1": {"avg_delay": 2.6040953599861494, "avg_queue_size": 2.0285132382892055, "server_freq": 0.9777821868677793}, "server2": {"avg_delay": 12.019634070537512, "avg_queue_size": 10.994887525562373, "server_freq": 0.9767824095805935}}