{"server1": {"avg_delay": 2.8745775227182695, "avg_queue_size": 1.9837728194726165, "server_freq": 0.9859919184973471}, "server2": {"avg_delay": 5.271816901149002, "avg_queue_size": 4.47870182555781, "server_freq": 0.9829919430860976}}