{"server1": {"avg_delay": 3.032950234561909, "avg_queue_size": 2.367760617760618, "server_freq": 1.0293630479578124}, "server2": {"avg_delay": 15.193195675816327, "avg_queue_size": 15.217475728155339, "server_freq": 1.0283636663578533}}