{"server1": {"avg_delay": 2.5424082259757492, "avg_queue_size": 1.9716796875, "server_freq": 1.0225166892299165}, "server2": {"avg_delay": 9.167995124931629, "avg_queue_size": 8.50928641251222, "server_freq": 1.010522358564463}}