{"server1": {"avg_delay": 2.5789548273272582, "avg_queue_size": 1.875, "server_freq": 0.9676436883618921}, "server2": {"avg_delay": 8.654046251292673, "avg_queue_size": 7.636363636363637, "server_freq": 0.9566477373577796}}