{"server1": {"avg_delay": 2.9797477779056862, "avg_queue_size": 2.315470171890799, "server_freq": 0.9823631418052613}, "server2": {"avg_delay": 6.692598523538542, "avg_queue_size": 5.8158697863682605, "server_freq": 0.9823631418052613}}