{"server1": {"avg_delay": 2.903289307827385, "avg_queue_size": 2.1473899692937564, "server_freq": 0.9759518543551481}, "server2": {"avg_delay": 3.9697478510492052, "avg_queue_size": 3.132172131147541, "server_freq": 0.9689521996620272}}