{"server1": {"avg_delay": 2.5923747762740144, "avg_queue_size": 1.9832512315270936, "server_freq": 1.011312560225849}, "server2": {"avg_delay": 6.763325153028667, "avg_queue_size": 6.052319842053307, "server_freq": 1.0073192233641477}}