{"server1": {"avg_delay": 3.2470167167425257, "avg_queue_size": 2.5718336483931945, "server_freq": 1.0557517391788294}, "server2": {"avg_delay": 16.8471823525002, "avg_queue_size": 17.083333333333332, "server_freq": 1.0527524444652532}}