{"server1": {"avg_delay": 2.4227585023598754, "avg_queue_size": 1.7151639344262295, "server_freq": 0.9716924179471429}, "server2": {"avg_delay": 6.655351297792017, "avg_queue_size": 5.751028806584362, "server_freq": 0.9706927343895841}}