{"server1": {"avg_delay": 3.780387778849255, "avg_queue_size": 2.936770428015564, "server_freq": 1.0239884221162086}, "server2": {"avg_delay": 10.053920901326256, "avg_queue_size": 9.1337890625, "server_freq": 1.0199884673423172}}