{"server1": {"avg_delay": 2.4905892470812763, "avg_queue_size": 1.900695134061569, "server_freq": 1.0048919731222405}, "server2": {"avg_delay": 6.121811620873761, "avg_queue_size": 5.250746268656717, "server_freq": 0.9968928330376853}}