{"server1": {"avg_delay": 2.9225090185558287, "avg_queue_size": 2.2083333333333335, "server_freq": 0.9787487628054772}, "server2": {"avg_delay": 11.894262486287554, "avg_queue_size": 11.116445352400408, "server_freq": 0.9757495326845207}}