{"server1": {"avg_delay": 2.7864332522131376, "avg_queue_size": 2.2618110236220472, "server_freq": 1.0134238761761227}, "server2": {"avg_delay": 7.280324834880608, "avg_queue_size": 6.745562130177515, "server_freq": 1.0104255806844773}}