{"server1": {"avg_delay": 2.489760198925448, "avg_queue_size": 1.7706611570247934, "server_freq": 0.9675387271690087}, "server2": {"avg_delay": 4.137312289633638, "avg_queue_size": 3.2985537190082646, "server_freq": 0.9645401567335675}}