{"server1": {"avg_delay": 2.7685881403875134, "avg_queue_size": 2.2372549019607844, "server_freq": 1.0198304280445956}, "server2": {"avg_delay": 7.54593719882469, "avg_queue_size": 6.787254901960784, "server_freq": 0.9998337529848976}}