{"server1": {"avg_delay": 3.8487930690866157, "avg_queue_size": 3.1549155908639523, "server_freq": 1.0058573745262274}, "server2": {"avg_delay": 5.42005351613764, "avg_queue_size": 5.077534791252485, "server_freq": 0.9828606353471984}}