{"server1": {"avg_delay": 3.5096499157177132, "avg_queue_size": 2.835175879396985, "server_freq": 0.9929506580263291}, "server2": {"avg_delay": 5.369504065416495, "avg_queue_size": 4.451158106747231, "server_freq": 0.9919507077161314}}