{"server1": {"avg_delay": 2.278765542652278, "avg_queue_size": 1.7019328585961342, "server_freq": 0.981893606516234}, "server2": {"avg_delay": 9.471198953990605, "avg_queue_size": 8.529531568228107, "server_freq": 0.9758942565782529}}