{"server1": {"avg_delay": 2.229049940998879, "avg_queue_size": 1.6610505450941526, "server_freq": 1.008710023421731}, "server2": {"avg_delay": 7.19231889400345, "avg_queue_size": 6.621407333994053, "server_freq": 0.9967134721025429}}