{"server1": {"avg_delay": 2.055638049530246, "avg_queue_size": 1.3588110403397027, "server_freq": 0.9398728027538584}, "server2": {"avg_delay": 4.686893170138576, "avg_queue_size": 3.796808510638298, "server_freq": 0.9268745618647093}}