{"server1": {"avg_delay": 3.3662924085700214, "avg_queue_size": 2.6234939759036147, "server_freq": 0.994437045357539}, "server2": {"avg_delay": 11.072379296109853, "avg_queue_size": 10.263316582914573, "server_freq": 0.994437045357539}}