{"server1": {"avg_delay": 2.395907363071628, "avg_queue_size": 1.7254098360655739, "server_freq": 0.9758633053097728}, "server2": {"avg_delay": 6.376272184150822, "avg_queue_size": 5.564549180327869, "server_freq": 0.9748634453658078}}