{"server1": {"avg_delay": 2.809910927659134, "avg_queue_size": 2.335885167464115, "server_freq": 1.0408486277120177}, "server2": {"avg_delay": 9.020689986193828, "avg_queue_size": 8.513928914505284, "server_freq": 1.013852553794415}}