{"server1": {"avg_delay": 2.9637404082178294, "avg_queue_size": 2.2905472636815922, "server_freq": 1.0017303366533201}, "server2": {"avg_delay": 6.510601796574771, "avg_queue_size": 5.9031936127744515, "server_freq": 0.9867343735297675}}