{"server1": {"avg_delay": 2.8493362848395924, "avg_queue_size": 2.247534516765286, "server_freq": 1.0125889633518617}, "server2": {"avg_delay": 14.006519725036874, "avg_queue_size": 12.831194471865745, "server_freq": 0.9955958613015342}}