{"server1": {"avg_delay": 2.7419665250696355, "avg_queue_size": 2.0644511581067473, "server_freq": 0.9923788546586699}, "server2": {"avg_delay": 6.391193483832151, "avg_queue_size": 5.4652567975830815, "server_freq": 0.9853832333267357}}