{"server1": {"avg_delay": 3.829737079971732, "avg_queue_size": 3.102613746369797, "server_freq": 1.0319791203764375}, "server2": {"avg_delay": 12.453636506852357, "avg_queue_size": 11.886627906976743, "server_freq": 0.9929799094319792}}