{"server1": {"avg_delay": 3.2219954013612915, "avg_queue_size": 2.787214611872146, "server_freq": 1.0939044287446398}, "server2": {"avg_delay": 12.434493691850166, "avg_queue_size": 13.088665447897624, "server_freq": 1.0829053896987613}}