{"server1": {"avg_delay": 2.582230506665195, "avg_queue_size": 1.717098445595855, "server_freq": 0.9606261176933726}, "server2": {"avg_delay": 4.830704581502931, "avg_queue_size": 3.9334027055150886, "server_freq": 0.946631564469952}}