{"server1": {"avg_delay": 3.166228658124409, "avg_queue_size": 2.5889872173058013, "server_freq": 1.014940934844464}, "server2": {"avg_delay": 8.70843921470776, "avg_queue_size": 8.52807881773399, "server_freq": 0.9849426806126079}}