{"server1": {"avg_delay": 3.073087654527408, "avg_queue_size": 2.2776639344262297, "server_freq": 0.9748980621288581}, "server2": {"avg_delay": 7.581269688462298, "avg_queue_size": 6.413333333333333, "server_freq": 0.9638992121971479}}