{"server1": {"avg_delay": 3.366408114464177, "avg_queue_size": 2.7100297914597817, "server_freq": 1.0047387111132293}, "server2": {"avg_delay": 8.138716712348428, "avg_queue_size": 7.4791252485089466, "server_freq": 0.9997449799446745}}