{"server1": {"avg_delay": 2.54818311401376, "avg_queue_size": 1.9200799200799201, "server_freq": 0.9978774478842365}, "server2": {"avg_delay": 11.281828413677646, "avg_queue_size": 10.225450901803606, "server_freq": 0.9908783074682148}}