{"server1": {"avg_delay": 3.5191964562262767, "avg_queue_size": 2.9744075829383885, "server_freq": 1.0476000588934908}, "server2": {"avg_delay": 28.25345704422058, "avg_queue_size": 27.286259541984734, "server_freq": 1.0276076913573555}}