{"server1": {"avg_delay": 2.7461302140200194, "avg_queue_size": 1.9836065573770492, "server_freq": 0.9748672940403219}, "server2": {"avg_delay": 5.572566248272171, "avg_queue_size": 4.887179487179488, "server_freq": 0.9498706967572368}}