{"server1": {"avg_delay": 2.865660654542668, "avg_queue_size": 2.262088974854932, "server_freq": 1.03081342315674}, "server2": {"avg_delay": 25.270455234075893, "avg_queue_size": 27.25121241513094, "server_freq": 0.9368304340425465}}