{"server1": {"avg_delay": 3.1578522359550014, "avg_queue_size": 2.498547918683446, "server_freq": 1.030926246127674}, "server2": {"avg_delay": 11.057909001284294, "avg_queue_size": 11.148399612027157, "server_freq": 0.9849295367951104}}