{"server1": {"avg_delay": 2.579260813275932, "avg_queue_size": 2.0853307766059443, "server_freq": 1.0399792728027781}, "server2": {"avg_delay": 8.233409540136856, "avg_queue_size": 7.8076923076923075, "server_freq": 1.0349793724527647}}