{"server1": {"avg_delay": 2.7561863386227348, "avg_queue_size": 2.2516875602700095, "server_freq": 1.0329278927739078}, "server2": {"avg_delay": 14.024000127700543, "avg_queue_size": 13.25459825750242, "server_freq": 1.019928800222058}}