{"server1": {"avg_delay": 3.0657441866329136, "avg_queue_size": 2.4557086614173227, "server_freq": 1.0079241366785003}, "server2": {"avg_delay": 6.655192264392731, "avg_queue_size": 5.98015873015873, "server_freq": 1.003924437723427}}