{"server1": {"avg_delay": 3.604967211233541, "avg_queue_size": 3.2001828153564897, "server_freq": 1.0908015894141683}, "server2": {"avg_delay": 13.470273670213713, "avg_queue_size": 13.956003666361136, "server_freq": 1.083802862442675}}