{"server1": {"avg_delay": 3.6904080690574927, "avg_queue_size": 3.1149425287356323, "server_freq": 1.0332470935826996}, "server2": {"avg_delay": 10.021459141729148, "avg_queue_size": 9.657640232108317, "server_freq": 1.0302492780307189}}