{"server1": {"avg_delay": 3.0099606201827216, "avg_queue_size": 2.3061630218687874, "server_freq": 1.0057438980152897}, "server2": {"avg_delay": 13.882258717988341, "avg_queue_size": 12.68886679920477, "server_freq": 1.0027446617389022}}