{"server1": {"avg_delay": 3.15571108632308, "avg_queue_size": 2.3384146341463414, "server_freq": 0.9835845268110104}, "server2": {"avg_delay": 9.870917754603559, "avg_queue_size": 9.004065040650406, "server_freq": 0.9705900157860682}}