{"server1": {"avg_delay": 3.0769917063411496, "avg_queue_size": 2.57487922705314, "server_freq": 1.0308785028062404}, "server2": {"avg_delay": 11.579233365646266, "avg_queue_size": 11.204655674102813, "server_freq": 1.0268789741823559}}