{"server1": {"avg_delay": 2.9050249525824468, "avg_queue_size": 2.2050761421319796, "server_freq": 0.9846950955144871}, "server2": {"avg_delay": 6.679298579541922, "avg_queue_size": 5.993908629441624, "server_freq": 0.9607025246593118}}