{"server1": {"avg_delay": 4.479848846759937, "avg_queue_size": 3.356015779092702, "server_freq": 1.0130053928063942}, "server2": {"avg_delay": 8.463745182998169, "avg_queue_size": 7.712031558185404, "server_freq": 0.9950230485553933}}