{"server1": {"avg_delay": 2.6269412645061467, "avg_queue_size": 2.147317073170732, "server_freq": 1.0231702262109592}, "server2": {"avg_delay": 10.55815609733496, "avg_queue_size": 10.0498046875, "server_freq": 1.0231702262109592}}