{"server1": {"avg_delay": 2.919283516120258, "avg_queue_size": 2.248549323017408, "server_freq": 1.0289951164295954}, "server2": {"avg_delay": 9.245950141245592, "avg_queue_size": 8.783284742468416, "server_freq": 1.0279951211755336}}