{"server1": {"avg_delay": 3.1224248960231584, "avg_queue_size": 2.493069306930693, "server_freq": 1.0064741589593218}, "server2": {"avg_delay": 10.871307665028663, "avg_queue_size": 10.069513406156902, "server_freq": 1.0004772920737648}}