{"server1": {"avg_delay": 3.145414336868659, "avg_queue_size": 2.512645914396887, "server_freq": 1.0278025844809446}, "server2": {"avg_delay": 8.738422993702091, "avg_queue_size": 8.194552529182879, "server_freq": 1.0158048889422566}}