{"server1": {"avg_delay": 2.947504666065487, "avg_queue_size": 2.1721721721721723, "server_freq": 0.995766254079547}, "server2": {"avg_delay": 5.721176604215391, "avg_queue_size": 4.765060240963855, "server_freq": 0.9857686009261379}}