{"server1": {"avg_delay": 2.616834389007126, "avg_queue_size": 1.9156504065040652, "server_freq": 0.98344683760676}, "server2": {"avg_delay": 9.97504273937827, "avg_queue_size": 8.991869918699187, "server_freq": 0.9714535834896044}}