{"server1": {"avg_delay": 4.117509986905307, "avg_queue_size": 3.3004830917874397, "server_freq": 1.0259916743234927}, "server2": {"avg_delay": 7.16249333581474, "avg_queue_size": 6.392787524366471, "server_freq": 1.020991714896965}}