{"server1": {"avg_delay": 3.0766671864361244, "avg_queue_size": 2.655139289145053, "server_freq": 1.0353481800998998}, "server2": {"avg_delay": 19.754529567370906, "avg_queue_size": 19.793436293436294, "server_freq": 1.0233557301373526}}