{"server1": {"avg_delay": 3.296216783654105, "avg_queue_size": 2.3918781725888323, "server_freq": 0.9838999056393062}, "server2": {"avg_delay": 10.13423337397894, "avg_queue_size": 8.465447154471544, "server_freq": 0.9679015331898866}}