{"server1": {"avg_delay": 2.8793055935446725, "avg_queue_size": 2.2907092907092905, "server_freq": 0.9985114132023546}, "server2": {"avg_delay": 9.91006010885821, "avg_queue_size": 8.94094094094094, "server_freq": 0.9755226619474455}}