{"server1": {"avg_delay": 3.3520570830111773, "avg_queue_size": 2.638888888888889, "server_freq": 1.0044685381601985}, "server2": {"avg_delay": 10.551640202577358, "avg_queue_size": 9.51044776119403, "server_freq": 1.0034690669779496}}