{"server1": {"avg_delay": 2.646975800279555, "avg_queue_size": 1.8885542168674698, "server_freq": 0.9959646709520286}, "server2": {"avg_delay": 4.76027519233877, "avg_queue_size": 3.9869477911646585, "server_freq": 0.9899648837776188}}