{"server1": {"avg_delay": 3.083009310651649, "avg_queue_size": 2.214137214137214, "server_freq": 0.9598979881789405}, "server2": {"avg_delay": 5.074670181792067, "avg_queue_size": 4.08125, "server_freq": 0.9558984132281949}}