{"server1": {"avg_delay": 3.699538104078954, "avg_queue_size": 2.9352657004830918, "server_freq": 1.0328559859214992}, "server2": {"avg_delay": 12.40996079336759, "avg_queue_size": 11.598257502420136, "server_freq": 1.0228573800558505}}