{"server1": {"avg_delay": 2.677574227951268, "avg_queue_size": 1.8814968814968815, "server_freq": 0.9567778845343157}, "server2": {"avg_delay": 4.688378895356088, "avg_queue_size": 3.6886102403343783, "server_freq": 0.9527788129166174}}