{"server1": {"avg_delay": 4.117941674644859, "avg_queue_size": 3.239450441609421, "server_freq": 1.018895009415552}, "server2": {"avg_delay": 11.971119536463062, "avg_queue_size": 11.333660451422963, "server_freq": 1.01789511244851}}