{"server1": {"avg_delay": 1.8886280341068802, "avg_queue_size": 1.259375, "server_freq": 0.9589974260294547}, "server2": {"avg_delay": 9.896806176403658, "avg_queue_size": 8.441084462982273, "server_freq": 0.9339974931298338}}