{"server1": {"avg_delay": 2.761242294212248, "avg_queue_size": 1.8315450643776825, "server_freq": 0.9308205693299402}, "server2": {"avg_delay": 10.955734470465947, "avg_queue_size": 9.14607948442535, "server_freq": 0.927821147516847}}