{"server1": {"avg_delay": 2.794429712091393, "avg_queue_size": 2.0283114256825074, "server_freq": 0.9877746805030143}, "server2": {"avg_delay": 6.674104605425065, "avg_queue_size": 5.804655870445344, "server_freq": 0.9857751366153563}}