{"server1": {"avg_delay": 2.9338594279009005, "avg_queue_size": 2.344181459566075, "server_freq": 1.0076094143061793}, "server2": {"avg_delay": 5.350145174807569, "avg_queue_size": 4.743055555555555, "server_freq": 0.9886167765365192}}