{"server1": {"avg_delay": 4.426502445556945, "avg_queue_size": 3.924474187380497, "server_freq": 1.0429932673471687}, "server2": {"avg_delay": 11.131732538346094, "avg_queue_size": 11.248322147651006, "server_freq": 1.021993402903937}}