{"server1": {"avg_delay": 3.3642320045664422, "avg_queue_size": 2.8287128712871286, "server_freq": 1.0032654536468244}, "server2": {"avg_delay": 6.610769546553609, "avg_queue_size": 6.063745019920319, "server_freq": 1.0012669168865718}}