{"server1": {"avg_delay": 3.1556950444786547, "avg_queue_size": 2.5555555555555554, "server_freq": 1.0439723157189065}, "server2": {"avg_delay": 17.20247894240772, "avg_queue_size": 17.414750957854405, "server_freq": 0.9919736946294591}}