{"server1": {"avg_delay": 2.617009821096118, "avg_queue_size": 1.8106060606060606, "server_freq": 0.9219850025219465}, "server2": {"avg_delay": 11.226175611093211, "avg_queue_size": 9.588937093275488, "server_freq": 0.918985051320682}}