{"server1": {"avg_delay": 2.498013613921759, "avg_queue_size": 1.9107142857142858, "server_freq": 1.0079317156846428}, "server2": {"avg_delay": 7.612290063899402, "avg_queue_size": 6.8521825396825395, "server_freq": 0.9969324608507826}}