{"server1": {"avg_delay": 2.8250323888819038, "avg_queue_size": 2.255192878338279, "server_freq": 1.0097549023609824}, "server2": {"avg_delay": 8.83333872002105, "avg_queue_size": 8.237623762376238, "server_freq": 1.0077553877028418}}