{"server1": {"avg_delay": 2.349303020814607, "avg_queue_size": 1.7269969666329625, "server_freq": 0.9829744935763655}, "server2": {"avg_delay": 6.047339558298382, "avg_queue_size": 5.224821973550356, "server_freq": 0.9769746492615555}}