{"server1": {"avg_delay": 2.6392806619625215, "avg_queue_size": 2.03411306042885, "server_freq": 1.0225630829778545}, "server2": {"avg_delay": 13.260095025933689, "avg_queue_size": 12.467253176930596, "server_freq": 1.0225630829778545}}