{"server1": {"avg_delay": 2.996314314063907, "avg_queue_size": 2.2613412228796843, "server_freq": 1.0097483053816723}, "server2": {"avg_delay": 10.159898690425907, "avg_queue_size": 9.422772277227724, "server_freq": 1.0007505482050039}}