{"server1": {"avg_delay": 2.555726775017589, "avg_queue_size": 1.8568507157464214, "server_freq": 0.9778739060622693}, "server2": {"avg_delay": 6.352661834159361, "avg_queue_size": 5.45398773006135, "server_freq": 0.967875195366336}}