{"server1": {"avg_delay": 2.7031606516627007, "avg_queue_size": 2.164878048780488, "server_freq": 1.0226556927307617}, "server2": {"avg_delay": 11.412119539750487, "avg_queue_size": 11.065493646138808, "server_freq": 1.0136587218269721}}