{"server1": {"avg_delay": 2.998318469817738, "avg_queue_size": 2.256513026052104, "server_freq": 0.9967511666716419}, "server2": {"avg_delay": 6.736726222418551, "avg_queue_size": 6.035105315947844, "server_freq": 0.9747566574772826}}