{"server1": {"avg_delay": 3.0112010965942324, "avg_queue_size": 2.1714285714285713, "server_freq": 1.011602052550144}, "server2": {"avg_delay": 8.014397346675658, "avg_queue_size": 7.317193675889328, "server_freq": 1.0046048051510816}}