{"server1": {"avg_delay": 2.9361970466859924, "avg_queue_size": 2.2235649546827796, "server_freq": 0.9918296374337298}, "server2": {"avg_delay": 5.912496927070707, "avg_queue_size": 5.038306451612903, "server_freq": 0.9878303243795614}}