{"server1": {"avg_delay": 2.4580488088636754, "avg_queue_size": 1.8618618618618619, "server_freq": 0.9931494663164291}, "server2": {"avg_delay": 8.57777010935234, "avg_queue_size": 7.637826961770624, "server_freq": 0.9751648683348438}}