{"server1": {"avg_delay": 2.7252877877142385, "avg_queue_size": 2.104306220095694, "server_freq": 1.0443346254431147}, "server2": {"avg_delay": 7.68802638338254, "avg_queue_size": 6.855502392344498, "server_freq": 1.0423358988872429}}