{"server1": {"avg_delay": 3.2633513697133596, "avg_queue_size": 2.601585728444004, "server_freq": 1.0069268680284964}, "server2": {"avg_delay": 9.667727970204197, "avg_queue_size": 8.933465739821251, "server_freq": 0.9999273763937403}}