{"server1": {"avg_delay": 3.537983569951751, "avg_queue_size": 2.948473282442748, "server_freq": 1.0376938719119597}, "server2": {"avg_delay": 5.2829143149234135, "avg_queue_size": 4.894026974951831, "server_freq": 1.0336950515963066}}