{"server1": {"avg_delay": 3.2071096436226267, "avg_queue_size": 2.5652591170825336, "server_freq": 1.041362956139442}, "server2": {"avg_delay": 11.796279833668278, "avg_queue_size": 11.247600767754319, "server_freq": 1.0103819084999768}}