{"server1": {"avg_delay": 3.2380672643864474, "avg_queue_size": 2.5034687809712586, "server_freq": 1.0058610790718847}, "server2": {"avg_delay": 7.511213863885963, "avg_queue_size": 6.815109343936382, "server_freq": 0.9988620457185017}}