{"server1": {"avg_delay": 2.8236797164662564, "avg_queue_size": 2.1651282051282053, "server_freq": 0.9732283143169396}, "server2": {"avg_delay": 10.327451251984018, "avg_queue_size": 9.398974358974359, "server_freq": 0.9642446683386293}}