{"server1": {"avg_delay": 3.590557043199922, "avg_queue_size": 2.8684210526315788, "server_freq": 1.0249504690580067}, "server2": {"avg_delay": 7.346131796477876, "avg_queue_size": 6.8429268292682925, "server_freq": 1.0219506140266172}}