{"server1": {"avg_delay": 2.5233217137377317, "avg_queue_size": 1.9463019250253293, "server_freq": 0.9859521981660676}, "server2": {"avg_delay": 5.956819047727627, "avg_queue_size": 5.02129817444219, "server_freq": 0.9839522951271912}}