{"server1": {"avg_delay": 2.895783496971157, "avg_queue_size": 2.346718903036239, "server_freq": 1.012754280812643}, "server2": {"avg_delay": 4.903330781380004, "avg_queue_size": 4.2783810463968415, "server_freq": 0.9957584044317794}}