{"server1": {"avg_delay": 3.3358727133833193, "avg_queue_size": 2.5102880658436213, "server_freq": 0.9679740346209899}, "server2": {"avg_delay": 12.21539782753847, "avg_queue_size": 11.055785123966942, "server_freq": 0.9619741955634217}}