{"server1": {"avg_delay": 2.494886555677343, "avg_queue_size": 1.8181818181818181, "server_freq": 0.9855591633054154}, "server2": {"avg_delay": 6.575803175584007, "avg_queue_size": 5.77079107505071, "server_freq": 0.9855591633054154}}