{"server1": {"avg_delay": 2.003013714742983, "avg_queue_size": 1.385185185185185, "server_freq": 0.9405276379473331}, "server2": {"avg_delay": 4.489232999877308, "avg_queue_size": 3.3985122210414453, "server_freq": 0.934530649820145}}