{"server1": {"avg_delay": 2.955109545240638, "avg_queue_size": 2.248241206030151, "server_freq": 0.984905979232952}, "server2": {"avg_delay": 6.82599417993115, "avg_queue_size": 6.118781725888325, "server_freq": 0.984905979232952}}