{"server1": {"avg_delay": 3.4895010331679357, "avg_queue_size": 2.9385796545105567, "server_freq": 1.0403047426831138}, "server2": {"avg_delay": 11.122265698940897, "avg_queue_size": 10.601344860710855, "server_freq": 1.035308082055433}}