{"server1": {"avg_delay": 3.5240424403989423, "avg_queue_size": 2.866284622731614, "server_freq": 1.046474320445314}, "server2": {"avg_delay": 21.54545447573452, "avg_queue_size": 22.25214899713467, "server_freq": 0.9935009307761625}}