{"server1": {"avg_delay": 2.8683846496482075, "avg_queue_size": 2.1421421421421423, "server_freq": 0.998750673174453}, "server2": {"avg_delay": 9.373802845146281, "avg_queue_size": 8.33933933933934, "server_freq": 0.9957514219036588}}