{"server1": {"avg_delay": 2.6559668427295966, "avg_queue_size": 1.9553299492385787, "server_freq": 0.9797837057240842}, "server2": {"avg_delay": 9.16453185768242, "avg_queue_size": 8.00204081632653, "server_freq": 0.9727852506831979}}