{"server1": {"avg_delay": 2.56069547166261, "avg_queue_size": 1.8768267223382047, "server_freq": 0.956621545715991}, "server2": {"avg_delay": 6.796331563285047, "avg_queue_size": 5.7753396029258095, "server_freq": 0.9436266866832764}}