{"server1": {"avg_delay": 3.0748921701456906, "avg_queue_size": 2.394230769230769, "server_freq": 1.0395931027314684}, "server2": {"avg_delay": 23.71214545497023, "avg_queue_size": 24.78173076923077, "server_freq": 1.038593493978842}}