{"server1": {"avg_delay": 3.521323375361762, "avg_queue_size": 2.910167818361303, "server_freq": 1.0099870219736857}, "server2": {"avg_delay": 6.166378013158487, "avg_queue_size": 5.643564356435643, "server_freq": 1.0069870605222786}}