{"server1": {"avg_delay": 2.7018678826868263, "avg_queue_size": 2.126126126126126, "server_freq": 0.9948203617904761}, "server2": {"avg_delay": 5.700255324953917, "avg_queue_size": 5.037185929648241, "server_freq": 0.9928207228723042}}