{"server1": {"avg_delay": 3.1005836280318833, "avg_queue_size": 2.297828335056877, "server_freq": 0.9669664423541737}, "server2": {"avg_delay": 5.6979429255855365, "avg_queue_size": 5.071354705274043, "server_freq": 0.943967240519483}}