{"server1": {"avg_delay": 2.4863859445594647, "avg_queue_size": 1.782089552238806, "server_freq": 1.003993082580511}, "server2": {"avg_delay": 19.439313255419226, "avg_queue_size": 18.326693227091635, "server_freq": 1.001993096360231}}