{"server1": {"avg_delay": 3.448102519369986, "avg_queue_size": 2.5305699481865287, "server_freq": 0.9587564962539769}, "server2": {"avg_delay": 7.224568726853535, "avg_queue_size": 6.32258064516129, "server_freq": 0.9328171945863355}}