{"server1": {"avg_delay": 2.615447216952375, "avg_queue_size": 1.9657603222557904, "server_freq": 0.9917972388797661}, "server2": {"avg_delay": 5.516476270596916, "avg_queue_size": 4.386088709677419, "server_freq": 0.9827990784463811}}