{"server1": {"avg_delay": 2.902820418697902, "avg_queue_size": 2.228600201409869, "server_freq": 0.9924373641673266}, "server2": {"avg_delay": 5.473116996910254, "avg_queue_size": 4.472306143001007, "server_freq": 0.9844418969837027}}