{"server1": {"avg_delay": 2.687916896286334, "avg_queue_size": 2.195242814667988, "server_freq": 1.0086546423848604}, "server2": {"avg_delay": 6.572930861833704, "avg_queue_size": 5.837462834489593, "server_freq": 1.0086546423848604}}