{"server1": {"avg_delay": 3.609700234586928, "avg_queue_size": 2.6601642710472277, "server_freq": 0.9702987032360756}, "server2": {"avg_delay": 4.824594013782796, "avg_queue_size": 4.140061791967044, "server_freq": 0.9623044811702789}}