{"server1": {"avg_delay": 2.6867492163769784, "avg_queue_size": 1.9384920634920635, "server_freq": 1.0066040219887982}, "server2": {"avg_delay": 6.136552472419524, "avg_queue_size": 5.504468718967229, "server_freq": 1.0036052016650976}}