{"server1": {"avg_delay": 2.9781614800633465, "avg_queue_size": 2.2944723618090452, "server_freq": 0.9927724705701634}, "server2": {"avg_delay": 6.060037806659931, "avg_queue_size": 4.955734406438632, "server_freq": 0.9927724705701634}}