{"server1": {"avg_delay": 2.658755879522051, "avg_queue_size": 2.0049164208456243, "server_freq": 1.0134681148159712}, "server2": {"avg_delay": 5.9405333339649955, "avg_queue_size": 5.2485207100591715, "server_freq": 1.0114691638991744}}