{"server1": {"avg_delay": 3.0200041434874985, "avg_queue_size": 1.9031216361679224, "server_freq": 0.92517138589511}, "server2": {"avg_delay": 5.902604392469432, "avg_queue_size": 4.454643628509719, "server_freq": 0.9211749652216971}}