{"server1": {"avg_delay": 2.6980713858582006, "avg_queue_size": 1.9298780487804879, "server_freq": 0.9808041369900201}, "server2": {"avg_delay": 6.611444589862364, "avg_queue_size": 5.825688073394495, "server_freq": 0.9578087290891327}}