{"server1": {"avg_delay": 3.0479964494833456, "avg_queue_size": 2.2393075356415477, "server_freq": 0.9799303702077469}, "server2": {"avg_delay": 7.219810081889182, "avg_queue_size": 6.1387755102040815, "server_freq": 0.9669312938682564}}