{"server1": {"avg_delay": 3.372189433039647, "avg_queue_size": 2.78988326848249, "server_freq": 1.0250399994650503}, "server2": {"avg_delay": 7.316450683816932, "avg_queue_size": 6.6910331384015596, "server_freq": 1.0230418708111224}}