{"server1": {"avg_delay": 2.888600775792995, "avg_queue_size": 2.1378600823045266, "server_freq": 0.9689741607503257}, "server2": {"avg_delay": 7.522999566055588, "avg_queue_size": 6.7309278350515465, "server_freq": 0.9679752183165625}}