{"server1": {"avg_delay": 2.7744831791136857, "avg_queue_size": 1.9830845771144279, "server_freq": 1.002941579183237}, "server2": {"avg_delay": 7.08204686046, "avg_queue_size": 6.156530408773679, "server_freq": 1.0019416374293155}}