{"server1": {"avg_delay": 3.1311157470120454, "avg_queue_size": 2.403746097814776, "server_freq": 0.9608422855715505}, "server2": {"avg_delay": 7.097230873162885, "avg_queue_size": 6.0832466181061395, "server_freq": 0.9598424496864604}}