{"server1": {"avg_delay": 2.9053127556672536, "avg_queue_size": 2.2524271844660193, "server_freq": 1.0297730843739334}, "server2": {"avg_delay": 7.154100340173266, "avg_queue_size": 6.424271844660194, "server_freq": 1.0247741859060988}}