{"server1": {"avg_delay": 3.080443248909579, "avg_queue_size": 2.3494208494208495, "server_freq": 1.0337726829147267}, "server2": {"avg_delay": 7.353433263452325, "avg_queue_size": 6.83752417794971, "server_freq": 1.0337726829147267}}