{"server1": {"avg_delay": 2.748684356634825, "avg_queue_size": 2.097194388777555, "server_freq": 0.9978113742021405}, "server2": {"avg_delay": 12.007583002793679, "avg_queue_size": 10.225450901803606, "server_freq": 0.9728160992972772}}