{"server1": {"avg_delay": 2.609002895103703, "avg_queue_size": 1.9681069958847737, "server_freq": 0.9707902568689967}, "server2": {"avg_delay": 11.850420313808472, "avg_queue_size": 11.135942327497425, "server_freq": 0.9707902568689967}}