{"server1": {"avg_delay": 3.2558303400117024, "avg_queue_size": 2.583984375, "server_freq": 1.0231190053305457}, "server2": {"avg_delay": 5.391302356941477, "avg_queue_size": 5.041015625, "server_freq": 1.0201215863696165}}