{"server1": {"avg_delay": 2.714801945453535, "avg_queue_size": 1.8650371944739639, "server_freq": 0.9377897694468519}, "server2": {"avg_delay": 5.952668429338047, "avg_queue_size": 4.878464818763327, "server_freq": 0.9267922348371339}}