{"server1": {"avg_delay": 2.9179657792746223, "avg_queue_size": 1.9292604501607717, "server_freq": 0.9275326863437607}, "server2": {"avg_delay": 6.959861765501325, "avg_queue_size": 5.854525862068965, "server_freq": 0.9175377220512633}}