{"server1": {"avg_delay": 2.9252051102255594, "avg_queue_size": 2.3250239693192714, "server_freq": 1.0417946546426877}, "server2": {"avg_delay": 28.206169293384825, "avg_queue_size": 27.96257197696737, "server_freq": 1.0217985960123097}}