{"server1": {"avg_delay": 2.769434460053795, "avg_queue_size": 1.9877800407331976, "server_freq": 0.9802954040484922}, "server2": {"avg_delay": 6.55395170555253, "avg_queue_size": 6.0703363914373085, "server_freq": 0.9593104871422554}}