{"server1": {"avg_delay": 2.8751915071533, "avg_queue_size": 2.2212212212212212, "server_freq": 0.9975035207321414}, "server2": {"avg_delay": 10.967249882536375, "avg_queue_size": 10.196392785571142, "server_freq": 0.9955045156805741}}