{"server1": {"avg_delay": 3.073743258663963, "avg_queue_size": 2.4264560710760117, "server_freq": 1.009638898418822}, "server2": {"avg_delay": 7.616228097540788, "avg_queue_size": 6.981188118811882, "server_freq": 0.9846478365767719}}