{"server1": {"avg_delay": 2.75924390900181, "avg_queue_size": 2.1891089108910893, "server_freq": 1.0026563688791077}, "server2": {"avg_delay": 7.710272613878397, "avg_queue_size": 6.985044865403789, "server_freq": 0.9936594523089063}}