{"server1": {"avg_delay": 3.127369324369588, "avg_queue_size": 2.4808259587020647, "server_freq": 1.0158068333729113}, "server2": {"avg_delay": 9.006212229026364, "avg_queue_size": 8.216535433070867, "server_freq": 1.0028093049931397}}