{"server1": {"avg_delay": 3.1016963386855343, "avg_queue_size": 2.370741482965932, "server_freq": 0.9939374913402611}, "server2": {"avg_delay": 11.49987237289054, "avg_queue_size": 10.033199195171026, "server_freq": 0.9899377428841635}}