{"server1": {"avg_delay": 2.6654281795622587, "avg_queue_size": 2.0873015873015874, "server_freq": 1.0066714206037435}, "server2": {"avg_delay": 8.626642234510108, "avg_queue_size": 8.303872889771599, "server_freq": 0.9936756624430199}}