{"server1": {"avg_delay": 2.64941339464115, "avg_queue_size": 1.9881422924901186, "server_freq": 1.0028478678134096}, "server2": {"avg_delay": 6.837104586969334, "avg_queue_size": 5.966101694915254, "server_freq": 0.9948490812306507}}