{"server1": {"avg_delay": 2.9391303917848832, "avg_queue_size": 2.2645875251509056, "server_freq": 0.9927892660884753}, "server2": {"avg_delay": 8.80141190757492, "avg_queue_size": 8.02920443101712, "server_freq": 0.9797920249412948}}