{"server1": {"avg_delay": 2.752722044112086, "avg_queue_size": 2.1076142131979694, "server_freq": 0.9836928630377137}, "server2": {"avg_delay": 6.960309152301929, "avg_queue_size": 5.973577235772358, "server_freq": 0.9746956722172468}}