{"server1": {"avg_delay": 3.422462720035741, "avg_queue_size": 2.794478527607362, "server_freq": 0.9609255093723101}, "server2": {"avg_delay": 6.2075528358579275, "avg_queue_size": 5.057232049947971, "server_freq": 0.958925664399631}}