{"server1": {"avg_delay": 3.247368426984965, "avg_queue_size": 2.437625754527163, "server_freq": 0.9909213698111565}, "server2": {"avg_delay": 7.653224128564181, "avg_queue_size": 6.812310797174571, "server_freq": 0.9859217665325937}}