{"server1": {"avg_delay": 3.252877389679327, "avg_queue_size": 2.554240631163708, "server_freq": 1.013190298726641}, "server2": {"avg_delay": 6.852323881272301, "avg_queue_size": 5.8648915187376724, "server_freq": 1.013190298726641}}