{"server1": {"avg_delay": 2.732620407659915, "avg_queue_size": 1.9447236180904524, "server_freq": 0.9916204604674037}, "server2": {"avg_delay": 10.662340221153336, "avg_queue_size": 9.57358870967742, "server_freq": 0.9816242864707564}}