{"server1": {"avg_delay": 2.4784579641391886, "avg_queue_size": 1.8752475247524751, "server_freq": 1.0087542365831705}, "server2": {"avg_delay": 8.650401518895507, "avg_queue_size": 7.754212091179386, "server_freq": 1.0057549672969965}}