{"server1": {"avg_delay": 2.9109846700092894, "avg_queue_size": 2.1964285714285716, "server_freq": 1.004478671518119}, "server2": {"avg_delay": 7.567518050764868, "avg_queue_size": 6.550248756218905, "server_freq": 0.996482821396582}}