{"server1": {"avg_delay": 3.1671089193579847, "avg_queue_size": 2.395098039215686, "server_freq": 1.0188336713868642}, "server2": {"avg_delay": 6.449229874725431, "avg_queue_size": 5.804710500490677, "server_freq": 1.0168339978414533}}