{"server1": {"avg_delay": 2.471716294971124, "avg_queue_size": 1.7718052738336714, "server_freq": 0.9819806920041951}, "server2": {"avg_delay": 5.802633087702762, "avg_queue_size": 4.952138492871691, "server_freq": 0.9779807706518359}}