{"server1": {"avg_delay": 3.0513118048346373, "avg_queue_size": 2.4919583727530745, "server_freq": 1.0565212236342598}, "server2": {"avg_delay": 8.302134715818182, "avg_queue_size": 7.635761589403973, "server_freq": 1.043527112085305}}