{"server1": {"avg_delay": 3.7164217437951557, "avg_queue_size": 3.0242914979757085, "server_freq": 0.9799080870354193}, "server2": {"avg_delay": 7.591063500516028, "avg_queue_size": 6.753061224489796, "server_freq": 0.9799080870354193}}