{"server1": {"avg_delay": 2.685369110735914, "avg_queue_size": 1.9645390070921986, "server_freq": 0.9813805350260412}, "server2": {"avg_delay": 7.790700296066962, "avg_queue_size": 6.863543788187373, "server_freq": 0.9643912589614355}}