{"server1": {"avg_delay": 3.100678693641266, "avg_queue_size": 2.5492125984251968, "server_freq": 1.0149844385089282}, "server2": {"avg_delay": 8.388743034727396, "avg_queue_size": 7.40295566502463, "server_freq": 1.001984637818666}}