{"server1": {"avg_delay": 3.564700956153168, "avg_queue_size": 2.856450048496605, "server_freq": 1.027491342098941}, "server2": {"avg_delay": 8.677433018964852, "avg_queue_size": 8.235408560311283, "server_freq": 1.027491342098941}}