{"server1": {"avg_delay": 2.9886470419733135, "avg_queue_size": 2.418145956607495, "server_freq": 1.0087750208568786}, "server2": {"avg_delay": 9.490873087842335, "avg_queue_size": 8.481665014866204, "server_freq": 1.004775912746445}}