{"server1": {"avg_delay": 3.8275276704806167, "avg_queue_size": 3.04020618556701, "server_freq": 0.9637815007857793}, "server2": {"avg_delay": 8.301929414746581, "avg_queue_size": 7.373443983402489, "server_freq": 0.9627817274447151}}