{"server1": {"avg_delay": 3.3596710638110685, "avg_queue_size": 2.626968503937008, "server_freq": 1.0152422855767276}, "server2": {"avg_delay": 9.196336916068134, "avg_queue_size": 8.396653543307087, "server_freq": 1.013243777140553}}