{"server1": {"avg_delay": 3.408588729352073, "avg_queue_size": 2.6676706827309236, "server_freq": 0.9929474913778508}, "server2": {"avg_delay": 16.174337041946128, "avg_queue_size": 14.943661971830986, "server_freq": 0.9729686686137089}}