{"server1": {"avg_delay": 4.42661101609837, "avg_queue_size": 3.6147455867082035, "server_freq": 0.9608146878324434}, "server2": {"avg_delay": 6.281094737618897, "avg_queue_size": 5.249739854318419, "server_freq": 0.9498168089914893}}