{"server1": {"avg_delay": 2.818287055782207, "avg_queue_size": 2.212574850299401, "server_freq": 1.0008353675303474}, "server2": {"avg_delay": 5.701432016239198, "avg_queue_size": 5.137862137862138, "server_freq": 0.9838381634863755}}