{"server1": {"avg_delay": 3.027490798208456, "avg_queue_size": 2.075612353567625, "server_freq": 0.9349645493828421}, "server2": {"avg_delay": 5.623262803270539, "avg_queue_size": 4.398930481283423, "server_freq": 0.9249649285338278}}