{"server1": {"avg_delay": 3.1475925448403994, "avg_queue_size": 2.2876427829698858, "server_freq": 0.9607164518254759}, "server2": {"avg_delay": 8.753970061556318, "avg_queue_size": 7.374609781477628, "server_freq": 0.9537185172128033}}