{"server1": {"avg_delay": 3.0749979035212758, "avg_queue_size": 2.6303538175046555, "server_freq": 1.072892579739136}, "server2": {"avg_delay": 17.54776616826279, "avg_queue_size": 17.670391061452513, "server_freq": 1.0369296999713438}}