{"server1": {"avg_delay": 3.3208316355033425, "avg_queue_size": 2.355864811133201, "server_freq": 1.00388752797791}, "server2": {"avg_delay": 10.095831260287905, "avg_queue_size": 9.063745019920319, "server_freq": 0.9918888722650265}}