{"server1": {"avg_delay": 5.089962934162266, "avg_queue_size": 4.460869565217391, "server_freq": 1.0267901896877056}, "server2": {"avg_delay": 16.24752702300058, "avg_queue_size": 15.67964946445959, "server_freq": 1.0157924369257145}}