{"server1": {"avg_delay": 2.926280294416582, "avg_queue_size": 2.404170804369414, "server_freq": 1.0062676941183446}, "server2": {"avg_delay": 6.017098110372693, "avg_queue_size": 5.516385302879841, "server_freq": 0.9882807839950772}}