{"server1": {"avg_delay": 2.706471658865595, "avg_queue_size": 2.1192748091603053, "server_freq": 1.0460529262294211}, "server2": {"avg_delay": 24.827504884058133, "avg_queue_size": 23.868194842406876, "server_freq": 1.0190773493352527}}