{"server1": {"avg_delay": 2.7805550317919816, "avg_queue_size": 2.0892678034102308, "server_freq": 0.9909649759118976}, "server2": {"avg_delay": 9.593140684584615, "avg_queue_size": 8.561049445005045, "server_freq": 0.9889650465962327}}