{"server1": {"avg_delay": 2.6515887630128656, "avg_queue_size": 1.9858585858585858, "server_freq": 0.9849982628083848}, "server2": {"avg_delay": 5.666385808020225, "avg_queue_size": 4.9715736040609135, "server_freq": 0.964998298081311}}