{"server1": {"avg_delay": 2.8822675567640474, "avg_queue_size": 2.1601941747572817, "server_freq": 1.0247581556719128}, "server2": {"avg_delay": 10.433532388038275, "avg_queue_size": 9.941463414634146, "server_freq": 1.0247581556719128}}