{"server1": {"avg_delay": 2.4795230121149436, "avg_queue_size": 1.7067357512953367, "server_freq": 0.9617529983704549}, "server2": {"avg_delay": 8.126462217320418, "avg_queue_size": 6.91060291060291, "server_freq": 0.9607532551289056}}