{"server1": {"avg_delay": 2.902320804347066, "avg_queue_size": 2.449514563106796, "server_freq": 1.0279866924296925}, "server2": {"avg_delay": 10.85799715235056, "avg_queue_size": 10.299610894941635, "server_freq": 1.0219867701003365}}