{"server1": {"avg_delay": 2.3346918450702043, "avg_queue_size": 1.6121399176954732, "server_freq": 0.9713601934423162}, "server2": {"avg_delay": 8.021619428484412, "avg_queue_size": 6.81275720164609, "server_freq": 0.9513733581863014}}