{"server1": {"avg_delay": 2.555061081540231, "avg_queue_size": 1.8764519535374868, "server_freq": 0.9458167360428166}, "server2": {"avg_delay": 8.010387468124412, "avg_queue_size": 6.941860465116279, "server_freq": 0.9458167360428166}}