{"server1": {"avg_delay": 2.5279686609437015, "avg_queue_size": 2.008937437934459, "server_freq": 1.0069937570569465}, "server2": {"avg_delay": 8.103886737212415, "avg_queue_size": 7.182720953326713, "server_freq": 1.004993769456039}}