{"server1": {"avg_delay": 4.087784296306444, "avg_queue_size": 3.5624430264357336, "server_freq": 1.0937313778022963}, "server2": {"avg_delay": 30.5974035030365, "avg_queue_size": 32.727605118829985, "server_freq": 1.0637387440417214}}