{"server1": {"avg_delay": 3.0186809670106842, "avg_queue_size": 2.365063788027478, "server_freq": 1.016514999561162}, "server2": {"avg_delay": 9.303853952437178, "avg_queue_size": 8.563421828908554, "server_freq": 0.997524060532979}}