{"server1": {"avg_delay": 2.251488103297525, "avg_queue_size": 1.5913312693498451, "server_freq": 0.9679975231874544}, "server2": {"avg_delay": 8.145981500836966, "avg_queue_size": 6.841942148760331, "server_freq": 0.9669975257461451}}