{"server1": {"avg_delay": 3.0208920243455957, "avg_queue_size": 2.1589267285861715, "server_freq": 0.9677909230350272}, "server2": {"avg_delay": 12.470207581984376, "avg_queue_size": 10.609504132231406, "server_freq": 0.9647915710008277}}