{"server1": {"avg_delay": 2.6154873861392987, "avg_queue_size": 1.9849548645937813, "server_freq": 0.993505651362624}, "server2": {"avg_delay": 9.543682734958903, "avg_queue_size": 8.181086519114688, "server_freq": 0.9805121166868552}}