{"server1": {"avg_delay": 2.5905842012485856, "avg_queue_size": 1.9696048632218845, "server_freq": 0.9856807573311938}, "server2": {"avg_delay": 8.518315078705541, "avg_queue_size": 7.45841784989858, "server_freq": 0.9766836713109294}}