{"server1": {"avg_delay": 2.6643833436724864, "avg_queue_size": 1.983016983016983, "server_freq": 0.9968843469456857}, "server2": {"avg_delay": 9.824738391228115, "avg_queue_size": 8.851554663991976, "server_freq": 0.983885854959433}}