{"server1": {"avg_delay": 2.8919497485176944, "avg_queue_size": 2.4359961501443697, "server_freq": 1.0339976664890644}, "server2": {"avg_delay": 9.63691999175651, "avg_queue_size": 9.346228239845262, "server_freq": 1.0189977003407704}}