{"server1": {"avg_delay": 2.602424526893374, "avg_queue_size": 1.711558854718982, "server_freq": 0.9370265918126741}, "server2": {"avg_delay": 6.63954105523041, "avg_queue_size": 5.553304904051172, "server_freq": 0.9370265918126741}}