{"server1": {"avg_delay": 3.2677419899016598, "avg_queue_size": 2.535044422507404, "server_freq": 1.0123256883714846}, "server2": {"avg_delay": 19.62777998081751, "avg_queue_size": 18.820335636722607, "server_freq": 0.9743509833782799}}