{"server1": {"avg_delay": 2.440055969449527, "avg_queue_size": 1.8697813121272366, "server_freq": 1.0059146630485947}, "server2": {"avg_delay": 5.651913716705956, "avg_queue_size": 4.863817097415507, "server_freq": 0.9969154265004463}}