{"server1": {"avg_delay": 2.4745953712035753, "avg_queue_size": 1.8572834645669292, "server_freq": 1.0149736458915852}, "server2": {"avg_delay": 10.454766629061254, "avg_queue_size": 9.665024630541872, "server_freq": 1.0089738016794183}}