{"server1": {"avg_delay": 3.071537483397417, "avg_queue_size": 2.4076555023923447, "server_freq": 1.0419267187790202}, "server2": {"avg_delay": 7.11067685323256, "avg_queue_size": 6.629913710450623, "server_freq": 1.035932892975881}}