{"server1": {"avg_delay": 2.949697946296068, "avg_queue_size": 2.1768844221105526, "server_freq": 0.9931016738748416}, "server2": {"avg_delay": 6.724582392973052, "avg_queue_size": 5.708542713567839, "server_freq": 0.9861150289330086}}