{"server1": {"avg_delay": 2.546468294128287, "avg_queue_size": 1.7724974721941356, "server_freq": 0.986840555859839}, "server2": {"avg_delay": 8.018271745479876, "avg_queue_size": 7.268490374873354, "server_freq": 0.9858407174040539}}