{"server1": {"avg_delay": 3.0380796801373195, "avg_queue_size": 2.395812562313061, "server_freq": 1.0029861559666626}, "server2": {"avg_delay": 5.267353860953313, "avg_queue_size": 4.61814556331007, "server_freq": 0.9969862387824153}}