{"server1": {"avg_delay": 2.770921498822596, "avg_queue_size": 2.0636743215031315, "server_freq": 0.9555903506113216}, "server2": {"avg_delay": 7.0681242748320985, "avg_queue_size": 5.93730407523511, "server_freq": 0.941610972441459}}