{"server1": {"avg_delay": 3.1135975655970616, "avg_queue_size": 2.5123574144486693, "server_freq": 1.0499694712778296}, "server2": {"avg_delay": 18.76299741965607, "avg_queue_size": 18.45809523809524, "server_freq": 1.0239702272271405}}