{"server1": {"avg_delay": 2.748636811127669, "avg_queue_size": 1.9236180904522613, "server_freq": 0.9906943133964018}, "server2": {"avg_delay": 5.546218736364222, "avg_queue_size": 4.717457114026236, "server_freq": 0.9856958557102444}}