{"server1": {"avg_delay": 2.9715310057418973, "avg_queue_size": 2.3957322987390883, "server_freq": 1.0296810421894207}, "server2": {"avg_delay": 15.92038100303372, "avg_queue_size": 15.309708737864078, "server_freq": 1.0296810421894207}}