{"server1": {"avg_delay": 2.463634022692669, "avg_queue_size": 1.9114583333333333, "server_freq": 0.9509233563558147}, "server2": {"avg_delay": 6.86889093298695, "avg_queue_size": 6.131440588853838, "server_freq": 0.9329248070241589}}