{"server1": {"avg_delay": 4.37816489271723, "avg_queue_size": 3.7254509018036073, "server_freq": 0.9946111185509876}, "server2": {"avg_delay": 8.120906917142976, "avg_queue_size": 7.3597989949748746, "server_freq": 0.9896130727291234}}