{"server1": {"avg_delay": 2.521634676664867, "avg_queue_size": 1.9047131147540983, "server_freq": 0.9759481298169408}, "server2": {"avg_delay": 10.638079898806723, "avg_queue_size": 8.954918032786885, "server_freq": 0.9629488207107726}}