{"server1": {"avg_delay": 3.654897689700671, "avg_queue_size": 2.8511722731906217, "server_freq": 0.9774246685676561}, "server2": {"avg_delay": 7.267440334644628, "avg_queue_size": 6.087934560327199, "server_freq": 0.9764252568411043}}