{"server1": {"avg_delay": 2.2880575321105963, "avg_queue_size": 1.713272543059777, "server_freq": 0.9855748242458087}, "server2": {"avg_delay": 7.342935543202251, "avg_queue_size": 6.549695740365111, "server_freq": 0.9765787051604007}}