{"server1": {"avg_delay": 3.1474394108170047, "avg_queue_size": 2.4568627450980394, "server_freq": 1.0178029168386724}, "server2": {"avg_delay": 6.394249163411434, "avg_queue_size": 5.657170923379175, "server_freq": 1.0098044656257947}}