{"server1": {"avg_delay": 3.119239171775754, "avg_queue_size": 2.5811965811965814, "server_freq": 1.0529523619216554}, "server2": {"avg_delay": 16.193890911457036, "avg_queue_size": 16.18613485280152, "server_freq": 1.0339532214881213}}