{"server1": {"avg_delay": 2.543691497244443, "avg_queue_size": 1.8772486772486772, "server_freq": 0.9425763245294608}, "server2": {"avg_delay": 4.4802291361094815, "avg_queue_size": 3.5906680805938493, "server_freq": 0.9285826145152376}}