{"server1": {"avg_delay": 3.670791805920132, "avg_queue_size": 3.2223282442748094, "server_freq": 1.036362648429041}, "server2": {"avg_delay": 6.991005851447936, "avg_queue_size": 6.215043394406943, "server_freq": 1.028367565316763}}