{"server1": {"avg_delay": 3.6263869230565287, "avg_queue_size": 2.998073217726397, "server_freq": 1.0348781781666705}, "server2": {"avg_delay": 12.809373046418987, "avg_queue_size": 12.110144927536233, "server_freq": 1.0138806499140134}}