{"server1": {"avg_delay": 3.633568377640183, "avg_queue_size": 2.985611510791367, "server_freq": 0.9628602046608511}, "server2": {"avg_delay": 4.651167511621013, "avg_queue_size": 3.9854620976116304, "server_freq": 0.9558612208263485}}