{"server1": {"avg_delay": 3.4363382069314627, "avg_queue_size": 2.89120151371807, "server_freq": 1.056668754740482}, "server2": {"avg_delay": 13.318313036953548, "avg_queue_size": 13.713339640491958, "server_freq": 1.0176809766563961}}