{"server1": {"avg_delay": 3.7561704097417055, "avg_queue_size": 3.2533206831119545, "server_freq": 1.0499062234355838}, "server2": {"avg_delay": 9.562476338778291, "avg_queue_size": 9.078095238095239, "server_freq": 1.0399071165457212}}