{"server1": {"avg_delay": 3.279380142818958, "avg_queue_size": 2.4336372847011143, "server_freq": 0.9864638409038221}, "server2": {"avg_delay": 9.661038754368946, "avg_queue_size": 8.602836879432624, "server_freq": 0.9794676434506034}}