{"server1": {"avg_delay": 2.877001919693652, "avg_queue_size": 2.4317048853439682, "server_freq": 0.9921980351033226}, "server2": {"avg_delay": 8.13422315012556, "avg_queue_size": 7.149043303121853, "server_freq": 0.9822061112855651}}