{"server1": {"avg_delay": 3.102770088308644, "avg_queue_size": 2.3715139442231075, "server_freq": 1.0007366983033303}, "server2": {"avg_delay": 5.800544498668445, "avg_queue_size": 4.963036963036963, "server_freq": 0.9967377504579623}}