{"server1": {"avg_delay": 3.165124062538895, "avg_queue_size": 2.362614913176711, "server_freq": 0.9768958500499719}, "server2": {"avg_delay": 4.437643256698579, "avg_queue_size": 3.5404298874104403, "server_freq": 0.9748960632535544}}