{"server1": {"avg_delay": 3.5828513817320533, "avg_queue_size": 2.536082474226804, "server_freq": 0.9688153468732323}, "server2": {"avg_delay": 5.575586536918824, "avg_queue_size": 4.687628865979382, "server_freq": 0.9618238959164152}}