{"server1": {"avg_delay": 3.382049442762174, "avg_queue_size": 2.75, "server_freq": 0.998923162451958}, "server2": {"avg_delay": 12.468914798802862, "avg_queue_size": 12.786786786786786, "server_freq": 0.9569263928593832}}