{"server1": {"avg_delay": 3.358422873390537, "avg_queue_size": 2.7415506958250497, "server_freq": 1.0019219272486093}, "server2": {"avg_delay": 6.6620110330531155, "avg_queue_size": 5.827345309381237, "server_freq": 1.0019219272486093}}