{"server1": {"avg_delay": 3.2667209817810394, "avg_queue_size": 2.4297029702970296, "server_freq": 1.008795210825457}, "server2": {"avg_delay": 10.547289473215425, "avg_queue_size": 9.67195242814668, "server_freq": 0.9798010967383031}}