{"server1": {"avg_delay": 2.4196856547879, "avg_queue_size": 1.812877263581489, "server_freq": 0.9924899838760175}, "server2": {"avg_delay": 8.465500563868146, "avg_queue_size": 7.544813695871098, "server_freq": 0.9884920383216327}}