{"server1": {"avg_delay": 2.686965712531271, "avg_queue_size": 2.199052132701422, "server_freq": 1.0548409135942742}, "server2": {"avg_delay": 11.311382597424977, "avg_queue_size": 10.865402843601895, "server_freq": 1.0398431754862987}}