{"server1": {"avg_delay": 3.495883950845965, "avg_queue_size": 2.4692622950819674, "server_freq": 0.9725430738173573}, "server2": {"avg_delay": 6.6882165175056, "avg_queue_size": 5.749229188078109, "server_freq": 0.9695444826339533}}