{"server1": {"avg_delay": 3.0879563150548384, "avg_queue_size": 2.3836163836163835, "server_freq": 1.000826868144327}, "server2": {"avg_delay": 8.916433728330349, "avg_queue_size": 8.30969030969031, "server_freq": 0.9888289436510884}}