{"server1": {"avg_delay": 2.5641783250063996, "avg_queue_size": 1.9039039039039038, "server_freq": 0.9978003452533285}, "server2": {"avg_delay": 4.7992814606143135, "avg_queue_size": 4.1312625250501, "server_freq": 0.9928013455276105}}