{"server1": {"avg_delay": 3.332879421384033, "avg_queue_size": 2.7340324118207815, "server_freq": 1.0459900969616247}, "server2": {"avg_delay": 12.56005906369773, "avg_queue_size": 12.35564053537285, "server_freq": 1.0439901158966887}}