{"server1": {"avg_delay": 2.6998232144715124, "avg_queue_size": 2.2966824644549764, "server_freq": 1.0497770609074997}, "server2": {"avg_delay": 8.35973146366744, "avg_queue_size": 8.041904761904762, "server_freq": 1.0457779101992806}}