{"server1": {"avg_delay": 2.9140870068959037, "avg_queue_size": 2.296116504854369, "server_freq": 1.0249011545525228}, "server2": {"avg_delay": 7.891933642449755, "avg_queue_size": 7.175609756097561, "server_freq": 1.0079027939404321}}