{"server1": {"avg_delay": 3.121052844500153, "avg_queue_size": 2.3468972533062056, "server_freq": 0.9778856406892819}, "server2": {"avg_delay": 7.8355786103803196, "avg_queue_size": 6.826175869120655, "server_freq": 0.9618875115982507}}