{"server1": {"avg_delay": 2.9235388874196713, "avg_queue_size": 1.9238197424892705, "server_freq": 0.9304234462852101}, "server2": {"avg_delay": 6.403194162673708, "avg_queue_size": 5.0945220193340495, "server_freq": 0.9304234462852101}}