{"server1": {"avg_delay": 2.1406193257754356, "avg_queue_size": 1.4439608269858542, "server_freq": 0.9185700535214861}, "server2": {"avg_delay": 9.643709192047343, "avg_queue_size": 7.5603917301414585, "server_freq": 0.9085747319380096}}