{"server1": {"avg_delay": 3.0603651242190164, "avg_queue_size": 2.2294757665677545, "server_freq": 1.008983301757665}, "server2": {"avg_delay": 8.829360895133618, "avg_queue_size": 7.948463825569871, "server_freq": 1.000983434152054}}