{"server1": {"avg_delay": 3.945677464364383, "avg_queue_size": 3.014910536779324, "server_freq": 1.004651282701041}, "server2": {"avg_delay": 7.414042778357792, "avg_queue_size": 6.772139303482587, "server_freq": 1.0036516296834281}}