{"server1": {"avg_delay": 3.3377839540722483, "avg_queue_size": 2.777564717162033, "server_freq": 1.0368929291530624}, "server2": {"avg_delay": 9.152650064056061, "avg_queue_size": 8.587270973963356, "server_freq": 1.023894271410546}}