{"server1": {"avg_delay": 3.7733384239419276, "avg_queue_size": 3.106361829025845, "server_freq": 1.0056303216822837}, "server2": {"avg_delay": 7.648869308723758, "avg_queue_size": 6.832007952286283, "server_freq": 1.0016317915761912}}