{"server1": {"avg_delay": 3.1261932266915196, "avg_queue_size": 2.2517623363544814, "server_freq": 0.9926574344142046}, "server2": {"avg_delay": 12.005491336035494, "avg_queue_size": 11.292044310171198, "server_freq": 0.9536708886517132}}