{"server1": {"avg_delay": 2.255394247620195, "avg_queue_size": 1.5891238670694865, "server_freq": 0.991993608141111}, "server2": {"avg_delay": 11.69040662727063, "avg_queue_size": 10.4375, "server_freq": 0.97099374345264}}