{"server1": {"avg_delay": 2.576258351789058, "avg_queue_size": 1.8310880829015543, "server_freq": 0.9636787537191542}, "server2": {"avg_delay": 5.077534746230739, "avg_queue_size": 4.127593360995851, "server_freq": 0.9596800866912739}}