{"server1": {"avg_delay": 2.472831180279981, "avg_queue_size": 1.5816857440166494, "server_freq": 0.9597082923541278}, "server2": {"avg_delay": 4.889658408384354, "avg_queue_size": 3.8427083333333334, "server_freq": 0.95770890007839}}