{"server1": {"avg_delay": 3.17990761903101, "avg_queue_size": 2.5291866028708134, "server_freq": 1.0401080012873978}, "server2": {"avg_delay": 18.98967567991401, "avg_queue_size": 19.050912584053794, "server_freq": 1.0381097150217158}}