{"server1": {"avg_delay": 4.00243573806576, "avg_queue_size": 3.328358208955224, "server_freq": 1.0002759017657572}, "server2": {"avg_delay": 5.328521126125923, "avg_queue_size": 4.530469530469531, "server_freq": 0.9792910926378042}}