{"server1": {"avg_delay": 2.72180293237555, "avg_queue_size": 2.0236382322713258, "server_freq": 0.9699945574685431}, "server2": {"avg_delay": 10.118054722322466, "avg_queue_size": 9.054582904222451, "server_freq": 0.9659986993533277}}