{"server1": {"avg_delay": 2.9483999993302925, "avg_queue_size": 2.1360476663356502, "server_freq": 1.0027523479216292}, "server2": {"avg_delay": 16.594501770159827, "avg_queue_size": 15.761714855433699, "server_freq": 0.9897555577691056}}