{"server1": {"avg_delay": 1.9448932069429012, "avg_queue_size": 1.4111111111111112, "server_freq": 0.9878333208836109}, "server2": {"avg_delay": 6.215928780567799, "avg_queue_size": 5.331983805668016, "server_freq": 0.98683348958717}}