{"server1": {"avg_delay": 2.6200014671115146, "avg_queue_size": 2.000996015936255, "server_freq": 1.003972423163729}, "server2": {"avg_delay": 10.921661164797795, "avg_queue_size": 10.126494023904382, "server_freq": 1.0029724506306974}}