{"server1": {"avg_delay": 3.080359777247879, "avg_queue_size": 2.412573673870334, "server_freq": 1.0148172825366515}, "server2": {"avg_delay": 7.733322229081962, "avg_queue_size": 7.017733990147783, "server_freq": 1.0058189026914988}}