{"server1": {"avg_delay": 3.227673463933112, "avg_queue_size": 2.5030487804878048, "server_freq": 0.977998435318291}, "server2": {"avg_delay": 6.297829464371828, "avg_queue_size": 5.2975460122699385, "server_freq": 0.97699843691817}}