{"server1": {"avg_delay": 3.2139731324536727, "avg_queue_size": 2.369323915237134, "server_freq": 0.9907722062971649}, "server2": {"avg_delay": 6.542450705506575, "avg_queue_size": 5.679112008072654, "server_freq": 0.9727763438215352}}