{"server1": {"avg_delay": 3.095630858981595, "avg_queue_size": 2.4225352112676055, "server_freq": 0.9889092314956017}, "server2": {"avg_delay": 6.534120226355616, "avg_queue_size": 5.845298281092012, "server_freq": 0.9849095986078541}}