{"server1": {"avg_delay": 2.514780857638701, "avg_queue_size": 1.618599791013584, "server_freq": 0.9547836606299048}, "server2": {"avg_delay": 5.573079474334697, "avg_queue_size": 4.438743455497383, "server_freq": 0.9507845667633922}}