{"server1": {"avg_delay": 2.9218174506245944, "avg_queue_size": 2.221449851042701, "server_freq": 1.005901175851037}, "server2": {"avg_delay": 9.093324190918691, "avg_queue_size": 8.516898608349901, "server_freq": 0.9729044175974741}}