{"server1": {"avg_delay": 4.667954767737979, "avg_queue_size": 3.7555555555555555, "server_freq": 0.9868765481887475}, "server2": {"avg_delay": 8.29040587415406, "avg_queue_size": 7.339412360688956, "server_freq": 0.9868765481887475}}