{"server1": {"avg_delay": 2.7655413305432357, "avg_queue_size": 2.062565172054223, "server_freq": 0.9577292240110811}, "server2": {"avg_delay": 6.715666167353962, "avg_queue_size": 5.677453027139875, "server_freq": 0.9547300719525913}}