{"server1": {"avg_delay": 3.0681475750298044, "avg_queue_size": 2.4503042596348883, "server_freq": 0.9829496458758532}, "server2": {"avg_delay": 6.444865570911313, "avg_queue_size": 5.420142421159715, "server_freq": 0.9769499532255428}}