{"server1": {"avg_delay": 3.301312060569543, "avg_queue_size": 2.4464464464464464, "server_freq": 0.9986700893990547}, "server2": {"avg_delay": 8.06049050474494, "avg_queue_size": 7.313313313313313, "server_freq": 0.99567108012158}}