{"server1": {"avg_delay": 6.299936832498589, "avg_queue_size": 5.431969552806851, "server_freq": 1.0499725695652522}, "server2": {"avg_delay": 8.715063582547943, "avg_queue_size": 8.516650808753568, "server_freq": 1.0499725695652522}}