{"server1": {"avg_delay": 3.0073873210503734, "avg_queue_size": 2.1646341463414633, "server_freq": 0.9799852875013912}, "server2": {"avg_delay": 6.136038450375903, "avg_queue_size": 5.214285714285714, "server_freq": 0.9769853325396523}}