{"server1": {"avg_delay": 2.7984016010552626, "avg_queue_size": 1.9857868020304568, "server_freq": 0.9787706487008028}, "server2": {"avg_delay": 12.189669065161205, "avg_queue_size": 10.59959141981614, "server_freq": 0.9667734599526826}}