{"server1": {"avg_delay": 2.758793651062356, "avg_queue_size": 2.0220820189274447, "server_freq": 0.9456823513117083}, "server2": {"avg_delay": 10.666472576158275, "avg_queue_size": 8.953488372093023, "server_freq": 0.9376850375585437}}