{"server1": {"avg_delay": 2.8174661253645312, "avg_queue_size": 2.120240480961924, "server_freq": 0.9939571262479467}, "server2": {"avg_delay": 15.028477816932053, "avg_queue_size": 13.725352112676056, "server_freq": 0.9849575144408728}}