{"server1": {"avg_delay": 2.615823203284758, "avg_queue_size": 2.060952380952381, "server_freq": 1.0468398594118367}, "server2": {"avg_delay": 12.828155185634671, "avg_queue_size": 12.535816618911175, "server_freq": 1.032842000737753}}