{"server1": {"avg_delay": 2.6715879714937647, "avg_queue_size": 2.113285272914521, "server_freq": 0.9628047537354657}, "server2": {"avg_delay": 5.80200658786428, "avg_queue_size": 4.8992731048805815, "server_freq": 0.9608051592313421}}