{"server1": {"avg_delay": 2.5000358155097495, "avg_queue_size": 1.917753259779338, "server_freq": 0.9948419083547508}, "server2": {"avg_delay": 6.094797082757408, "avg_queue_size": 5.355778894472362, "server_freq": 0.9918423850129777}}