{"server1": {"avg_delay": 2.2960507119137885, "avg_queue_size": 1.5923970432946146, "server_freq": 0.9462901014523556}, "server2": {"avg_delay": 6.4153737280949406, "avg_queue_size": 5.157338965153115, "server_freq": 0.9303020955144066}}