{"server1": {"avg_delay": 3.778764734170063, "avg_queue_size": 2.942655935613682, "server_freq": 0.9928729758610954}, "server2": {"avg_delay": 7.239737501607071, "avg_queue_size": 6.480362537764351, "server_freq": 0.9858738712981269}}