{"server1": {"avg_delay": 3.008720362723936, "avg_queue_size": 2.4550839091806513, "server_freq": 1.0069613115830538}, "server2": {"avg_delay": 10.433853220994585, "avg_queue_size": 9.946375372393247, "server_freq": 1.0059613500025344}}