{"server1": {"avg_delay": 3.0887463646319135, "avg_queue_size": 2.421626984126984, "server_freq": 1.0074192335639875}, "server2": {"avg_delay": 5.135435551613665, "avg_queue_size": 4.444444444444445, "server_freq": 1.0054203858783446}}