{"server1": {"avg_delay": 2.6060082654579837, "avg_queue_size": 1.94994994994995, "server_freq": 0.9933149287673259}, "server2": {"avg_delay": 11.136773531856702, "avg_queue_size": 9.82897384305835, "server_freq": 0.9753273344838129}}