{"server1": {"avg_delay": 2.328887685390844, "avg_queue_size": 1.4909862142099681, "server_freq": 0.941951729697738}, "server2": {"avg_delay": 4.921610997201877, "avg_queue_size": 4.072186836518047, "server_freq": 0.9219527545449198}}