{"server1": {"avg_delay": 2.80111036351116, "avg_queue_size": 1.9242105263157894, "server_freq": 0.9493564231959781}, "server2": {"avg_delay": 5.825627027244336, "avg_queue_size": 4.731578947368421, "server_freq": 0.9413618427901173}}