{"server1": {"avg_delay": 2.9122302132989883, "avg_queue_size": 2.175101214574899, "server_freq": 0.9869192545430572}, "server2": {"avg_delay": 7.269079408442967, "avg_queue_size": 6.38500506585613, "server_freq": 0.9799198272058723}}