{"server1": {"avg_delay": 4.927929206800911, "avg_queue_size": 4.200581395348837, "server_freq": 1.031708144864443}, "server2": {"avg_delay": 15.281186476408687, "avg_queue_size": 15.590116279069768, "server_freq": 0.9847214367165468}}