{"server1": {"avg_delay": 3.241069260332021, "avg_queue_size": 2.629112662013958, "server_freq": 1.0029129943006245}, "server2": {"avg_delay": 11.716495727331553, "avg_queue_size": 10.159521435692922, "server_freq": 0.9869143822280324}}