{"server1": {"avg_delay": 3.1794174681057923, "avg_queue_size": 2.533990147783251, "server_freq": 1.0127374696217075}, "server2": {"avg_delay": 9.155706652092901, "avg_queue_size": 8.612043435340572, "server_freq": 0.9877439486537484}}