{"server1": {"avg_delay": 2.65172980098398, "avg_queue_size": 2.0926829268292684, "server_freq": 1.0248743726261702}, "server2": {"avg_delay": 5.679990434448152, "avg_queue_size": 5.060487804878049, "server_freq": 1.0138757208223772}}