{"server1": {"avg_delay": 3.1446332073413172, "avg_queue_size": 2.498458376156218, "server_freq": 0.9719854155129646}, "server2": {"avg_delay": 10.482843972199575, "avg_queue_size": 9.33093525179856, "server_freq": 0.9709864582513892}}