{"server1": {"avg_delay": 2.8081393496461113, "avg_queue_size": 2.293790546802595, "server_freq": 1.0779562305478645}, "server2": {"avg_delay": 32.48757499603573, "avg_queue_size": 33.80333951762523, "server_freq": 1.0309581388634956}}