{"server1": {"avg_delay": 2.671036751806177, "avg_queue_size": 1.8588351431391905, "server_freq": 1.0079244157464426}, "server2": {"avg_delay": 10.01804420797848, "avg_queue_size": 9.137896825396826, "server_freq": 0.991925615496499}}