{"server1": {"avg_delay": 3.312202273316908, "avg_queue_size": 2.5135658914728682, "server_freq": 1.0308253601144457}, "server2": {"avg_delay": 9.57022050334607, "avg_queue_size": 8.975751697381183, "server_freq": 1.0258262070586046}}