{"server1": {"avg_delay": 2.9275162149694562, "avg_queue_size": 2.233009708737864, "server_freq": 1.0227219523817976}, "server2": {"avg_delay": 9.156491596611247, "avg_queue_size": 8.622678396871946, "server_freq": 1.016723583159617}}