{"server1": {"avg_delay": 2.7635983435956497, "avg_queue_size": 2.066666666666667, "server_freq": 1.0043701212649605}, "server2": {"avg_delay": 6.365133237972192, "avg_queue_size": 5.421890547263682, "server_freq": 1.0043701212649605}}