{"server1": {"avg_delay": 2.7362159291327277, "avg_queue_size": 2.080661840744571, "server_freq": 0.9662600735559894}, "server2": {"avg_delay": 5.378735387364833, "avg_queue_size": 4.527404343329886, "server_freq": 0.9462753771018841}}