{"server1": {"avg_delay": 3.6491728734370694, "avg_queue_size": 2.6823899371069184, "server_freq": 0.9529745891254334}, "server2": {"avg_delay": 4.701511766354842, "avg_queue_size": 3.6621196222455406, "server_freq": 0.9469747491099533}}