{"server1": {"avg_delay": 3.3822716597828193, "avg_queue_size": 2.973684210526316, "server_freq": 1.0605234469884803}, "server2": {"avg_delay": 17.602254311141042, "avg_queue_size": 18.341187558906693, "server_freq": 1.026538718244269}}