{"server1": {"avg_delay": 4.378544757943799, "avg_queue_size": 3.3789260385005067, "server_freq": 0.9829714847555009}, "server2": {"avg_delay": 5.3152334490421405, "avg_queue_size": 4.483214649033571, "server_freq": 0.9779716297974362}}