{"server1": {"avg_delay": 3.395653237473828, "avg_queue_size": 2.5678889990089195, "server_freq": 1.0077162109037405}, "server2": {"avg_delay": 7.348699394037666, "avg_queue_size": 7.433531746031746, "server_freq": 0.9627288800598235}}