{"server1": {"avg_delay": 2.9866981898356157, "avg_queue_size": 2.0350877192982457, "server_freq": 0.9685385660425402}, "server2": {"avg_delay": 6.914368396665331, "avg_queue_size": 5.896800825593395, "server_freq": 0.9545452327870236}}