{"server1": {"avg_delay": 2.9348641091771577, "avg_queue_size": 2.409048067860509, "server_freq": 1.060588968344689}, "server2": {"avg_delay": 16.57911670923759, "avg_queue_size": 16.680490103675776, "server_freq": 1.0425959415490205}}