{"server1": {"avg_delay": 3.536966502338166, "avg_queue_size": 3.0358490566037735, "server_freq": 1.0497225156665098}, "server2": {"avg_delay": 13.34732763690546, "avg_queue_size": 12.902857142857142, "server_freq": 1.0277283296239734}}