{"server1": {"avg_delay": 2.6544809185847145, "avg_queue_size": 1.8495049504950496, "server_freq": 1.0098294292813585}, "server2": {"avg_delay": 6.665602140863416, "avg_queue_size": 6.104950495049505, "server_freq": 0.9868333135650504}}