{"server1": {"avg_delay": 2.546712645472801, "avg_queue_size": 1.9637096774193548, "server_freq": 0.9897085467290878}, "server2": {"avg_delay": 5.778863628139128, "avg_queue_size": 4.881818181818182, "server_freq": 0.9877091355235745}}