{"server1": {"avg_delay": 2.4754707824247157, "avg_queue_size": 1.8571428571428572, "server_freq": 1.0208701176045683}, "server2": {"avg_delay": 8.555654649880212, "avg_queue_size": 7.818805093046033, "server_freq": 1.0108713897142199}}