{"server1": {"avg_delay": 2.6991263569242228, "avg_queue_size": 1.9888097660223805, "server_freq": 0.982237066937073}, "server2": {"avg_delay": 7.878200380555047, "avg_queue_size": 6.915564598168871, "server_freq": 0.9742432759548791}}