{"server1": {"avg_delay": 2.640526341378015, "avg_queue_size": 1.8176033934252387, "server_freq": 0.942899339819043}, "server2": {"avg_delay": 5.1354643286278705, "avg_queue_size": 3.9448568398727466, "server_freq": 0.9388997667975412}}