{"server1": {"avg_delay": 2.9650446711553693, "avg_queue_size": 2.4780876494023905, "server_freq": 1.0018251111044927}, "server2": {"avg_delay": 9.91695779419142, "avg_queue_size": 9.268463073852296, "server_freq": 0.9998254601841244}}