{"server1": {"avg_delay": 2.6035451057385104, "avg_queue_size": 1.7791666666666666, "server_freq": 0.9548064514619249}, "server2": {"avg_delay": 5.968191739053406, "avg_queue_size": 5.047120418848167, "server_freq": 0.9518070594678036}}