{"server1": {"avg_delay": 3.250817561070806, "avg_queue_size": 2.409819639278557, "server_freq": 0.9943061369509641}, "server2": {"avg_delay": 6.94514485300618, "avg_queue_size": 6.030150753768845, "server_freq": 0.9903089263501563}}