{"server1": {"avg_delay": 2.682308191675621, "avg_queue_size": 2.0129224652087476, "server_freq": 1.0019773664980944}, "server2": {"avg_delay": 7.188003377564336, "avg_queue_size": 6.607784431137724, "server_freq": 0.9969774794397207}}