{"server1": {"avg_delay": 3.6670524963758866, "avg_queue_size": 2.9085603112840466, "server_freq": 1.0277279142185982}, "server2": {"avg_delay": 9.99955867378836, "avg_queue_size": 9.361867704280156, "server_freq": 1.0277279142185982}}