{"server1": {"avg_delay": 2.697085868181816, "avg_queue_size": 1.9229957805907174, "server_freq": 0.9425877381075373}, "server2": {"avg_delay": 5.772469084935228, "avg_queue_size": 4.698833510074231, "server_freq": 0.9355907983760922}}