{"server1": {"avg_delay": 2.4916068372992184, "avg_queue_size": 1.9013360739979446, "server_freq": 0.9709727808469869}, "server2": {"avg_delay": 12.776491970431625, "avg_queue_size": 11.69104016477858, "server_freq": 0.9639729770715709}}