{"server1": {"avg_delay": 3.7348370937740865, "avg_queue_size": 3.081532416502947, "server_freq": 1.016913836963236}, "server2": {"avg_delay": 8.549113073463973, "avg_queue_size": 8.104228121927237, "server_freq": 0.9909160397547363}}