{"server1": {"avg_delay": 2.9806023675979305, "avg_queue_size": 2.398994974874372, "server_freq": 0.9938965554592023}, "server2": {"avg_delay": 15.033857818907318, "avg_queue_size": 13.702213279678068, "server_freq": 0.96789926125202}}