{"server1": {"avg_delay": 2.449346420556634, "avg_queue_size": 1.7459677419354838, "server_freq": 0.9915869405431481}, "server2": {"avg_delay": 4.864700380204827, "avg_queue_size": 4.009072580645161, "server_freq": 0.9865890224960556}}