{"server1": {"avg_delay": 2.142596611869444, "avg_queue_size": 1.6332665330661322, "server_freq": 0.9969328930529424}, "server2": {"avg_delay": 5.130087276445141, "avg_queue_size": 4.464393179538616, "server_freq": 0.9929331622884371}}