{"server1": {"avg_delay": 2.583768005448157, "avg_queue_size": 1.8944672131147542, "server_freq": 0.9756813963203576}, "server2": {"avg_delay": 14.476095187361476, "avg_queue_size": 12.915983606557377, "server_freq": 0.9706830285113394}}