{"server1": {"avg_delay": 2.2552047992800133, "avg_queue_size": 1.5614213197969544, "server_freq": 0.9793099379193472}, "server2": {"avg_delay": 6.6458520163175665, "avg_queue_size": 5.438775510204081, "server_freq": 0.9793099379193472}}