{"server1": {"avg_delay": 3.174169448358034, "avg_queue_size": 2.4893822393822393, "server_freq": 1.03499250776255}, "server2": {"avg_delay": 6.653948920550562, "avg_queue_size": 6.116908212560387, "server_freq": 1.0279925584346872}}