{"server1": {"avg_delay": 3.213178400173435, "avg_queue_size": 2.7365945437441206, "server_freq": 1.061646553064147}, "server2": {"avg_delay": 9.680714516131001, "avg_queue_size": 9.323612417685794, "server_freq": 1.045666924796013}}