{"server1": {"avg_delay": 2.304092270056006, "avg_queue_size": 1.7156549520766773, "server_freq": 0.9349925419863805}, "server2": {"avg_delay": 4.586449313920061, "avg_queue_size": 3.695187165775401, "server_freq": 0.9189926696101429}}