{"server1": {"avg_delay": 2.605012542112946, "avg_queue_size": 1.8535300316122234, "server_freq": 0.9489874235745437}, "server2": {"avg_delay": 6.463837600053514, "avg_queue_size": 5.206533192834563, "server_freq": 0.9429875030882978}}