{"server1": {"avg_delay": 3.5086554527866203, "avg_queue_size": 2.821772639691715, "server_freq": 1.0309851135972528}, "server2": {"avg_delay": 18.427366598066175, "avg_queue_size": 18.193986420950534, "server_freq": 1.0189852868628522}}