{"server1": {"avg_delay": 2.383514799420513, "avg_queue_size": 1.579295154185022, "server_freq": 0.9058179229810062}, "server2": {"avg_delay": 7.286792165233834, "avg_queue_size": 5.502207505518764, "server_freq": 0.9048181239490183}}