{"server1": {"avg_delay": 2.487595634219137, "avg_queue_size": 1.8868471953578336, "server_freq": 1.0293243099325136}, "server2": {"avg_delay": 10.572134428066239, "avg_queue_size": 10.109708737864077, "server_freq": 1.0273256219520621}}