{"server1": {"avg_delay": 2.478658546194227, "avg_queue_size": 1.8308157099697886, "server_freq": 0.9926658312416611}, "server2": {"avg_delay": 5.778165724970544, "avg_queue_size": 4.7754279959718025, "server_freq": 0.9856681869126664}}