{"server1": {"avg_delay": 3.6411457399634712, "avg_queue_size": 3.1715089034676662, "server_freq": 1.0667193564564943}, "server2": {"avg_delay": 19.082781885946158, "avg_queue_size": 19.640112464854734, "server_freq": 1.0367272470903324}}