{"server1": {"avg_delay": 4.209975525244764, "avg_queue_size": 3.4500978473581214, "server_freq": 1.0197951151786517}, "server2": {"avg_delay": 9.27786352710611, "avg_queue_size": 8.736274509803922, "server_freq": 1.0057979273232585}}