{"server1": {"avg_delay": 3.2043383197866215, "avg_queue_size": 2.3756449948400413, "server_freq": 0.9682346350169325}, "server2": {"avg_delay": 7.675967728095372, "avg_queue_size": 6.180598555211558, "server_freq": 0.9682346350169325}}