{"server1": {"avg_delay": 3.0372562129412817, "avg_queue_size": 2.199798183652876, "server_freq": 0.9889720139162358}, "server2": {"avg_delay": 6.035885477581048, "avg_queue_size": 5.1395348837209305, "server_freq": 0.986972070510945}}