{"server1": {"avg_delay": 2.290254269740848, "avg_queue_size": 1.6514994829369183, "server_freq": 0.9657042246813985}, "server2": {"avg_delay": 8.541922137699773, "avg_queue_size": 7.557971014492754, "server_freq": 0.9607057556095486}}