{"server1": {"avg_delay": 3.083542558137903, "avg_queue_size": 2.184815184815185, "server_freq": 0.9965612729690783}, "server2": {"avg_delay": 13.457136442107785, "avg_queue_size": 12.340681362725451, "server_freq": 0.9705987548356153}}