{"server1": {"avg_delay": 2.5589531640563585, "avg_queue_size": 1.7906504065040652, "server_freq": 0.9816514029730798}, "server2": {"avg_delay": 4.922706836368277, "avg_queue_size": 4.029531568228106, "server_freq": 0.9766531779070254}}