{"server1": {"avg_delay": 2.638567106801331, "avg_queue_size": 1.9746963562753037, "server_freq": 0.9849652215820177}, "server2": {"avg_delay": 5.778367041335143, "avg_queue_size": 4.811167512690355, "server_freq": 0.9749655746624033}}