{"server1": {"avg_delay": 3.0454911192445313, "avg_queue_size": 2.2018730489073883, "server_freq": 0.9536823290694939}, "server2": {"avg_delay": 6.029801764590836, "avg_queue_size": 5.056603773584905, "server_freq": 0.9516829950462874}}