{"server1": {"avg_delay": 3.0553940171667766, "avg_queue_size": 2.295687885010267, "server_freq": 0.9698323023062443}, "server2": {"avg_delay": 6.351838388562992, "avg_queue_size": 5.483505154639175, "server_freq": 0.9688324751904647}}