{"server1": {"avg_delay": 2.3020585398546753, "avg_queue_size": 1.641925777331996, "server_freq": 0.9919553847302144}, "server2": {"avg_delay": 7.173703073363116, "avg_queue_size": 6.178427419354839, "server_freq": 0.9909554297052848}}