{"server1": {"avg_delay": 2.510535528158778, "avg_queue_size": 1.7896907216494846, "server_freq": 0.9668977165086169}, "server2": {"avg_delay": 9.88919503499836, "avg_queue_size": 8.884177869700103, "server_freq": 0.935900995503687}}