{"server1": {"avg_delay": 3.3866918805495017, "avg_queue_size": 2.829222011385199, "server_freq": 1.0518802937126974}, "server2": {"avg_delay": 11.350457783257978, "avg_queue_size": 11.081749049429657, "server_freq": 1.0518802937126974}}