{"server1": {"avg_delay": 2.736665243835387, "avg_queue_size": 2.0181086519114686, "server_freq": 0.9925529057927672}, "server2": {"avg_delay": 11.90667361749603, "avg_queue_size": 11.282696177062375, "server_freq": 0.9665907573515077}}