{"server1": {"avg_delay": 3.121324839001376, "avg_queue_size": 2.232484076433121, "server_freq": 0.9408622442653539}, "server2": {"avg_delay": 5.318972497882784, "avg_queue_size": 4.195536663124336, "server_freq": 0.9348631226228543}}