{"server1": {"avg_delay": 3.015272990945087, "avg_queue_size": 2.5779467680608366, "server_freq": 1.0515436747721902}, "server2": {"avg_delay": 8.080875172407964, "avg_queue_size": 7.730988593155893, "server_freq": 1.0485449760798742}}