{"server1": {"avg_delay": 3.42453650957185, "avg_queue_size": 2.998093422306959, "server_freq": 1.0438273710345163}, "server2": {"avg_delay": 10.512615524387659, "avg_queue_size": 10.546934865900383, "server_freq": 1.0438273710345163}}