{"server1": {"avg_delay": 2.925611675283204, "avg_queue_size": 2.1633266533066133, "server_freq": 0.9959954997905228}, "server2": {"avg_delay": 6.921563958685991, "avg_queue_size": 6.158634538152611, "server_freq": 0.9939955088270881}}