{"server1": {"avg_delay": 2.3959244498939953, "avg_queue_size": 1.7884231536926147, "server_freq": 1.0007653524194613}, "server2": {"avg_delay": 5.760348110461603, "avg_queue_size": 4.885114885114885, "server_freq": 1.0007653524194613}}