{"server1": {"avg_delay": 3.1504626334916077, "avg_queue_size": 2.6842105263157894, "server_freq": 1.062814779675714}, "server2": {"avg_delay": 13.406161360306765, "avg_queue_size": 13.45719661335842, "server_freq": 1.0268210524242316}}