{"server1": {"avg_delay": 2.5300684571440786, "avg_queue_size": 1.9650698602794412, "server_freq": 1.0009418234135328}, "server2": {"avg_delay": 10.622747186671356, "avg_queue_size": 9.714285714285714, "server_freq": 1.0009418234135328}}