{"server1": {"avg_delay": 2.8561799010796833, "avg_queue_size": 2.0426164519326067, "server_freq": 1.0086017120418966}, "server2": {"avg_delay": 6.6504805722999025, "avg_queue_size": 5.814667988107037, "server_freq": 0.9986056593952971}}