{"server1": {"avg_delay": 2.727025631284659, "avg_queue_size": 1.9817813765182186, "server_freq": 0.9859038379361383}, "server2": {"avg_delay": 6.731075771017368, "avg_queue_size": 5.749492900608519, "server_freq": 0.9819042280459309}}