{"server1": {"avg_delay": 2.63988849258942, "avg_queue_size": 2.1089681774349085, "server_freq": 1.036648593335652}, "server2": {"avg_delay": 16.438400897059935, "avg_queue_size": 16.22661523625844, "server_freq": 1.0016604537341596}}