{"server1": {"avg_delay": 2.4529549510975217, "avg_queue_size": 1.8334975369458129, "server_freq": 1.0058420496070466}, "server2": {"avg_delay": 6.389230735565716, "avg_queue_size": 5.509940357852883, "server_freq": 0.9878448757572188}}