{"server1": {"avg_delay": 3.0642033102901474, "avg_queue_size": 2.533658536585366, "server_freq": 1.0237674068268354}, "server2": {"avg_delay": 11.659551949819491, "avg_queue_size": 11.49609375, "server_freq": 1.0187685425356887}}