{"server1": {"avg_delay": 3.519868798427896, "avg_queue_size": 2.7867203219315897, "server_freq": 0.9888506952884243}, "server2": {"avg_delay": 7.896142505809552, "avg_queue_size": 6.5460060667340745, "server_freq": 0.9878508462537545}}