{"server1": {"avg_delay": 3.2589261041286286, "avg_queue_size": 2.6375372393247267, "server_freq": 1.0054229826441774}, "server2": {"avg_delay": 7.119263149154649, "avg_queue_size": 6.7676266137040715, "server_freq": 1.0034261147541195}}