{"server1": {"avg_delay": 2.7241033260509524, "avg_queue_size": 2.241477272727273, "server_freq": 1.0546736950114848}, "server2": {"avg_delay": 12.630561502419846, "avg_queue_size": 12.410037878787879, "server_freq": 1.0456849987471823}}