{"server1": {"avg_delay": 3.774202098709374, "avg_queue_size": 3.16003879728419, "server_freq": 1.0287670522757744}, "server2": {"avg_delay": 25.305930770171983, "avg_queue_size": 24.561710398445094, "server_freq": 1.0177695424846824}}