{"server1": {"avg_delay": 2.4997873981110996, "avg_queue_size": 2.0153846153846153, "server_freq": 1.0389202563184594}, "server2": {"avg_delay": 8.571955214317146, "avg_queue_size": 8.358036573628489, "server_freq": 1.0389202563184594}}