{"server1": {"avg_delay": 4.105313323987429, "avg_queue_size": 3.3536821705426356, "server_freq": 1.020983866281446}, "server2": {"avg_delay": 12.387517914768406, "avg_queue_size": 12.072477962781587, "server_freq": 1.010984024300237}}