{"server1": {"avg_delay": 3.234029204473353, "avg_queue_size": 2.48234106962664, "server_freq": 0.9898276406120075}, "server2": {"avg_delay": 4.994565630166462, "avg_queue_size": 4.246464646464647, "server_freq": 0.9798293816159266}}