{"server1": {"avg_delay": 2.5716550747848514, "avg_queue_size": 1.9046632124352332, "server_freq": 0.9597597708172331}, "server2": {"avg_delay": 5.336662598331206, "avg_queue_size": 4.276041666666667, "server_freq": 0.9587600210559651}}