{"server1": {"avg_delay": 3.0765091919221152, "avg_queue_size": 2.384460141271443, "server_freq": 0.9898254536581449}, "server2": {"avg_delay": 7.7726953226714475, "avg_queue_size": 6.78989898989899, "server_freq": 0.984826335205326}}