{"server1": {"avg_delay": 2.1471567918858594, "avg_queue_size": 1.6124197002141327, "server_freq": 0.9298576797639843}, "server2": {"avg_delay": 6.208909799768387, "avg_queue_size": 4.853763440860215, "server_freq": 0.9268581388615198}}