{"server1": {"avg_delay": 2.462459665191241, "avg_queue_size": 1.8867542972699696, "server_freq": 0.9879727544369815}, "server2": {"avg_delay": 6.628416597116864, "avg_queue_size": 5.894736842105263, "server_freq": 0.9869727820134624}}