{"server1": {"avg_delay": 2.2463206052340294, "avg_queue_size": 1.4892747701736466, "server_freq": 0.9766813785578996}, "server2": {"avg_delay": 8.134916057740217, "avg_queue_size": 7.058341862845445, "server_freq": 0.9656849659026929}}