{"server1": {"avg_delay": 2.8140047635388017, "avg_queue_size": 1.9814432989690722, "server_freq": 0.9698015603957966}, "server2": {"avg_delay": 6.707079357748554, "avg_queue_size": 5.384536082474227, "server_freq": 0.9638027878572659}}