{"server1": {"avg_delay": 2.6238416232127726, "avg_queue_size": 2.0359922178988326, "server_freq": 1.0256818869140507}, "server2": {"avg_delay": 10.175627176187033, "avg_queue_size": 9.325536062378168, "server_freq": 1.016684677379717}}