{"server1": {"avg_delay": 3.073332459257912, "avg_queue_size": 2.1723768736616704, "server_freq": 0.9317948314347464}, "server2": {"avg_delay": 4.658397599805575, "avg_queue_size": 3.5944206008583692, "server_freq": 0.928795491848583}}