{"server1": {"avg_delay": 3.1047625196983786, "avg_queue_size": 2.4363277393879565, "server_freq": 1.005568496932148}, "server2": {"avg_delay": 5.3124795508251745, "avg_queue_size": 4.81610337972167, "server_freq": 0.9995710705090933}}