{"server1": {"avg_delay": 2.932884787006717, "avg_queue_size": 2.146389713155292, "server_freq": 1.0096213766878406}, "server2": {"avg_delay": 6.849866274058903, "avg_queue_size": 5.913861386138614, "server_freq": 1.0016243756843723}}