{"server1": {"avg_delay": 2.773404302361696, "avg_queue_size": 2.0718685831622174, "server_freq": 0.973808446396414}, "server2": {"avg_delay": 8.774699809028622, "avg_queue_size": 7.818275154004107, "server_freq": 0.9648102163989112}}