{"server1": {"avg_delay": 2.860960008999751, "avg_queue_size": 2.2, "server_freq": 1.0298661551848451}, "server2": {"avg_delay": 9.957966232460468, "avg_queue_size": 9.394174757281553, "server_freq": 1.0128683642740273}}