{"server1": {"avg_delay": 2.4278170503333976, "avg_queue_size": 1.903674280039722, "server_freq": 1.0025497963652283}, "server2": {"avg_delay": 10.606432688704016, "avg_queue_size": 9.8703888334995, "server_freq": 0.9925542849358643}}