{"server1": {"avg_delay": 2.907105971572904, "avg_queue_size": 2.1787487586891756, "server_freq": 0.9973675124186538}, "server2": {"avg_delay": 5.686466610962016, "avg_queue_size": 4.952905811623246, "server_freq": 0.9973675124186538}}