{"server1": {"avg_delay": 2.8241227185896616, "avg_queue_size": 2.1656862745098038, "server_freq": 1.0194655979194003}, "server2": {"avg_delay": 10.108705223418955, "avg_queue_size": 9.765686274509804, "server_freq": 1.0034739806971351}}