{"server1": {"avg_delay": 2.8330378072137026, "avg_queue_size": 2.1155378486055776, "server_freq": 1.0035651644873056}, "server2": {"avg_delay": 7.090425286882762, "avg_queue_size": 6.444223107569721, "server_freq": 1.0035651644873056}}