{"server1": {"avg_delay": 2.991051836596117, "avg_queue_size": 2.3835616438356166, "server_freq": 1.021887780031454}, "server2": {"avg_delay": 8.952360292333813, "avg_queue_size": 8.414872798434443, "server_freq": 1.0108889878784735}}