{"server1": {"avg_delay": 3.0536604990353973, "avg_queue_size": 2.457795431976167, "server_freq": 1.0069421877098794}, "server2": {"avg_delay": 11.76423004001012, "avg_queue_size": 10.816285998013903, "server_freq": 0.9909431062765546}}