{"server1": {"avg_delay": 3.8537391707592787, "avg_queue_size": 3.145853193517636, "server_freq": 1.0475569586550892}, "server2": {"avg_delay": 8.05971548534595, "avg_queue_size": 8.083969465648854, "server_freq": 1.0235671046400872}}