{"server1": {"avg_delay": 2.3841200218642356, "avg_queue_size": 1.8222222222222222, "server_freq": 0.989265806704711}, "server2": {"avg_delay": 21.98509946750699, "avg_queue_size": 20.044444444444444, "server_freq": 0.9492954710802782}}