{"server1": {"avg_delay": 3.3124309270866528, "avg_queue_size": 2.8187078109932497, "server_freq": 1.0368566319586763}, "server2": {"avg_delay": 7.218447553850003, "avg_queue_size": 6.598842815814851, "server_freq": 1.0368566319586763}}