{"server1": {"avg_delay": 3.334611050648831, "avg_queue_size": 2.6767874632713027, "server_freq": 1.015043860882898}, "server2": {"avg_delay": 8.118923724325693, "avg_queue_size": 7.800196850393701, "server_freq": 1.008050448455555}}