{"server1": {"avg_delay": 2.716355454097369, "avg_queue_size": 2.012486992715921, "server_freq": 0.9529363844158253}, "server2": {"avg_delay": 5.654565953080705, "avg_queue_size": 4.713536201469045, "server_freq": 0.9499365846747471}}