{"server1": {"avg_delay": 3.0787704705081587, "avg_queue_size": 2.2704339051463167, "server_freq": 0.990591749957541}, "server2": {"avg_delay": 6.4852491420609, "avg_queue_size": 5.816347124117054, "server_freq": 0.9875929858305251}}