{"server1": {"avg_delay": 2.3526030623423546, "avg_queue_size": 1.698744769874477, "server_freq": 0.9551443230742868}, "server2": {"avg_delay": 8.308394870200615, "avg_queue_size": 7.060669456066946, "server_freq": 0.9491496934315611}}