{"server1": {"avg_delay": 2.608931972417556, "avg_queue_size": 2.0451488952929875, "server_freq": 1.0344700890892804}, "server2": {"avg_delay": 11.792906345433773, "avg_queue_size": 11.375845410628019, "server_freq": 1.0344700890892804}}