{"server1": {"avg_delay": 3.1232654439049754, "avg_queue_size": 2.524436090225564, "server_freq": 1.0559467008036603}, "server2": {"avg_delay": 8.769383832413661, "avg_queue_size": 8.547348484848484, "server_freq": 1.0279481140399267}}