{"server1": {"avg_delay": 2.692847068927704, "avg_queue_size": 1.9009193054136875, "server_freq": 0.9757409269702374}, "server2": {"avg_delay": 6.17071075420512, "avg_queue_size": 5.320696721311475, "server_freq": 0.957745704956442}}