{"server1": {"avg_delay": 3.2142302288491806, "avg_queue_size": 2.33596837944664, "server_freq": 1.0106835354519539}, "server2": {"avg_delay": 10.222907498987972, "avg_queue_size": 9.4199604743083, "server_freq": 1.0106835354519539}}