{"server1": {"avg_delay": 3.0377329083715776, "avg_queue_size": 2.2121504339440694, "server_freq": 1.0349913820833694}, "server2": {"avg_delay": 9.00201008715622, "avg_queue_size": 8.388405797101449, "server_freq": 1.0309914153893274}}