{"server1": {"avg_delay": 3.259479585294976, "avg_queue_size": 2.3914373088685017, "server_freq": 0.9797994345202471}, "server2": {"avg_delay": 4.0304541550870985, "avg_queue_size": 3.4551020408163264, "server_freq": 0.9608033230346504}}