{"server1": {"avg_delay": 2.803797623216194, "avg_queue_size": 2.336190476190476, "server_freq": 1.044954655348762}, "server2": {"avg_delay": 9.341204796737495, "avg_queue_size": 9.290909090909091, "server_freq": 1.0419547855247944}}