{"server1": {"avg_delay": 3.3454028738215174, "avg_queue_size": 2.7705882352941176, "server_freq": 1.0196728792402907}, "server2": {"avg_delay": 10.186049040103628, "avg_queue_size": 9.494117647058824, "server_freq": 1.0146744827734264}}