{"server1": {"avg_delay": 2.7302235395855408, "avg_queue_size": 2.09746192893401, "server_freq": 0.9799821433086092}, "server2": {"avg_delay": 5.379899854289502, "avg_queue_size": 4.7, "server_freq": 0.9689823437408596}}