{"server1": {"avg_delay": 3.146971284526237, "avg_queue_size": 2.607766990291262, "server_freq": 1.0289240503567496}, "server2": {"avg_delay": 13.564923041677636, "avg_queue_size": 13.256559766763848, "server_freq": 1.007925600349469}}