{"server1": {"avg_delay": 2.682084611834211, "avg_queue_size": 2.2548262548262548, "server_freq": 1.0339798801602285}, "server2": {"avg_delay": 10.004274160046535, "avg_queue_size": 9.802707930367506, "server_freq": 1.0259800358263}}