{"server1": {"avg_delay": 3.1667984600718264, "avg_queue_size": 2.487354085603113, "server_freq": 1.0277091757870085}, "server2": {"avg_delay": 9.081739945015746, "avg_queue_size": 8.339494163424124, "server_freq": 1.0167122877192487}}