{"server1": {"avg_delay": 2.466724355812806, "avg_queue_size": 1.8783269961977187, "server_freq": 1.0519753199239306}, "server2": {"avg_delay": 7.336871001210929, "avg_queue_size": 6.9562737642585555, "server_freq": 1.050975343384079}}