{"server1": {"avg_delay": 2.6531783143682683, "avg_queue_size": 2.0478515625, "server_freq": 1.0228360147809101}, "server2": {"avg_delay": 5.733771439562524, "avg_queue_size": 4.866080156402737, "server_freq": 1.021836175079267}}