{"server1": {"avg_delay": 3.379924630422257, "avg_queue_size": 2.8463016330451487, "server_freq": 1.0299635062939776}, "server2": {"avg_delay": 8.77122770516152, "avg_queue_size": 8.129126213592233, "server_freq": 1.021963789740238}}