{"server1": {"avg_delay": 2.8456874308208873, "avg_queue_size": 2.015527950310559, "server_freq": 0.9657444270002075}, "server2": {"avg_delay": 5.6458689689281085, "avg_queue_size": 4.630434782608695, "server_freq": 0.9527478663884034}}