{"server1": {"avg_delay": 2.8330291240152303, "avg_queue_size": 2.105894105894106, "server_freq": 0.9967982923613485}, "server2": {"avg_delay": 5.040061505785051, "avg_queue_size": 4.250752256770311, "server_freq": 0.9937988993050957}}