{"server1": {"avg_delay": 2.7279561726570547, "avg_queue_size": 2.034965034965035, "server_freq": 0.9969837608675132}, "server2": {"avg_delay": 8.995539848065555, "avg_queue_size": 8.325977933801404, "server_freq": 0.9939838097315026}}