{"server1": {"avg_delay": 2.647209792168047, "avg_queue_size": 2.0995121951219513, "server_freq": 1.0225018092234115}, "server2": {"avg_delay": 5.895112132897563, "avg_queue_size": 5.177908113391984, "server_freq": 1.010507653103489}}