{"server1": {"avg_delay": 2.2071171043916658, "avg_queue_size": 1.6291585127201567, "server_freq": 1.0188553379912315}, "server2": {"avg_delay": 5.822520756102064, "avg_queue_size": 4.973503434739941, "server_freq": 1.0128561897793105}}