{"server1": {"avg_delay": 3.365430853667631, "avg_queue_size": 2.5873684210526315, "server_freq": 0.9496312905417728}, "server2": {"avg_delay": 5.979929357893425, "avg_queue_size": 4.8852631578947365, "server_freq": 0.9356367241548413}}