{"server1": {"avg_delay": 2.6192585301846307, "avg_queue_size": 1.922998986828774, "server_freq": 0.9853282771972833}, "server2": {"avg_delay": 7.767979454837076, "avg_queue_size": 6.535496957403651, "server_freq": 0.9843289584577324}}