{"server1": {"avg_delay": 3.1483081311753955, "avg_queue_size": 2.375968992248062, "server_freq": 1.0309538221539987}, "server2": {"avg_delay": 6.53721817805052, "avg_queue_size": 5.676042677012609, "server_freq": 1.0269540013115002}}