{"server1": {"avg_delay": 2.679457336533715, "avg_queue_size": 2.1824457593688362, "server_freq": 1.0058353690075736}, "server2": {"avg_delay": 10.300995811689196, "avg_queue_size": 9.173956262425447, "server_freq": 0.9988365145512585}}