{"server1": {"avg_delay": 2.2839654181902502, "avg_queue_size": 1.708289611752361, "server_freq": 0.9438643485720019}, "server2": {"avg_delay": 5.979389773495842, "avg_queue_size": 4.966101694915254, "server_freq": 0.9248670788443875}}