{"server1": {"avg_delay": 2.4389998615186808, "avg_queue_size": 1.7026476578411405, "server_freq": 0.9778620447027319}, "server2": {"avg_delay": 8.817716827801727, "avg_queue_size": 7.223926380368098, "server_freq": 0.9748624678784904}}