{"server1": {"avg_delay": 3.1694140063522473, "avg_queue_size": 2.534313725490196, "server_freq": 1.0180310965038866}, "server2": {"avg_delay": 7.45195656891752, "avg_queue_size": 6.98135426889107, "server_freq": 1.0090396540421251}}