{"server1": {"avg_delay": 2.530502729080774, "avg_queue_size": 1.9473684210526316, "server_freq": 1.0188575085089924}, "server2": {"avg_delay": 11.483490293419258, "avg_queue_size": 11.443572129538763, "server_freq": 0.9898615637133488}}