{"server1": {"avg_delay": 3.0921493945419396, "avg_queue_size": 2.561284046692607, "server_freq": 1.022498022067606}, "server2": {"avg_delay": 7.272654757286648, "avg_queue_size": 6.868035190615836, "server_freq": 1.0115034196797823}}