{"server1": {"avg_delay": 2.7754884468327945, "avg_queue_size": 2.183874139626352, "server_freq": 1.0145044217232568}, "server2": {"avg_delay": 10.282632440823548, "avg_queue_size": 9.65911330049261, "server_freq": 1.008507351250016}}