{"server1": {"avg_delay": 3.0232705806628832, "avg_queue_size": 2.4317048853439682, "server_freq": 1.0017057082544523}, "server2": {"avg_delay": 10.626169326182358, "avg_queue_size": 9.936127744510978, "server_freq": 0.9947077641848104}}