{"server1": {"avg_delay": 3.060678586740904, "avg_queue_size": 2.3883972468043266, "server_freq": 1.0135152995662435}, "server2": {"avg_delay": 21.65835105386521, "avg_queue_size": 20.30473372781065, "server_freq": 0.9805310738407149}}