{"server1": {"avg_delay": 2.6389722067372965, "avg_queue_size": 1.9207622868605818, "server_freq": 0.9966945889487031}, "server2": {"avg_delay": 10.658538277806926, "avg_queue_size": 9.82146439317954, "server_freq": 0.989696733258993}}