{"server1": {"avg_delay": 2.9073869367217196, "avg_queue_size": 2.284284284284284, "server_freq": 0.9979828172061747}, "server2": {"avg_delay": 5.610620936517035, "avg_queue_size": 5.022044088176353, "server_freq": 0.9959828516406312}}