{"server1": {"avg_delay": 2.6381045723368497, "avg_queue_size": 2.0039331366764994, "server_freq": 1.0161647790758372}, "server2": {"avg_delay": 9.378574405174106, "avg_queue_size": 8.812192723697148, "server_freq": 1.0141664215948623}}