{"server1": {"avg_delay": 3.108023729779538, "avg_queue_size": 2.4304304304304303, "server_freq": 0.9946356297091534}, "server2": {"avg_delay": 7.548492619239231, "avg_queue_size": 6.511557788944724, "server_freq": 0.9826400241247214}}