{"server1": {"avg_delay": 3.153361593751323, "avg_queue_size": 2.4367469879518073, "server_freq": 0.9927220303626894}, "server2": {"avg_delay": 8.439521931401588, "avg_queue_size": 7.090634441087613, "server_freq": 0.980725389512385}}