{"server1": {"avg_delay": 3.669593554120591, "avg_queue_size": 2.8996990972918755, "server_freq": 0.9894487909704843}, "server2": {"avg_delay": 6.684310453449559, "avg_queue_size": 5.83030303030303, "server_freq": 0.9854510180776742}}