{"server1": {"avg_delay": 2.467734662143366, "avg_queue_size": 1.8758689175769612, "server_freq": 1.0004088093831982}, "server2": {"avg_delay": 6.445016397742878, "avg_queue_size": 5.752247752247753, "server_freq": 1.0004088093831982}}