{"server1": {"avg_delay": 2.790845899225825, "avg_queue_size": 2.206930693069307, "server_freq": 1.0080934433557809}, "server2": {"avg_delay": 6.0403578253251995, "avg_queue_size": 5.407333994053518, "server_freq": 0.9811177020568651}}