{"server1": {"avg_delay": 4.299434369049021, "avg_queue_size": 3.527, "server_freq": 0.9888849181427475}, "server2": {"avg_delay": 13.143456149537256, "avg_queue_size": 12.235591506572295, "server_freq": 0.9568886417215463}}