{"server1": {"avg_delay": 3.6737414235116383, "avg_queue_size": 3.0854947166186357, "server_freq": 1.033915204388706}, "server2": {"avg_delay": 7.25322070989032, "avg_queue_size": 6.863636363636363, "server_freq": 1.0329152863960671}}