{"server1": {"avg_delay": 3.730064163394319, "avg_queue_size": 2.7274590163934427, "server_freq": 0.974962134220315}, "server2": {"avg_delay": 8.85381989506408, "avg_queue_size": 7.757948717948718, "server_freq": 0.9709622895671034}}