{"server1": {"avg_delay": 2.167565662259539, "avg_queue_size": 1.5577319587628866, "server_freq": 0.9653842828703896}, "server2": {"avg_delay": 4.332111732559759, "avg_queue_size": 3.451345755693582, "server_freq": 0.9643849202587226}}