{"server1": {"avg_delay": 3.162653944521053, "avg_queue_size": 2.404212637913741, "server_freq": 0.9955895721666626}, "server2": {"avg_delay": 8.48991659260235, "avg_queue_size": 7.354417670682731, "server_freq": 0.9875928687757657}}