{"server1": {"avg_delay": 3.083920425128592, "avg_queue_size": 2.30327868852459, "server_freq": 0.9697226582690996}, "server2": {"avg_delay": 5.6766250610666695, "avg_queue_size": 4.68659793814433, "server_freq": 0.9657238019463404}}