{"server1": {"avg_delay": 2.756370713354281, "avg_queue_size": 2.0914760914760913, "server_freq": 0.9609996821646458}, "server2": {"avg_delay": 5.941846158810362, "avg_queue_size": 5.04474505723205, "server_freq": 0.9589996828261138}}