{"server1": {"avg_delay": 2.5975928494757876, "avg_queue_size": 1.8918367346938776, "server_freq": 0.9758108143959948}, "server2": {"avg_delay": 11.695086654607689, "avg_queue_size": 10.116803278688524, "server_freq": 0.9758108143959948}}