{"server1": {"avg_delay": 2.7156646051664297, "avg_queue_size": 2.091182364729459, "server_freq": 0.9939509671442538}, "server2": {"avg_delay": 6.030704089565529, "avg_queue_size": 5.164989939637827, "server_freq": 0.9939509671442538}}