{"server1": {"avg_delay": 2.9660777709103714, "avg_queue_size": 2.292452830188679, "server_freq": 0.9528759398577303}, "server2": {"avg_delay": 5.6499386592114025, "avg_queue_size": 4.8574423480083855, "server_freq": 0.9488806528981591}}