{"server1": {"avg_delay": 2.4910150644426317, "avg_queue_size": 1.8817635270541082, "server_freq": 0.9978672078669967}, "server2": {"avg_delay": 9.503277706223955, "avg_queue_size": 8.69939879759519, "server_freq": 0.9848689376242402}}