{"server1": {"avg_delay": 2.721176394549662, "avg_queue_size": 2.119959677419355, "server_freq": 0.9906109153225104}, "server2": {"avg_delay": 8.202752868730995, "avg_queue_size": 7.059535822401615, "server_freq": 0.9866124857954771}}