{"server1": {"avg_delay": 2.4410032546580225, "avg_queue_size": 1.891196834817013, "server_freq": 1.0065412085549275}, "server2": {"avg_delay": 10.06244094107785, "avg_queue_size": 9.102284011916584, "server_freq": 0.9975453089749927}}