{"server1": {"avg_delay": 2.8524948887075796, "avg_queue_size": 2.199404761904762, "server_freq": 1.0059827314824474}, "server2": {"avg_delay": 8.40933805451437, "avg_queue_size": 7.894632206759443, "server_freq": 1.003982765813496}}