{"server1": {"avg_delay": 2.8645471477171136, "avg_queue_size": 2.1847070506454815, "server_freq": 1.006972933255086}, "server2": {"avg_delay": 8.743369237097156, "avg_queue_size": 7.958291956305859, "server_freq": 0.9939732826768178}}