{"server1": {"avg_delay": 3.027065149922056, "avg_queue_size": 2.3069207622868606, "server_freq": 0.9926252243898248}, "server2": {"avg_delay": 10.664359972922954, "avg_queue_size": 9.467270896273918, "server_freq": 0.9906259792248907}}