{"server1": {"avg_delay": 2.7326122820747174, "avg_queue_size": 2.2318840579710146, "server_freq": 1.03376059021102}, "server2": {"avg_delay": 12.110196968730392, "avg_queue_size": 11.649275362318841, "server_freq": 1.0157821451638718}}