{"server1": {"avg_delay": 3.0151032121367565, "avg_queue_size": 2.2015732546706, "server_freq": 1.0111451562477805}, "server2": {"avg_delay": 9.255955935096376, "avg_queue_size": 8.227272727272727, "server_freq": 1.0011536033204307}}