{"server1": {"avg_delay": 2.540188842589727, "avg_queue_size": 1.9330049261083744, "server_freq": 1.0127735598742138}, "server2": {"avg_delay": 9.555634451626494, "avg_queue_size": 8.56959526159921, "server_freq": 1.0127735598742138}}