{"server1": {"avg_delay": 3.9203017396078, "avg_queue_size": 2.963991769547325, "server_freq": 0.970735738869645}, "server2": {"avg_delay": 7.115531835566918, "avg_queue_size": 5.9340885684860964, "server_freq": 0.970735738869645}}