{"server1": {"avg_delay": 3.0268868515999934, "avg_queue_size": 2.309197651663405, "server_freq": 1.0185602832102307}, "server2": {"avg_delay": 16.822987903587226, "avg_queue_size": 15.847890088321885, "server_freq": 1.0105637353538206}}