{"server1": {"avg_delay": 2.6582304664680088, "avg_queue_size": 1.986960882647944, "server_freq": 0.9959579298382214}, "server2": {"avg_delay": 11.587986896719508, "avg_queue_size": 10.693775100401606, "server_freq": 0.9759587746205864}}