{"server1": {"avg_delay": 3.03237794553656, "avg_queue_size": 2.492822966507177, "server_freq": 1.0358442726437076}, "server2": {"avg_delay": 5.914070647475584, "avg_queue_size": 5.424710424710424, "server_freq": 1.0308450242236125}}