{"server1": {"avg_delay": 2.784441941181541, "avg_queue_size": 2.149843912591051, "server_freq": 0.9607927861060871}, "server2": {"avg_delay": 8.268363875452957, "avg_queue_size": 6.843912591050988, "server_freq": 0.9567936485988818}}