{"server1": {"avg_delay": 2.772431835543275, "avg_queue_size": 2.2423038728897717, "server_freq": 1.0069643285501342}, "server2": {"avg_delay": 7.366337169472692, "avg_queue_size": 6.871896722939424, "server_freq": 0.9959647182084742}}