{"server1": {"avg_delay": 4.3299264611751545, "avg_queue_size": 3.5685685685685686, "server_freq": 0.9977416725462266}, "server2": {"avg_delay": 8.459168942113653, "avg_queue_size": 7.554108216432866, "server_freq": 0.9947424490816588}}