{"server1": {"avg_delay": 2.5417352544672687, "avg_queue_size": 1.866734486266531, "server_freq": 0.9776754380045789}, "server2": {"avg_delay": 3.8745309097418703, "avg_queue_size": 3.1319018404907975, "server_freq": 0.974676433593522}}