{"server1": {"avg_delay": 4.052164972186618, "avg_queue_size": 3.3864783047426843, "server_freq": 0.9908445532398339}, "server2": {"avg_delay": 7.112798409275651, "avg_queue_size": 6.449041372351161, "server_freq": 0.9798462786831859}}