{"server1": {"avg_delay": 4.1276159909765004, "avg_queue_size": 3.3339960238568587, "server_freq": 0.9999225404035493}, "server2": {"avg_delay": 11.66621487883528, "avg_queue_size": 11.079, "server_freq": 0.9789241670550748}}