{"server1": {"avg_delay": 2.641737827484816, "avg_queue_size": 1.9806013579049466, "server_freq": 1.030813518531979}, "server2": {"avg_delay": 7.4963607485900745, "avg_queue_size": 6.726479146459748, "server_freq": 1.0168160507730577}}