{"server1": {"avg_delay": 3.527999436716349, "avg_queue_size": 2.6933198380566803, "server_freq": 0.9873891085216872}, "server2": {"avg_delay": 11.346808097021386, "avg_queue_size": 10.257085020242915, "server_freq": 0.9843909634553257}}