{"server1": {"avg_delay": 3.298950636703108, "avg_queue_size": 2.4783484390735144, "server_freq": 0.9805758889816357}, "server2": {"avg_delay": 9.539052042117376, "avg_queue_size": 8.555555555555555, "server_freq": 0.9765776182824241}}