{"server1": {"avg_delay": 2.737327982604378, "avg_queue_size": 2.012158054711246, "server_freq": 0.9859364661672458}, "server2": {"avg_delay": 5.322579708347605, "avg_queue_size": 4.536511156186613, "server_freq": 0.9809367883469251}}