{"server1": {"avg_delay": 3.066638919541116, "avg_queue_size": 2.414829659318637, "server_freq": 0.9946446087339802}, "server2": {"avg_delay": 6.58294254616639, "avg_queue_size": 5.973869346733668, "server_freq": 0.989646394619739}}