{"server1": {"avg_delay": 2.3310081690498197, "avg_queue_size": 1.6965589155370178, "server_freq": 0.9579427014485724}, "server2": {"avg_delay": 9.060944220796927, "avg_queue_size": 7.887265135699374, "server_freq": 0.9569427612591689}}