{"server1": {"avg_delay": 2.910052577186603, "avg_queue_size": 2.2392638036809815, "server_freq": 0.9766631947024847}, "server2": {"avg_delay": 4.690232154509254, "avg_queue_size": 3.736196319018405, "server_freq": 0.9766631947024847}}