{"server1": {"avg_delay": 3.2024327569956177, "avg_queue_size": 2.5829244357212953, "server_freq": 1.0153546123132327}, "server2": {"avg_delay": 26.660074504890215, "avg_queue_size": 26.156496062992126, "server_freq": 1.0133558827614348}}