{"server1": {"avg_delay": 2.7854440248760266, "avg_queue_size": 2.1945259042033234, "server_freq": 1.0179670997730323}, "server2": {"avg_delay": 21.00283233662483, "avg_queue_size": 19.898821218074655, "server_freq": 0.9879680693278545}}