{"server1": {"avg_delay": 2.346725564091836, "avg_queue_size": 1.8328387734915925, "server_freq": 1.0109972549352828}, "server2": {"avg_delay": 8.524207676758607, "avg_queue_size": 7.905044510385757, "server_freq": 0.993997301093641}}