{"server1": {"avg_delay": 3.597136027724512, "avg_queue_size": 2.966666666666667, "server_freq": 1.0453694343448108}, "server2": {"avg_delay": 12.805205726087365, "avg_queue_size": 12.276290630975144, "server_freq": 1.0453694343448108}}