{"server1": {"avg_delay": 2.7661652679344706, "avg_queue_size": 2.156126482213439, "server_freq": 1.0100698598040567}, "server2": {"avg_delay": 8.208499091152454, "avg_queue_size": 7.506429277942631, "server_freq": 0.9970818200637473}}