{"server1": {"avg_delay": 3.0768577785709943, "avg_queue_size": 2.364364364364364, "server_freq": 0.9970596688606751}, "server2": {"avg_delay": 7.479987940602757, "avg_queue_size": 6.687687687687688, "server_freq": 0.9930674379543261}}