{"server1": {"avg_delay": 2.6572855661600867, "avg_queue_size": 1.7796954314720812, "server_freq": 0.9778087521100638}, "server2": {"avg_delay": 5.804065591439147, "avg_queue_size": 4.761758691206544, "server_freq": 0.9718099254100021}}