{"server1": {"avg_delay": 2.9876532098255275, "avg_queue_size": 2.212787212787213, "server_freq": 0.9969030161158409}, "server2": {"avg_delay": 5.605008174153153, "avg_queue_size": 5.344032096288867, "server_freq": 0.9649061289386023}}