{"server1": {"avg_delay": 3.100711628849662, "avg_queue_size": 2.48574144486692, "server_freq": 1.0498405111487017}, "server2": {"avg_delay": 8.92790233111936, "avg_queue_size": 8.603809523809524, "server_freq": 1.0448412706194221}}