{"server1": {"avg_delay": 3.0860228322839474, "avg_queue_size": 2.4746772591857003, "server_freq": 1.0022847409918751}, "server2": {"avg_delay": 6.215805872787979, "avg_queue_size": 5.573280159521436, "server_freq": 0.992291872188367}}