{"server1": {"avg_delay": 2.5744557025459365, "avg_queue_size": 1.934224049331963, "server_freq": 0.9699010040755733}, "server2": {"avg_delay": 4.484328112330129, "avg_queue_size": 3.609278350515464, "server_freq": 0.9649015143638436}}