{"server1": {"avg_delay": 2.7958911235931376, "avg_queue_size": 2.288443170964661, "server_freq": 1.0388276494742945}, "server2": {"avg_delay": 15.573779168802353, "avg_queue_size": 15.376323387872954, "server_freq": 1.0328286447612574}}