{"server1": {"avg_delay": 2.1598658180110912, "avg_queue_size": 1.5896656534954408, "server_freq": 0.9868871348157331}, "server2": {"avg_delay": 10.679297997661822, "avg_queue_size": 9.703140830800406, "server_freq": 0.9868871348157331}}