{"server1": {"avg_delay": 2.1838323153804255, "avg_queue_size": 1.50920245398773, "server_freq": 0.9768789932710672}, "server2": {"avg_delay": 7.612463685612615, "avg_queue_size": 6.623336745138178, "server_freq": 0.9698798602588896}}