{"server1": {"avg_delay": 3.4961119387214197, "avg_queue_size": 2.865402843601896, "server_freq": 1.0539647263824954}, "server2": {"avg_delay": 13.6985064028514, "avg_queue_size": 13.181214421252372, "server_freq": 1.039965194912519}}