{"server1": {"avg_delay": 3.471460172582489, "avg_queue_size": 2.566153846153846, "server_freq": 0.9717269257396439}, "server2": {"avg_delay": 6.728707228545392, "avg_queue_size": 5.728395061728395, "server_freq": 0.9567311398486}}