{"server1": {"avg_delay": 2.60731043655302, "avg_queue_size": 1.9173387096774193, "server_freq": 0.9897000986273138}, "server2": {"avg_delay": 14.288927023355784, "avg_queue_size": 13.547474747474748, "server_freq": 0.9887004015579932}}