{"server1": {"avg_delay": 2.7483375188469905, "avg_queue_size": 2.049595141700405, "server_freq": 0.9860980064593121}, "server2": {"avg_delay": 8.025629117152345, "avg_queue_size": 6.8410931174089065, "server_freq": 0.9821057068380193}}