{"server1": {"avg_delay": 2.968514676632594, "avg_queue_size": 2.5458937198067635, "server_freq": 1.0338971984302106}, "server2": {"avg_delay": 7.836556691186386, "avg_queue_size": 7.516441005802708, "server_freq": 1.0308974966939526}}