{"server1": {"avg_delay": 2.5526661102689534, "avg_queue_size": 1.8083067092651757, "server_freq": 0.9385240204749243}, "server2": {"avg_delay": 4.703457069828395, "avg_queue_size": 3.54419595314164, "server_freq": 0.9375245273753771}}