{"server1": {"avg_delay": 3.0893739215253437, "avg_queue_size": 2.460227272727273, "server_freq": 1.0499308893745196}, "server2": {"avg_delay": 9.149559121826929, "avg_queue_size": 8.708571428571428, "server_freq": 1.0309321399477427}}