{"server1": {"avg_delay": 2.8158966383508606, "avg_queue_size": 2.026209677419355, "server_freq": 0.9911590910334959}, "server2": {"avg_delay": 10.693740004787731, "avg_queue_size": 9.836693548387096, "server_freq": 0.9861633294859481}}