{"server1": {"avg_delay": 3.6473263084115364, "avg_queue_size": 2.755511022044088, "server_freq": 0.9973679043824885}, "server2": {"avg_delay": 7.249796232208463, "avg_queue_size": 6.221442885771543, "server_freq": 0.9873742380059105}}