{"server1": {"avg_delay": 3.723800150765428, "avg_queue_size": 2.6891191709844557, "server_freq": 0.9615036405943527}, "server2": {"avg_delay": 8.557051805757107, "avg_queue_size": 7.295218295218295, "server_freq": 0.9505093162216522}}