{"server1": {"avg_delay": 2.721608229815803, "avg_queue_size": 1.9366420274551215, "server_freq": 0.938865637358571}, "server2": {"avg_delay": 4.646322329928347, "avg_queue_size": 3.759318423855165, "server_freq": 0.937865780449776}}