{"server1": {"avg_delay": 2.973830868647602, "avg_queue_size": 2.282674772036474, "server_freq": 0.9854982987973699}, "server2": {"avg_delay": 7.817044237989192, "avg_queue_size": 6.9411764705882355, "server_freq": 0.984498807622119}}