{"server1": {"avg_delay": 3.3211895248919765, "avg_queue_size": 2.7099609375, "server_freq": 1.023757855752794}, "server2": {"avg_delay": 13.136805422329093, "avg_queue_size": 12.599609375, "server_freq": 1.018759038097751}}