{"server1": {"avg_delay": 3.940268765461857, "avg_queue_size": 3.1061343719571566, "server_freq": 1.0245087531158117}, "server2": {"avg_delay": 9.989852898150323, "avg_queue_size": 9.602926829268293, "server_freq": 0.9925240896039034}}