{"server1": {"avg_delay": 2.4841976605273763, "avg_queue_size": 1.7941176470588236, "server_freq": 1.018880780747431}, "server2": {"avg_delay": 5.228596746938199, "avg_queue_size": 4.626104023552503, "server_freq": 1.0078820677069777}}