{"server1": {"avg_delay": 2.7515721487765896, "avg_queue_size": 2.0950413223140494, "server_freq": 0.9654255209581155}, "server2": {"avg_delay": 5.006349951648282, "avg_queue_size": 3.971014492753623, "server_freq": 0.9644261156569166}}