{"server1": {"avg_delay": 3.237325722016691, "avg_queue_size": 2.761121856866538, "server_freq": 1.0328921475087243}, "server2": {"avg_delay": 7.114661851041464, "avg_queue_size": 6.181026137463698, "server_freq": 1.0218932959863662}}