{"server1": {"avg_delay": 3.372894184998298, "avg_queue_size": 2.7757459095283927, "server_freq": 1.0353790120237614}, "server2": {"avg_delay": 9.710948651915386, "avg_queue_size": 9.337837837837839, "server_freq": 1.0143915996178743}}