{"server1": {"avg_delay": 2.5942617186122994, "avg_queue_size": 1.7693856998992952, "server_freq": 0.989575418690269}, "server2": {"avg_delay": 11.479741675857374, "avg_queue_size": 10.564646464646465, "server_freq": 0.989575418690269}}