{"server1": {"avg_delay": 2.8708619593650693, "avg_queue_size": 2.153233830845771, "server_freq": 1.0012521658789726}, "server2": {"avg_delay": 10.300848002984063, "avg_queue_size": 9.37125748502994, "server_freq": 0.9982544049032871}}