{"server1": {"avg_delay": 2.7742414317386874, "avg_queue_size": 2.111111111111111, "server_freq": 1.052248177203447}, "server2": {"avg_delay": 11.335876767748351, "avg_queue_size": 10.962962962962964, "server_freq": 1.043254603039315}}