{"server1": {"avg_delay": 2.79154198088899, "avg_queue_size": 2.0565843621399176, "server_freq": 0.9717868335576545}, "server2": {"avg_delay": 5.496998448100664, "avg_queue_size": 4.559670781893004, "server_freq": 0.9667879300928518}}