{"server1": {"avg_delay": 2.6140317288023724, "avg_queue_size": 1.9256360078277885, "server_freq": 1.0208029059776424}, "server2": {"avg_delay": 16.84774557664754, "avg_queue_size": 15.691478942213516, "server_freq": 1.009805029419607}}