{"server1": {"avg_delay": 3.0674790645629675, "avg_queue_size": 2.4242424242424243, "server_freq": 1.0205708630468497}, "server2": {"avg_delay": 8.700683471970873, "avg_queue_size": 7.886385896180215, "server_freq": 1.0055771677033603}}