{"server1": {"avg_delay": 2.7332240608408456, "avg_queue_size": 2.059128630705394, "server_freq": 0.9627174631561466}, "server2": {"avg_delay": 7.47291433350886, "avg_queue_size": 6.031152647975078, "server_freq": 0.9587186367255914}}