{"server1": {"avg_delay": 3.722645551214989, "avg_queue_size": 3.020597322348095, "server_freq": 0.9703412174335809}, "server2": {"avg_delay": 8.328165270096735, "avg_queue_size": 7.0741503604531415, "server_freq": 0.9703412174335809}}