{"server1": {"avg_delay": 3.080387375613752, "avg_queue_size": 2.3187372708757636, "server_freq": 0.9810196985545887}, "server2": {"avg_delay": 6.86199619628484, "avg_queue_size": 6.0784114052953155, "server_freq": 0.9710296812576988}}