{"server1": {"avg_delay": 2.812933124135242, "avg_queue_size": 2.2036679536679538, "server_freq": 1.025599750805382}, "server2": {"avg_delay": 13.991115654104176, "avg_queue_size": 13.900584795321638, "server_freq": 1.025599750805382}}