{"server1": {"avg_delay": 3.1186887327745096, "avg_queue_size": 2.479, "server_freq": 0.9977882695256861}, "server2": {"avg_delay": 13.666881152684029, "avg_queue_size": 13.089178356713427, "server_freq": 0.9607961192526897}}