{"server1": {"avg_delay": 2.752305972654142, "avg_queue_size": 1.9165786694825766, "server_freq": 0.9458973496006231}, "server2": {"avg_delay": 8.138489766622266, "avg_queue_size": 6.923890063424947, "server_freq": 0.9378982176801104}}