{"server1": {"avg_delay": 3.0514189895664763, "avg_queue_size": 2.0991561181434597, "server_freq": 0.9479499073403158}, "server2": {"avg_delay": 10.836220130875246, "avg_queue_size": 9.266877637130802, "server_freq": 0.9249511226685571}}