{"server1": {"avg_delay": 2.428788949631888, "avg_queue_size": 1.6059670781893005, "server_freq": 0.9696488659149948}, "server2": {"avg_delay": 5.305364513251991, "avg_queue_size": 4.369072164948453, "server_freq": 0.9686492279088968}}