{"server1": {"avg_delay": 2.629699222762543, "avg_queue_size": 2.0871694417238, "server_freq": 1.0178535404720883}, "server2": {"avg_delay": 6.241234961071232, "avg_queue_size": 5.474459724950884, "server_freq": 1.0158538282118288}}