{"server1": {"avg_delay": 3.3051139072129216, "avg_queue_size": 2.6717019133937563, "server_freq": 0.9914093093905786}, "server2": {"avg_delay": 7.604872197547351, "avg_queue_size": 6.775201612903226, "server_freq": 0.9914093093905786}}