{"server1": {"avg_delay": 3.4019605306570444, "avg_queue_size": 2.8353376503237744, "server_freq": 1.0806970390343376}, "server2": {"avg_delay": 7.1878529572786, "avg_queue_size": 6.927844588344126, "server_freq": 1.078697599554163}}