{"server1": {"avg_delay": 2.637440578018209, "avg_queue_size": 1.8615221987315012, "server_freq": 0.9449485984234763}, "server2": {"avg_delay": 6.777656362571683, "avg_queue_size": 5.8, "server_freq": 0.922949795073935}}