{"server1": {"avg_delay": 2.8640972984781268, "avg_queue_size": 2.0854526958290944, "server_freq": 0.979853960531826}, "server2": {"avg_delay": 7.653097991409261, "avg_queue_size": 6.752040816326531, "server_freq": 0.9718551526907498}}