{"server1": {"avg_delay": 4.122348636388086, "avg_queue_size": 3.1968348170128587, "server_freq": 1.0098894814767743}, "server2": {"avg_delay": 12.330579344591165, "avg_queue_size": 11.552475247524752, "server_freq": 1.0018903568710178}}