{"server1": {"avg_delay": 2.9791559314452294, "avg_queue_size": 2.3381147540983607, "server_freq": 0.9733515418701933}, "server2": {"avg_delay": 4.8424393463665485, "avg_queue_size": 3.9589322381930185, "server_freq": 0.9663562022468963}}