{"server1": {"avg_delay": 2.6724794507299725, "avg_queue_size": 1.948207171314741, "server_freq": 1.0014790347304368}, "server2": {"avg_delay": 9.00816257602792, "avg_queue_size": 7.939121756487026, "server_freq": 0.9984805945066929}}