{"server1": {"avg_delay": 2.450006932937538, "avg_queue_size": 1.7673469387755103, "server_freq": 0.9771951920877121}, "server2": {"avg_delay": 6.13989821410489, "avg_queue_size": 4.989775051124744, "server_freq": 0.9751968379116637}}