{"server1": {"avg_delay": 3.848414372339825, "avg_queue_size": 3.023928215353938, "server_freq": 1.0024275264961746}, "server2": {"avg_delay": 8.152810069886659, "avg_queue_size": 7.334995014955134, "server_freq": 0.9834383709593578}}