{"server1": {"avg_delay": 2.508581223093932, "avg_queue_size": 1.884115884115884, "server_freq": 0.9968896779208262}, "server2": {"avg_delay": 6.128691458879603, "avg_queue_size": 5.289869608826479, "server_freq": 0.9848910057693218}}