{"server1": {"avg_delay": 3.468649353162527, "avg_queue_size": 2.761121856866538, "server_freq": 1.0338733559902669}, "server2": {"avg_delay": 6.751097528128761, "avg_queue_size": 5.714700193423598, "server_freq": 1.0268742133481665}}