{"server1": {"avg_delay": 2.9524064940492347, "avg_queue_size": 2.1695278969957084, "server_freq": 0.9296622498509017}, "server2": {"avg_delay": 5.499577270674378, "avg_queue_size": 4.406451612903226, "server_freq": 0.9216651552285284}}