{"server1": {"avg_delay": 2.6282391344574036, "avg_queue_size": 1.8392675483214649, "server_freq": 0.9826519548562644}, "server2": {"avg_delay": 5.720493251668667, "avg_queue_size": 4.754832146490336, "server_freq": 0.9826519548562644}}