{"server1": {"avg_delay": 2.4779215553373555, "avg_queue_size": 1.9526159921026653, "server_freq": 1.0033263791365292}, "server2": {"avg_delay": 7.562676653695635, "avg_queue_size": 7.079681274900398, "server_freq": 0.9843391269417145}}