{"server1": {"avg_delay": 2.768009998783345, "avg_queue_size": 1.9817813765182186, "server_freq": 0.986735730462877}, "server2": {"avg_delay": 6.486666408725261, "avg_queue_size": 5.711246200607903, "server_freq": 0.976738407965786}}