{"server1": {"avg_delay": 3.3363295919037146, "avg_queue_size": 2.4860834990059644, "server_freq": 1.005654905667954}, "server2": {"avg_delay": 8.071457618392643, "avg_queue_size": 7.007952286282306, "server_freq": 1.0016562778124154}}