{"server1": {"avg_delay": 2.2412084317706076, "avg_queue_size": 1.6434262948207172, "server_freq": 1.0029382368230333}, "server2": {"avg_delay": 8.793037994430403, "avg_queue_size": 8.204386839481556, "server_freq": 0.9929388526074497}}