{"server1": {"avg_delay": 3.2057568745817755, "avg_queue_size": 2.266597510373444, "server_freq": 0.9635801597130105}, "server2": {"avg_delay": 4.6535551545508, "avg_queue_size": 3.900414937759336, "server_freq": 0.9575827728268299}}