{"server1": {"avg_delay": 2.9372429381027767, "avg_queue_size": 2.301715438950555, "server_freq": 0.9784715369225346}, "server2": {"avg_delay": 7.661294296786155, "avg_queue_size": 6.844739530132789, "server_freq": 0.9624801737041888}}