{"server1": {"avg_delay": 2.2157771601093823, "avg_queue_size": 1.4729586426299046, "server_freq": 0.9405147384049082}, "server2": {"avg_delay": 8.234058740352872, "avg_queue_size": 6.952279957582184, "server_freq": 0.9405147384049082}}