{"server1": {"avg_delay": 3.4349004145134985, "avg_queue_size": 2.712151394422311, "server_freq": 1.0019761281984945}, "server2": {"avg_delay": 7.886074838987629, "avg_queue_size": 6.904191616766467, "server_freq": 1.0009761520226477}}