{"server1": {"avg_delay": 2.4814425265713207, "avg_queue_size": 1.7271794871794872, "server_freq": 0.9696904850368412}, "server2": {"avg_delay": 5.175086814268032, "avg_queue_size": 4.261855670103093, "server_freq": 0.9546952713507044}}