{"server1": {"avg_delay": 2.5752797876686873, "avg_queue_size": 2.1080038572806172, "server_freq": 1.036834010166015}, "server2": {"avg_delay": 9.840192213964789, "avg_queue_size": 9.458052073288332, "server_freq": 1.0278354507720957}}