{"server1": {"avg_delay": 2.5415026433764556, "avg_queue_size": 1.8691588785046729, "server_freq": 0.9606126064460825}, "server2": {"avg_delay": 7.312639113198749, "avg_queue_size": 6.339229968782519, "server_freq": 0.9606126064460825}}