{"server1": {"avg_delay": 2.723545663610137, "avg_queue_size": 2.043298969072165, "server_freq": 0.9687009915575449}, "server2": {"avg_delay": 10.616961354136901, "avg_queue_size": 9.152734778121776, "server_freq": 0.965701917280277}}