{"server1": {"avg_delay": 2.3754656905255733, "avg_queue_size": 1.7205731832139202, "server_freq": 0.97184204055264}, "server2": {"avg_delay": 5.941272382194647, "avg_queue_size": 4.902263374485597, "server_freq": 0.961843665649835}}