{"server1": {"avg_delay": 3.0546545073656834, "avg_queue_size": 2.4645669291338583, "server_freq": 1.0146611032401824}, "server2": {"avg_delay": 12.011269354686412, "avg_queue_size": 10.957635467980296, "server_freq": 1.0086631065707823}}