{"server1": {"avg_delay": 3.366014616123476, "avg_queue_size": 2.5459081836327346, "server_freq": 0.9934869100223377}, "server2": {"avg_delay": 15.237654521564185, "avg_queue_size": 14.25553319919517, "server_freq": 0.9894889747707388}}