{"server1": {"avg_delay": 2.647957298446366, "avg_queue_size": 1.9516765285996056, "server_freq": 1.0139250680316134}, "server2": {"avg_delay": 6.304049790156577, "avg_queue_size": 5.395463510848126, "server_freq": 1.00192595480047}}