{"server1": {"avg_delay": 3.553897433439467, "avg_queue_size": 2.835143139190523, "server_freq": 1.0089363378979845}, "server2": {"avg_delay": 9.001667513119918, "avg_queue_size": 8.085232903865213, "server_freq": 1.0029367164635068}}