{"server1": {"avg_delay": 2.415566926923131, "avg_queue_size": 1.8397104446742503, "server_freq": 0.958855755987628}, "server2": {"avg_delay": 6.905098841206207, "avg_queue_size": 5.679874869655891, "server_freq": 0.9508569592744882}}