{"server1": {"avg_delay": 2.831034105661659, "avg_queue_size": 1.883089770354906, "server_freq": 0.9539160899646102}, "server2": {"avg_delay": 4.686214181320435, "avg_queue_size": 3.7651991614255764, "server_freq": 0.951916265876634}}