{"server1": {"avg_delay": 3.3959669064220637, "avg_queue_size": 2.6992337164750957, "server_freq": 1.0351786187987937}, "server2": {"avg_delay": 8.498604523676926, "avg_queue_size": 8.1003861003861, "server_freq": 1.011197646934729}}