{"server1": {"avg_delay": 2.9492967360197975, "avg_queue_size": 2.231527093596059, "server_freq": 1.014036953991611}, "server2": {"avg_delay": 9.741415562984564, "avg_queue_size": 8.85024630541872, "server_freq": 1.0010492885710287}}