{"server1": {"avg_delay": 3.0884273789730856, "avg_queue_size": 2.3405940594059405, "server_freq": 1.0057707568869643}, "server2": {"avg_delay": 9.195164624227765, "avg_queue_size": 7.923459244532803, "server_freq": 0.9957730356455431}}