{"server1": {"avg_delay": 2.654852436617664, "avg_queue_size": 2.0664711632453567, "server_freq": 1.0219860455343215}, "server2": {"avg_delay": 8.185842604014933, "avg_queue_size": 7.197651663405088, "server_freq": 1.0199860728424734}}