{"server1": {"avg_delay": 3.26182569082793, "avg_queue_size": 2.682758620689655, "server_freq": 1.01472588552875}, "server2": {"avg_delay": 6.577082743106831, "avg_queue_size": 5.991133004926108, "server_freq": 1.0087275059098608}}