{"server1": {"avg_delay": 2.7584002697478227, "avg_queue_size": 2.153688524590164, "server_freq": 0.9742368926639421}, "server2": {"avg_delay": 6.476424260054854, "avg_queue_size": 5.671794871794872, "server_freq": 0.9712392406865146}}