{"server1": {"avg_delay": 3.041796454651709, "avg_queue_size": 2.617332035053554, "server_freq": 1.0252734041814369}, "server2": {"avg_delay": 7.231638529554927, "avg_queue_size": 6.964912280701754, "server_freq": 1.0052875678426174}}