{"server1": {"avg_delay": 3.417422375710179, "avg_queue_size": 2.838616714697406, "server_freq": 1.0406933184965637}, "server2": {"avg_delay": 7.525647043643813, "avg_queue_size": 7.173871277617676, "server_freq": 1.037694202304931}}