{"server1": {"avg_delay": 3.99107925327022, "avg_queue_size": 3.111431316042267, "server_freq": 1.0307462129144522}, "server2": {"avg_delay": 8.287983199184497, "avg_queue_size": 7.606207565470417, "server_freq": 1.016749659101841}}