{"server1": {"avg_delay": 3.159348637651691, "avg_queue_size": 2.6435546875, "server_freq": 1.0207059547523287}, "server2": {"avg_delay": 14.709382918687817, "avg_queue_size": 13.857002938295789, "server_freq": 1.0107088347253714}}