{"server1": {"avg_delay": 3.2350233700071693, "avg_queue_size": 2.7109375, "server_freq": 1.0228652946394643}, "server2": {"avg_delay": 15.850830445040746, "avg_queue_size": 15.001953125, "server_freq": 1.0228652946394643}}