{"server1": {"avg_delay": 2.894433060590656, "avg_queue_size": 2.3531157270029674, "server_freq": 1.0089821879672252}, "server2": {"avg_delay": 7.807620657928523, "avg_queue_size": 6.645895153313551, "server_freq": 0.999002146543217}}