{"server1": {"avg_delay": 3.7711084891598827, "avg_queue_size": 3.177325581395349, "server_freq": 1.0276766438658265}, "server2": {"avg_delay": 20.73218491742129, "avg_queue_size": 20.855058365758754, "server_freq": 1.0216785311584384}}