{"server1": {"avg_delay": 3.1434953622586477, "avg_queue_size": 2.205208333333333, "server_freq": 0.9551216597881584}, "server2": {"avg_delay": 5.863037341520243, "avg_queue_size": 4.620689655172414, "server_freq": 0.9551216597881584}}