{"server1": {"avg_delay": 2.49615192083168, "avg_queue_size": 1.8679435483870968, "server_freq": 0.99071345463676}, "server2": {"avg_delay": 9.942208137023448, "avg_queue_size": 9.084762865792129, "server_freq": 0.99071345463676}}