{"server1": {"avg_delay": 2.392786984984484, "avg_queue_size": 1.8078817733990147, "server_freq": 1.0147038144205658}, "server2": {"avg_delay": 6.717435661609981, "avg_queue_size": 6.320197044334975, "server_freq": 1.0107049816543765}}