{"server1": {"avg_delay": 3.2576559111834325, "avg_queue_size": 2.6336336336336337, "server_freq": 0.9979802330442594}, "server2": {"avg_delay": 10.878218795939263, "avg_queue_size": 9.74248496993988, "server_freq": 0.994980292463966}}