{"server1": {"avg_delay": 2.8463236846567685, "avg_queue_size": 2.2644466209598435, "server_freq": 1.0156117197426018}, "server2": {"avg_delay": 7.477718631428552, "avg_queue_size": 6.964566929133858, "server_freq": 0.9946197452203629}}