{"server1": {"avg_delay": 2.6180200987998465, "avg_queue_size": 1.9755351681957187, "server_freq": 0.9805428614696775}, "server2": {"avg_delay": 6.422783722695475, "avg_queue_size": 5.524974515800204, "server_freq": 0.9755451914316057}}