{"server1": {"avg_delay": 2.8270479311904504, "avg_queue_size": 2.11178247734139, "server_freq": 0.9904040634412609}, "server2": {"avg_delay": 8.83104674349083, "avg_queue_size": 8.040363269424823, "server_freq": 0.981409475579534}}