{"server1": {"avg_delay": 2.8367898587786113, "avg_queue_size": 2.250248262164846, "server_freq": 1.0053761348208508}, "server2": {"avg_delay": 11.375836772325153, "avg_queue_size": 10.313121272365805, "server_freq": 1.0053761348208508}}