{"server1": {"avg_delay": 2.633856525585251, "avg_queue_size": 1.9419862340216323, "server_freq": 1.0159164010426376}, "server2": {"avg_delay": 13.156111581662344, "avg_queue_size": 12.579724409448819, "server_freq": 0.9709201037523633}}