{"server1": {"avg_delay": 2.6658323785260785, "avg_queue_size": 2.113682092555332, "server_freq": 0.9888654844679957}, "server2": {"avg_delay": 6.902549285480686, "avg_queue_size": 5.9009100101112235, "server_freq": 0.9858658925029765}}