{"server1": {"avg_delay": 3.375851770753926, "avg_queue_size": 2.848574237954769, "server_freq": 1.0147828420250373}, "server2": {"avg_delay": 5.514543856328807, "avg_queue_size": 4.89064039408867, "server_freq": 1.013783055973781}}