{"server1": {"avg_delay": 2.8915788920115797, "avg_queue_size": 2.3625730994152048, "server_freq": 1.0243640496551518}, "server2": {"avg_delay": 6.664813114911935, "avg_queue_size": 6.013658536585366, "server_freq": 1.0203665314125951}}