{"server1": {"avg_delay": 3.104489188485932, "avg_queue_size": 2.456369107321966, "server_freq": 0.9877212602799378}, "server2": {"avg_delay": 6.041774375681407, "avg_queue_size": 5.519230769230769, "server_freq": 0.9607288776609516}}