{"server1": {"avg_delay": 3.1243339862850092, "avg_queue_size": 2.357563850687623, "server_freq": 1.0178648430074482}, "server2": {"avg_delay": 5.413673583056233, "avg_queue_size": 4.787819253438114, "server_freq": 1.0128655068433645}}