{"server1": {"avg_delay": 2.93614219836866, "avg_queue_size": 2.1746506986027945, "server_freq": 1.0002253456032342}, "server2": {"avg_delay": 10.093844829819977, "avg_queue_size": 9.367632367632368, "server_freq": 1.0002253456032342}}