{"server1": {"avg_delay": 3.1240898298734736, "avg_queue_size": 2.4848790322580645, "server_freq": 0.9845359017424821}, "server2": {"avg_delay": 6.012417388886042, "avg_queue_size": 5.221319796954314, "server_freq": 0.9685434403943808}}