{"server1": {"avg_delay": 3.4996856021650493, "avg_queue_size": 2.8465447154471546, "server_freq": 0.9797182370426395}, "server2": {"avg_delay": 6.645487755527812, "avg_queue_size": 5.78265306122449, "server_freq": 0.9707208246616356}}