{"server1": {"avg_delay": 3.7259223786880673, "avg_queue_size": 3.1767028627838103, "server_freq": 1.0008962424569405}, "server2": {"avg_delay": 9.80191280190554, "avg_queue_size": 8.954045954045954, "server_freq": 0.997896553418608}}