{"server1": {"avg_delay": 2.90417596805332, "avg_queue_size": 2.2502453385672228, "server_freq": 1.0138593723801106}, "server2": {"avg_delay": 7.856978363792731, "avg_queue_size": 7.099605522682446, "server_freq": 0.9988614526703458}}