{"server1": {"avg_delay": 2.445567843572275, "avg_queue_size": 2.0204651162790697, "server_freq": 1.0748817422766679}, "server2": {"avg_delay": 19.713259707408348, "avg_queue_size": 20.38325581395349, "server_freq": 1.0238873526430772}}