{"server1": {"avg_delay": 3.466996177646813, "avg_queue_size": 2.847036328871893, "server_freq": 1.04191584785639}, "server2": {"avg_delay": 13.655276278658382, "avg_queue_size": 13.972168905950095, "server_freq": 1.0389160901370336}}