{"server1": {"avg_delay": 2.7210190665729397, "avg_queue_size": 2.326904532304725, "server_freq": 1.018968049841991}, "server2": {"avg_delay": 8.23424658339102, "avg_queue_size": 7.930323846908734, "server_freq": 1.018968049841991}}