{"server1": {"avg_delay": 3.513610929288647, "avg_queue_size": 2.9782608695652173, "server_freq": 1.009751369061783}, "server2": {"avg_delay": 9.631455037768454, "avg_queue_size": 8.86039603960396, "server_freq": 1.0047525999080118}}