{"server1": {"avg_delay": 3.1434275251472745, "avg_queue_size": 2.1757451181911613, "server_freq": 0.9708619251730549}, "server2": {"avg_delay": 13.871162641075198, "avg_queue_size": 12.164778578784757, "server_freq": 0.9488650535419455}}