{"server1": {"avg_delay": 3.2094925358863615, "avg_queue_size": 2.4524524524524525, "server_freq": 0.9981347814296104}, "server2": {"avg_delay": 9.047666425491038, "avg_queue_size": 7.8408408408408405, "server_freq": 0.9921399779375406}}