{"server1": {"avg_delay": 2.655075481341134, "avg_queue_size": 2.093873517786561, "server_freq": 1.0094603612862645}, "server2": {"avg_delay": 5.912276326530125, "avg_queue_size": 5.432673267326733, "server_freq": 0.9894710472013879}}