{"server1": {"avg_delay": 2.639731149178402, "avg_queue_size": 1.9990079365079365, "server_freq": 1.0059417789097382}, "server2": {"avg_delay": 8.711966035495525, "avg_queue_size": 8.123260437375745, "server_freq": 0.9909426470174459}}