{"server1": {"avg_delay": 2.274291071584057, "avg_queue_size": 1.565615462868769, "server_freq": 0.975978384824772}, "server2": {"avg_delay": 7.676878149892909, "avg_queue_size": 6.597748208802456, "server_freq": 0.975978384824772}}