{"server1": {"avg_delay": 2.195661341339029, "avg_queue_size": 1.5370558375634518, "server_freq": 0.9829236451482504}, "server2": {"avg_delay": 5.813668793435654, "avg_queue_size": 4.746693794506612, "server_freq": 0.9759241888755772}}