{"server1": {"avg_delay": 3.1866609401797246, "avg_queue_size": 2.165948275862069, "server_freq": 0.9276526106437843}, "server2": {"avg_delay": 6.537943913141522, "avg_queue_size": 5.339439655172414, "server_freq": 0.9256533593277416}}