{"server1": {"avg_delay": 2.7977764404306495, "avg_queue_size": 2.197142857142857, "server_freq": 1.0453159904990623}, "server2": {"avg_delay": 10.658550180759567, "avg_queue_size": 9.936902485659656, "server_freq": 1.0413186062141713}}