{"server1": {"avg_delay": 2.7521967658857305, "avg_queue_size": 2.2495107632093934, "server_freq": 1.0215907473980899}, "server2": {"avg_delay": 6.571843139994186, "avg_queue_size": 6.01761252446184, "server_freq": 1.012594351383821}}