{"server1": {"avg_delay": 3.131269743016282, "avg_queue_size": 2.626310772163966, "server_freq": 1.035998918052941}, "server2": {"avg_delay": 8.431879460414757, "avg_queue_size": 8.024131274131275, "server_freq": 1.0309989232746932}}