{"server1": {"avg_delay": 3.1875569953924647, "avg_queue_size": 2.3494949494949493, "server_freq": 0.9878871935068095}, "server2": {"avg_delay": 6.150219638111773, "avg_queue_size": 5.1396761133603235, "server_freq": 0.9798881069197098}}