{"server1": {"avg_delay": 2.9324014252706667, "avg_queue_size": 2.3089108910891087, "server_freq": 1.0058212934879343}, "server2": {"avg_delay": 10.393712929202625, "avg_queue_size": 9.669980119284293, "server_freq": 1.0048214711286023}}