{"server1": {"avg_delay": 2.321250305875548, "avg_queue_size": 1.6932391523713421, "server_freq": 0.9892504038309595}, "server2": {"avg_delay": 4.963066856203292, "avg_queue_size": 4.175757575757576, "server_freq": 0.9892504038309595}}