{"server1": {"avg_delay": 2.5358020127436154, "avg_queue_size": 1.9250972762645915, "server_freq": 1.0226091093687002}, "server2": {"avg_delay": 7.0207308509796045, "avg_queue_size": 6.570869990224829, "server_freq": 1.020609873573258}}