{"server1": {"avg_delay": 2.737009201905259, "avg_queue_size": 1.9107883817427387, "server_freq": 0.9597533637290366}, "server2": {"avg_delay": 7.701977582076468, "avg_queue_size": 6.564583333333333, "server_freq": 0.9417579881591173}}