{"server1": {"avg_delay": 2.6861915228361455, "avg_queue_size": 1.7512742099898064, "server_freq": 0.9729522494046196}, "server2": {"avg_delay": 6.143986926609891, "avg_queue_size": 5.247687564234327, "server_freq": 0.9719522984802571}}