{"server1": {"avg_delay": 3.6759889462312594, "avg_queue_size": 3.1192307692307693, "server_freq": 1.032399843186966}, "server2": {"avg_delay": 8.313400775189391, "avg_queue_size": 7.695062923523717, "server_freq": 1.0294015861399566}}