{"server1": {"avg_delay": 2.1847277456139897, "avg_queue_size": 1.5224489795918368, "server_freq": 0.9798632982561756}, "server2": {"avg_delay": 6.0266289676194065, "avg_queue_size": 4.989795918367347, "server_freq": 0.9778635772393263}}