{"server1": {"avg_delay": 2.9685138076774136, "avg_queue_size": 2.542110358180058, "server_freq": 1.0329921891868188}, "server2": {"avg_delay": 13.635340164198809, "avg_queue_size": 13.28944820909971, "server_freq": 1.0289922194319812}}