{"server1": {"avg_delay": 2.553186884843373, "avg_queue_size": 1.4905027932960895, "server_freq": 0.8908766601404706}, "server2": {"avg_delay": 3.9468440942402743, "avg_queue_size": 2.7474747474747474, "server_freq": 0.8908766601404706}}