{"server1": {"avg_delay": 2.32195264598515, "avg_queue_size": 1.4720087815587266, "server_freq": 0.9089848442219349}, "server2": {"avg_delay": 4.856822036056017, "avg_queue_size": 3.515951595159516, "server_freq": 0.9089848442219349}}