{"server1": {"avg_delay": 2.877802957799447, "avg_queue_size": 2.140641158221303, "server_freq": 0.9659755851954877}, "server2": {"avg_delay": 5.341712855723122, "avg_queue_size": 4.648397104446743, "server_freq": 0.9659755851954877}}