{"server1": {"avg_delay": 2.64502694346194, "avg_queue_size": 1.9574257425742574, "server_freq": 1.007820697006136}, "server2": {"avg_delay": 6.302781324865451, "avg_queue_size": 5.427579365079365, "server_freq": 1.0058210527660447}}