{"server1": {"avg_delay": 3.1915690202044424, "avg_queue_size": 2.3078470824949697, "server_freq": 0.9936937656223639}, "server2": {"avg_delay": 11.63254574455221, "avg_queue_size": 10.067404426559357, "server_freq": 0.9836968464511128}}