{"server1": {"avg_delay": 2.521339960119368, "avg_queue_size": 1.9141104294478528, "server_freq": 0.9776036085554396}, "server2": {"avg_delay": 7.575785523276112, "avg_queue_size": 6.20961145194274, "server_freq": 0.9746048244801162}}