{"server1": {"avg_delay": 2.669703577364671, "avg_queue_size": 1.894736842105263, "server_freq": 0.968849621040336}, "server2": {"avg_delay": 7.379190876135708, "avg_queue_size": 6.323013415892673, "server_freq": 0.9598510177489397}}