{"server1": {"avg_delay": 3.1674995836349567, "avg_queue_size": 2.56071076011846, "server_freq": 1.0117862984787374}, "server2": {"avg_delay": 14.138885910371588, "avg_queue_size": 13.265810276679842, "server_freq": 1.0077871431487817}}