{"server1": {"avg_delay": 2.8639929641538653, "avg_queue_size": 2.0431654676258995, "server_freq": 0.9723153385990061}, "server2": {"avg_delay": 10.912143477884513, "avg_queue_size": 9.765673175745118, "server_freq": 0.9673188569001416}}