{"server1": {"avg_delay": 3.0008536468648503, "avg_queue_size": 2.281188118811881, "server_freq": 1.0059097674643542}, "server2": {"avg_delay": 11.54166620599502, "avg_queue_size": 10.364811133200796, "server_freq": 0.9839117407404816}}