{"server1": {"avg_delay": 2.7639066965363606, "avg_queue_size": 1.9710300429184548, "server_freq": 0.9302631197202995}, "server2": {"avg_delay": 5.361264091989472, "avg_queue_size": 4.429645542427497, "server_freq": 0.9262662856935743}}