{"server1": {"avg_delay": 2.430807194200442, "avg_queue_size": 1.628256513026052, "server_freq": 0.99685393587143}, "server2": {"avg_delay": 6.84113687072283, "avg_queue_size": 5.888665997993982, "server_freq": 0.9858555474114644}}