{"server1": {"avg_delay": 2.3553165487566523, "avg_queue_size": 1.8111675126903553, "server_freq": 0.9839710980492706}, "server2": {"avg_delay": 6.024041506761166, "avg_queue_size": 4.9817073170731705, "server_freq": 0.981971156793073}}