{"server1": {"avg_delay": 3.689946503828089, "avg_queue_size": 2.9825997952917094, "server_freq": 0.9690419340249351}, "server2": {"avg_delay": 12.107460529711389, "avg_queue_size": 10.947422680412371, "server_freq": 0.9660448971155797}}