{"server1": {"avg_delay": 2.479604045329132, "avg_queue_size": 1.832153690596562, "server_freq": 0.9889987687763842}, "server2": {"avg_delay": 11.749014325369647, "avg_queue_size": 10.780586450960566, "server_freq": 0.9749987862052322}}