{"server1": {"avg_delay": 2.3492339672944045, "avg_queue_size": 1.6256517205422314, "server_freq": 0.9549479779437218}, "server2": {"avg_delay": 5.88535605751527, "avg_queue_size": 4.81151832460733, "server_freq": 0.9549479779437218}}