{"server1": {"avg_delay": 2.69793817359422, "avg_queue_size": 2.199410609037328, "server_freq": 1.0047988805127817}, "server2": {"avg_delay": 11.574492812490417, "avg_queue_size": 10.26865671641791, "server_freq": 0.9948008817017092}}