{"server1": {"avg_delay": 3.180113276364274, "avg_queue_size": 2.3113708820403827, "server_freq": 0.9399651380772102}, "server2": {"avg_delay": 9.200323027948286, "avg_queue_size": 7.785106382978723, "server_freq": 0.9229657685587925}}