{"server1": {"avg_delay": 3.5965646548817283, "avg_queue_size": 3.0553435114503817, "server_freq": 1.047211615108015}, "server2": {"avg_delay": 19.508638716939377, "avg_queue_size": 19.517175572519083, "server_freq": 1.040216881037637}}