{"server1": {"avg_delay": 4.382881598270787, "avg_queue_size": 3.6705653021442495, "server_freq": 1.0229690500625022}, "server2": {"avg_delay": 8.437324353397925, "avg_queue_size": 7.972629521016618, "server_freq": 1.014969292095249}}