{"server1": {"avg_delay": 2.436426134871902, "avg_queue_size": 1.696969696969697, "server_freq": 0.9568467205489164}, "server2": {"avg_delay": 5.717683032501862, "avg_queue_size": 4.715778474399164, "server_freq": 0.9568467205489164}}