{"server1": {"avg_delay": 2.7829207600032446, "avg_queue_size": 1.9110429447852761, "server_freq": 0.9716069743569034}, "server2": {"avg_delay": 5.844431111437874, "avg_queue_size": 4.7026748971193415, "server_freq": 0.96560940044112}}