{"server1": {"avg_delay": 2.87147587721354, "avg_queue_size": 2.293069306930693, "server_freq": 1.00887975643783}, "server2": {"avg_delay": 9.222000380633073, "avg_queue_size": 8.692765113974232, "server_freq": 1.0058801139508988}}