{"server1": {"avg_delay": 2.8278419189792157, "avg_queue_size": 2.174358974358974, "server_freq": 0.9737446927258135}, "server2": {"avg_delay": 9.615601795487228, "avg_queue_size": 8.487679671457906, "server_freq": 0.9567491488076012}}