{"server1": {"avg_delay": 2.8907965047286184, "avg_queue_size": 2.0524233432245302, "server_freq": 1.008864337699069}, "server2": {"avg_delay": 6.3801420798668795, "avg_queue_size": 5.581764122893954, "server_freq": 1.0058647410557613}}