{"server1": {"avg_delay": 2.6135249539618437, "avg_queue_size": 1.894300518134715, "server_freq": 0.9599439999451133}, "server2": {"avg_delay": 7.770261719676326, "avg_queue_size": 6.784375, "server_freq": 0.9589440582785038}}