{"server1": {"avg_delay": 2.8713713842789015, "avg_queue_size": 1.8571428571428572, "server_freq": 0.9438232061623618}, "server2": {"avg_delay": 5.094986186046703, "avg_queue_size": 3.952330508474576, "server_freq": 0.9398239552887925}}