{"server1": {"avg_delay": 2.7341272555192577, "avg_queue_size": 2.18562874251497, "server_freq": 0.9972485558087864}, "server2": {"avg_delay": 6.469883982786448, "avg_queue_size": 5.722444889779559, "server_freq": 0.9862568382597917}}