{"server1": {"avg_delay": 2.6677877975129705, "avg_queue_size": 1.8282078472958643, "server_freq": 0.9409434767181407}, "server2": {"avg_delay": 9.84927136982125, "avg_queue_size": 8.172157279489904, "server_freq": 0.9319440173233869}}