{"server1": {"avg_delay": 3.6122956846385503, "avg_queue_size": 2.8269419862340217, "server_freq": 1.0165335312310775}, "server2": {"avg_delay": 16.16722245648651, "avg_queue_size": 15.661750245821043, "server_freq": 1.0095367419305685}}