{"server1": {"avg_delay": 3.4661788656498937, "avg_queue_size": 2.91699604743083, "server_freq": 1.0118045399964515}, "server2": {"avg_delay": 5.2148431981183485, "avg_queue_size": 4.723320158102767, "server_freq": 0.9968074371308915}}