{"server1": {"avg_delay": 5.148841232141297, "avg_queue_size": 4.302707930367505, "server_freq": 1.0338792433881092}, "server2": {"avg_delay": 9.369443716687945, "avg_queue_size": 9.171179883945841, "server_freq": 1.0318794769598925}}