{"server1": {"avg_delay": 2.6881454681808257, "avg_queue_size": 2.0352941176470587, "server_freq": 1.0179756722144153}, "server2": {"avg_delay": 17.504441004890996, "avg_queue_size": 17.098231827111984, "server_freq": 1.0149757439073002}}