{"server1": {"avg_delay": 3.7492678764741343, "avg_queue_size": 2.8666666666666667, "server_freq": 0.9576274680112081}, "server2": {"avg_delay": 10.063768105255212, "avg_queue_size": 8.509394572025052, "server_freq": 0.9516298011969416}}