{"server1": {"avg_delay": 2.921266541417385, "avg_queue_size": 2.3429394812680115, "server_freq": 1.0378263085490091}, "server2": {"avg_delay": 7.332996824808789, "avg_queue_size": 6.828516377649326, "server_freq": 1.0338269778802267}}