{"server1": {"avg_delay": 4.083932671046277, "avg_queue_size": 3.380038387715931, "server_freq": 1.0405260530375127}, "server2": {"avg_delay": 9.593723009182396, "avg_queue_size": 9.06147934678194, "server_freq": 1.0345287847202937}}