{"server1": {"avg_delay": 3.9964714929315983, "avg_queue_size": 3.5682859761686525, "server_freq": 1.084945544320123}, "server2": {"avg_delay": 14.576397765725591, "avg_queue_size": 15.166820276497695, "server_freq": 1.084945544320123}}