{"server1": {"avg_delay": 2.9336438737162482, "avg_queue_size": 2.4205967276227143, "server_freq": 1.025561894195276}, "server2": {"avg_delay": 6.328986954093036, "avg_queue_size": 5.802336903602726, "server_freq": 1.025561894195276}}