{"server1": {"avg_delay": 2.5990029110093618, "avg_queue_size": 1.7790697674418605, "server_freq": 0.9429215284698941}, "server2": {"avg_delay": 6.459422394256903, "avg_queue_size": 5.545068928950159, "server_freq": 0.9129240249130576}}