{"server1": {"avg_delay": 3.0388186394987664, "avg_queue_size": 2.3018682399213373, "server_freq": 1.015735282264796}, "server2": {"avg_delay": 7.448312377507484, "avg_queue_size": 6.83759842519685, "server_freq": 1.0067376272053639}}