{"server1": {"avg_delay": 2.703656001884061, "avg_queue_size": 1.9939759036144578, "server_freq": 0.9937481188780267}, "server2": {"avg_delay": 5.895318461354623, "avg_queue_size": 5.237424547283702, "server_freq": 0.9847503994918072}}