{"server1": {"avg_delay": 3.372853020343585, "avg_queue_size": 2.67032967032967, "server_freq": 0.9979354547749186}, "server2": {"avg_delay": 10.636523128895922, "avg_queue_size": 9.312625250501002, "server_freq": 0.9879361015206609}}