{"server1": {"avg_delay": 2.6248903467023896, "avg_queue_size": 2.0704500978473583, "server_freq": 1.0206603879662701}, "server2": {"avg_delay": 8.933890486108162, "avg_queue_size": 8.114593535749265, "server_freq": 1.0006670405036597}}