{"server1": {"avg_delay": 3.1053127047949194, "avg_queue_size": 2.3350050150451356, "server_freq": 0.9898205681434683}, "server2": {"avg_delay": 8.96132216210749, "avg_queue_size": 7.709090909090909, "server_freq": 0.9788225618307631}}