{"server1": {"avg_delay": 2.4815047535187857, "avg_queue_size": 1.9583736689254598, "server_freq": 1.0309319825522902}, "server2": {"avg_delay": 4.260642536574132, "avg_queue_size": 3.7148399612027156, "server_freq": 1.0209326422753524}}