{"server1": {"avg_delay": 3.0027038902487764, "avg_queue_size": 2.073575129533679, "server_freq": 0.9547092278353756}, "server2": {"avg_delay": 8.342835964208643, "avg_queue_size": 7.170680628272251, "server_freq": 0.9477113591496713}}