{"server1": {"avg_delay": 2.824387670201989, "avg_queue_size": 2.052947052947053, "server_freq": 0.9969707057090567}, "server2": {"avg_delay": 5.682919771668745, "avg_queue_size": 4.811434302908726, "server_freq": 0.9829711170631923}}