{"server1": {"avg_delay": 3.49434926442853, "avg_queue_size": 2.8603736479842676, "server_freq": 1.0107261065349615}, "server2": {"avg_delay": 7.07636762551907, "avg_queue_size": 6.402571711177052, "server_freq": 1.007726919275214}}