{"server1": {"avg_delay": 2.668447312188006, "avg_queue_size": 2.1326129666011786, "server_freq": 1.0114929404687794}, "server2": {"avg_delay": 10.461792098351657, "avg_queue_size": 9.92786561264822, "server_freq": 0.9965004561732934}}