{"server1": {"avg_delay": 3.4469955451008283, "avg_queue_size": 2.6560636182902586, "server_freq": 1.0047568401596403}, "server2": {"avg_delay": 11.08992557307931, "avg_queue_size": 10.453731343283582, "server_freq": 1.0037570821097301}}