{"server1": {"avg_delay": 2.645579472677519, "avg_queue_size": 1.9807692307692308, "server_freq": 0.9872819932224154}, "server2": {"avg_delay": 5.712709107267036, "avg_queue_size": 4.90080971659919, "server_freq": 0.9862827199499231}}