{"server1": {"avg_delay": 3.3563275492031264, "avg_queue_size": 2.6482965931863727, "server_freq": 0.9975485815039682}, "server2": {"avg_delay": 11.117350384430507, "avg_queue_size": 9.880761523046091, "server_freq": 0.9895522000891067}}