{"server1": {"avg_delay": 3.0254177270542004, "avg_queue_size": 2.1994076999012835, "server_freq": 1.0111726367929406}, "server2": {"avg_delay": 11.648643796092621, "avg_queue_size": 11.13919052319842, "server_freq": 1.0091762446176338}}