{"server1": {"avg_delay": 3.3202269332405003, "avg_queue_size": 2.8319169027384326, "server_freq": 1.0549063791197602}, "server2": {"avg_delay": 10.8236994271749, "avg_queue_size": 10.595260663507108, "server_freq": 1.047907000300956}}