{"server1": {"avg_delay": 2.659665433664376, "avg_queue_size": 2.0318725099601593, "server_freq": 1.002387962688833}, "server2": {"avg_delay": 6.106040620387373, "avg_queue_size": 5.365902293120638, "server_freq": 0.9983904035155973}}