{"server1": {"avg_delay": 2.3568200891102267, "avg_queue_size": 1.7218274111675127, "server_freq": 0.9847364028667771}, "server2": {"avg_delay": 8.114506460826888, "avg_queue_size": 7.244670050761421, "server_freq": 0.9847364028667771}}