{"server1": {"avg_delay": 3.002419452119952, "avg_queue_size": 2.3122448979591836, "server_freq": 0.9714717684775537}, "server2": {"avg_delay": 8.210209910285426, "avg_queue_size": 7.0092592592592595, "server_freq": 0.9574793767505108}}