{"server1": {"avg_delay": 2.4022652635296105, "avg_queue_size": 1.8873096446700508, "server_freq": 0.9819207513069541}, "server2": {"avg_delay": 8.126222758803488, "avg_queue_size": 7.1456211812627295, "server_freq": 0.9779210741122211}}