{"server1": {"avg_delay": 2.763906761594077, "avg_queue_size": 2.0466732869910627, "server_freq": 1.0058892838646918}, "server2": {"avg_delay": 5.88439380793919, "avg_queue_size": 5.2713717693836974, "server_freq": 1.0028896140320933}}