{"server1": {"avg_delay": 3.0550541718092683, "avg_queue_size": 2.413173652694611, "server_freq": 1.0009100367629753}, "server2": {"avg_delay": 8.982027834236867, "avg_queue_size": 8.17982017982018, "server_freq": 0.9989102165097027}}