{"server1": {"avg_delay": 2.4885319560332855, "avg_queue_size": 1.749222797927461, "server_freq": 0.962967818682392}, "server2": {"avg_delay": 5.783863039741769, "avg_queue_size": 4.826583592938733, "server_freq": 0.962967818682392}}