{"server1": {"avg_delay": 3.591149905231966, "avg_queue_size": 2.870221327967807, "server_freq": 0.9926827763152757}, "server2": {"avg_delay": 11.30112518937648, "avg_queue_size": 10.629778672032193, "server_freq": 0.9886880770142081}}