{"server1": {"avg_delay": 3.0704105766560783, "avg_queue_size": 2.263573543928924, "server_freq": 1.0068660797015059}, "server2": {"avg_delay": 8.921985168930048, "avg_queue_size": 7.972194637537239, "server_freq": 0.9948676755739806}}