{"server1": {"avg_delay": 2.7023617875543358, "avg_queue_size": 1.9390243902439024, "server_freq": 0.9784272716720419}, "server2": {"avg_delay": 6.357103025871838, "avg_queue_size": 5.47191011235955, "server_freq": 0.9764284416992697}}