{"server1": {"avg_delay": 2.9500825607868184, "avg_queue_size": 2.309055118110236, "server_freq": 1.0114795741561209}, "server2": {"avg_delay": 10.032420656962108, "avg_queue_size": 9.200394866732477, "server_freq": 1.0064870787259326}}