{"server1": {"avg_delay": 3.110309967772941, "avg_queue_size": 2.369323915237134, "server_freq": 0.9909153511686816}, "server2": {"avg_delay": 6.998228489930748, "avg_queue_size": 6.130171543895056, "server_freq": 0.9849158636742193}}