{"server1": {"avg_delay": 2.508198918738881, "avg_queue_size": 1.8758486905916585, "server_freq": 1.0229746129848338}, "server2": {"avg_delay": 12.179684402843808, "avg_queue_size": 11.26295210166178, "server_freq": 1.0229746129848338}}