{"server1": {"avg_delay": 2.871443801431406, "avg_queue_size": 2.4925925925925925, "server_freq": 1.0755280759838848}, "server2": {"avg_delay": 17.38927371543717, "avg_queue_size": 18.33550185873606, "server_freq": 1.0645329004859083}}