{"server1": {"avg_delay": 3.3980854509513425, "avg_queue_size": 2.52880658436214, "server_freq": 0.9649894197822841}, "server2": {"avg_delay": 7.9074794684902585, "avg_queue_size": 7.108808290155441, "server_freq": 0.9569895074939335}}