{"server1": {"avg_delay": 2.7064834569797283, "avg_queue_size": 2.085085085085085, "server_freq": 0.9976486667606459}, "server2": {"avg_delay": 10.486358094276772, "avg_queue_size": 9.837675350701403, "server_freq": 0.9956493708352739}}