{"server1": {"avg_delay": 3.326586856737459, "avg_queue_size": 2.529352226720648, "server_freq": 0.9866163510960992}, "server2": {"avg_delay": 14.332782168174608, "avg_queue_size": 13.186423505572442, "server_freq": 0.9826179059042205}}