{"server1": {"avg_delay": 3.423613941779205, "avg_queue_size": 2.6741803278688523, "server_freq": 0.9734529884238046}, "server2": {"avg_delay": 6.857602152198704, "avg_queue_size": 6.024640657084189, "server_freq": 0.953464220694363}}