{"server1": {"avg_delay": 2.692725601000951, "avg_queue_size": 1.8947916666666667, "server_freq": 0.953923820566853}, "server2": {"avg_delay": 7.200752467250207, "avg_queue_size": 5.728511530398323, "server_freq": 0.9449245392407506}}