{"server1": {"avg_delay": 2.6595022656493676, "avg_queue_size": 1.929969104016478, "server_freq": 0.9708838618711688}, "server2": {"avg_delay": 9.407924542056048, "avg_queue_size": 7.836251287332646, "server_freq": 0.9638846991182356}}