{"server1": {"avg_delay": 2.881670955743925, "avg_queue_size": 2.094853683148335, "server_freq": 0.9879544800506217}, "server2": {"avg_delay": 7.473084794004094, "avg_queue_size": 6.733805668016195, "server_freq": 0.9849546182690915}}