{"server1": {"avg_delay": 2.6462304719754552, "avg_queue_size": 2.068673565380997, "server_freq": 1.0585502871710961}, "server2": {"avg_delay": 11.347649916548159, "avg_queue_size": 11.354107648725213, "server_freq": 1.0485545337511613}}