{"server1": {"avg_delay": 2.9741763046142937, "avg_queue_size": 2.3579154375614553, "server_freq": 1.0168370824573532}, "server2": {"avg_delay": 5.033445988111669, "avg_queue_size": 4.277286135693215, "server_freq": 1.0018394853709616}}