{"server1": {"avg_delay": 3.5551528410520485, "avg_queue_size": 2.9564356435643564, "server_freq": 0.996957215391612}, "server2": {"avg_delay": 6.3685876131758805, "avg_queue_size": 5.870611835506519, "server_freq": 0.9839577732651417}}