{"server1": {"avg_delay": 2.594860037999887, "avg_queue_size": 1.9166666666666667, "server_freq": 0.9414169528740216}, "server2": {"avg_delay": 5.10548619482221, "avg_queue_size": 4.170912951167728, "server_freq": 0.9394181907660087}}