{"server1": {"avg_delay": 2.720141252372196, "avg_queue_size": 2.0639593908629443, "server_freq": 0.9819211679429872}, "server2": {"avg_delay": 8.52241149444915, "avg_queue_size": 7.625254582484725, "server_freq": 0.9799213284970748}}