{"server1": {"avg_delay": 3.1218418908053795, "avg_queue_size": 2.1820083682008367, "server_freq": 0.9516641108592644}, "server2": {"avg_delay": 5.2270845251751465, "avg_queue_size": 4.371848739495798, "server_freq": 0.9406679919312687}}