{"server1": {"avg_delay": 2.7621407819524277, "avg_queue_size": 2.0745658835546474, "server_freq": 0.9719454716934136}, "server2": {"avg_delay": 7.240248348297844, "avg_queue_size": 6.198559670781893, "server_freq": 0.9639459204860603}}