{"server1": {"avg_delay": 3.5623357146334738, "avg_queue_size": 2.811694747274529, "server_freq": 0.9987866372948822}, "server2": {"avg_delay": 7.527648765722948, "avg_queue_size": 6.633633633633633, "server_freq": 0.9897885594814148}}