{"server1": {"avg_delay": 2.3850043789233153, "avg_queue_size": 1.6422764227642277, "server_freq": 0.9828893653522098}, "server2": {"avg_delay": 7.757483072780045, "avg_queue_size": 6.71849593495935, "server_freq": 0.9768961375146964}}