{"server1": {"avg_delay": 3.0931064901891077, "avg_queue_size": 2.488038277511962, "server_freq": 1.0403996394870638}, "server2": {"avg_delay": 8.699345392370166, "avg_queue_size": 8.51969260326609, "server_freq": 1.0184123272212469}}