{"server1": {"avg_delay": 3.413571833248703, "avg_queue_size": 2.4478844169246647, "server_freq": 0.9684061162403478}, "server2": {"avg_delay": 9.769662063639183, "avg_queue_size": 8.546955624355006, "server_freq": 0.9644085677728953}}