{"server1": {"avg_delay": 2.7214307028586897, "avg_queue_size": 2.0425742574257426, "server_freq": 1.0098871218200245}, "server2": {"avg_delay": 8.165595295154342, "avg_queue_size": 7.3376237623762375, "server_freq": 1.006887457101747}}