{"server1": {"avg_delay": 3.202944235647161, "avg_queue_size": 2.5341796875, "server_freq": 1.0199558217497942}, "server2": {"avg_delay": 6.260512805066493, "avg_queue_size": 5.753921568627451, "server_freq": 1.0199558217497942}}