{"server1": {"avg_delay": 2.866912420387094, "avg_queue_size": 2.219488188976378, "server_freq": 1.014942961508853}, "server2": {"avg_delay": 8.598451301920562, "avg_queue_size": 7.743110236220472, "server_freq": 1.0029554462154413}}