{"server1": {"avg_delay": 2.266611522570534, "avg_queue_size": 1.5514780835881754, "server_freq": 0.9770095283433113}, "server2": {"avg_delay": 6.163876830379221, "avg_queue_size": 5.131901840490798, "server_freq": 0.964022694121979}}