{"server1": {"avg_delay": 2.667114099214516, "avg_queue_size": 2.2647637795275593, "server_freq": 1.010601685767156}, "server2": {"avg_delay": 9.082457450035657, "avg_queue_size": 8.072205736894164, "server_freq": 1.0006056255716351}}