{"server1": {"avg_delay": 2.5271300386526168, "avg_queue_size": 1.8356020942408378, "server_freq": 0.9537400371068799}, "server2": {"avg_delay": 5.727247434608354, "avg_queue_size": 4.772536687631027, "server_freq": 0.9477416720936291}}