{"server1": {"avg_delay": 3.5488033149440237, "avg_queue_size": 2.9245283018867925, "server_freq": 1.0067246784863453}, "server2": {"avg_delay": 10.215614399376388, "avg_queue_size": 9.670307845084409, "server_freq": 1.0037254987093254}}