{"server1": {"avg_delay": 2.877622068024929, "avg_queue_size": 2.2452642073778666, "server_freq": 1.0008442621977738}, "server2": {"avg_delay": 9.806041438566377, "avg_queue_size": 8.826173826173827, "server_freq": 0.9958450401088738}}