{"server1": {"avg_delay": 2.674429762925819, "avg_queue_size": 1.9950099800399201, "server_freq": 0.999894784571954}, "server2": {"avg_delay": 7.587061895716114, "avg_queue_size": 6.467, "server_freq": 0.9988948897873821}}