{"server1": {"avg_delay": 3.22971800474884, "avg_queue_size": 2.4342359767891684, "server_freq": 1.0329808741771331}, "server2": {"avg_delay": 7.380408491337133, "avg_queue_size": 6.972920696324952, "server_freq": 1.0179956584008691}}