{"server1": {"avg_delay": 2.7325297676929545, "avg_queue_size": 2.097782258064516, "server_freq": 0.990559588212276}, "server2": {"avg_delay": 6.796818688513923, "avg_queue_size": 5.894153225806452, "server_freq": 0.9755813686324533}}