{"server1": {"avg_delay": 2.5979279392006664, "avg_queue_size": 1.9446680080482897, "server_freq": 0.9914347308045358}, "server2": {"avg_delay": 7.755942741960318, "avg_queue_size": 6.995967741935484, "server_freq": 0.9874370101158079}}