{"server1": {"avg_delay": 3.3561728034474503, "avg_queue_size": 2.7278782112274023, "server_freq": 1.0486845202423039}, "server2": {"avg_delay": 13.980980292247509, "avg_queue_size": 13.471877979027646, "server_freq": 1.0406869261889784}}