{"server1": {"avg_delay": 2.8169468785383627, "avg_queue_size": 2.156122448979592, "server_freq": 0.9779069630583583}, "server2": {"avg_delay": 5.689159679246311, "avg_queue_size": 4.868098159509202, "server_freq": 0.9749072484477499}}