{"server1": {"avg_delay": 3.93014048999852, "avg_queue_size": 2.920700308959835, "server_freq": 0.9668618268743752}, "server2": {"avg_delay": 4.586447836568959, "avg_queue_size": 3.68976215098242, "server_freq": 0.963862255539708}}