{"server1": {"avg_delay": 2.4465719901745695, "avg_queue_size": 1.8333333333333333, "server_freq": 0.9638709337893687}, "server2": {"avg_delay": 6.106995826731569, "avg_queue_size": 4.878630705394191, "server_freq": 0.9608713354477005}}