{"server1": {"avg_delay": 2.66299190727489, "avg_queue_size": 1.9848331648129425, "server_freq": 0.9881782507719157}, "server2": {"avg_delay": 5.037965243112094, "avg_queue_size": 4.264914054600607, "server_freq": 0.9821832361059586}}