{"server1": {"avg_delay": 2.7032397572649853, "avg_queue_size": 2.052313883299799, "server_freq": 0.9932473317045766}, "server2": {"avg_delay": 5.333016550904144, "avg_queue_size": 4.484909456740443, "server_freq": 0.9932473317045766}}