{"server1": {"avg_delay": 2.875218716403962, "avg_queue_size": 2.2217898832684826, "server_freq": 1.0255686058128202}, "server2": {"avg_delay": 8.650906627903323, "avg_queue_size": 8.393762183235868, "server_freq": 1.0085757536697226}}