{"server1": {"avg_delay": 3.862000843233224, "avg_queue_size": 3.431166347992352, "server_freq": 1.0458979530130397}, "server2": {"avg_delay": 28.232981361513577, "avg_queue_size": 27.989483747609942, "server_freq": 1.007901660264956}}