{"server1": {"avg_delay": 2.5762012685264417, "avg_queue_size": 1.8085977482088025, "server_freq": 0.9767291569927392}, "server2": {"avg_delay": 5.778612910892475, "avg_queue_size": 5.060388945752303, "server_freq": 0.9707308203070111}}