{"server1": {"avg_delay": 2.6231495555816977, "avg_queue_size": 1.9110651499482938, "server_freq": 0.9669880298239985}, "server2": {"avg_delay": 5.640179062985487, "avg_queue_size": 4.660806618407446, "server_freq": 0.9629880793386871}}