{"server1": {"avg_delay": 2.311385051817492, "avg_queue_size": 1.5717344753747324, "server_freq": 0.9319706173644683}, "server2": {"avg_delay": 6.4313106351741265, "avg_queue_size": 5.115879828326181, "server_freq": 0.9319706173644683}}