{"server1": {"avg_delay": 3.260303001294424, "avg_queue_size": 2.7959381044487426, "server_freq": 1.0329265290840992}, "server2": {"avg_delay": 10.41909596311311, "avg_queue_size": 9.999031945788964, "server_freq": 1.023927169198565}}