{"server1": {"avg_delay": 3.079195497119706, "avg_queue_size": 2.6198662846227316, "server_freq": 1.0455499511542574}, "server2": {"avg_delay": 6.92519535469528, "avg_queue_size": 6.430210325047801, "server_freq": 1.027557695780666}}