{"server1": {"avg_delay": 3.7152651008784705, "avg_queue_size": 2.968968968968969, "server_freq": 0.9987466619172548}, "server2": {"avg_delay": 9.001751819052023, "avg_queue_size": 8.282282282282281, "server_freq": 0.9927481834673013}}