{"server1": {"avg_delay": 3.2761700907573084, "avg_queue_size": 2.4760956175298805, "server_freq": 1.0036797486726072}, "server2": {"avg_delay": 7.153872482791379, "avg_queue_size": 6.1892430278884465, "server_freq": 1.0006807055988842}}