{"server1": {"avg_delay": 3.7740683477992536, "avg_queue_size": 3.3390752493200364, "server_freq": 1.0979017996325957}, "server2": {"avg_delay": 21.335009593078688, "avg_queue_size": 22.716757741347905, "server_freq": 1.0949020679396104}}