{"server1": {"avg_delay": 3.00303242178324, "avg_queue_size": 2.4094025465230167, "server_freq": 1.0197402438719207}, "server2": {"avg_delay": 6.153782862239312, "avg_queue_size": 5.492156862745098, "server_freq": 1.0137417718491446}}