{"server1": {"avg_delay": 2.6707762995070645, "avg_queue_size": 1.939571150097466, "server_freq": 1.0241181579004737}, "server2": {"avg_delay": 7.857830632154683, "avg_queue_size": 7.059512195121951, "server_freq": 1.0181233199030075}}