{"server1": {"avg_delay": 3.18551566484356, "avg_queue_size": 2.49800796812749, "server_freq": 0.9998684553292503}, "server2": {"avg_delay": 6.181262872424868, "avg_queue_size": 5.534, "server_freq": 0.9948691130526041}}