{"server1": {"avg_delay": 3.8167942071211254, "avg_queue_size": 3.2333333333333334, "server_freq": 1.0495698287909851}, "server2": {"avg_delay": 4.812567809440896, "avg_queue_size": 4.3723809523809525, "server_freq": 1.045571467538448}}