{"server1": {"avg_delay": 2.611855537102341, "avg_queue_size": 1.7917917917917918, "server_freq": 0.9957448707196255}, "server2": {"avg_delay": 5.965064371912228, "avg_queue_size": 5.063253012048193, "server_freq": 0.9797489691819609}}