{"server1": {"avg_delay": 4.855093076077133, "avg_queue_size": 4.231490159325211, "server_freq": 1.0664491304509658}, "server2": {"avg_delay": 26.07037115267388, "avg_queue_size": 26.636363636363637, "server_freq": 1.0254702978844337}}