{"server1": {"avg_delay": 3.836397653917562, "avg_queue_size": 2.939516129032258, "server_freq": 0.9870794391623404}, "server2": {"avg_delay": 7.102717406613379, "avg_queue_size": 5.962550607287449, "server_freq": 0.9830831661292946}}