{"server1": {"avg_delay": 3.150127848012015, "avg_queue_size": 2.3763763763763763, "server_freq": 0.996828745902868}, "server2": {"avg_delay": 6.554447372761855, "avg_queue_size": 5.557673019057171, "server_freq": 0.9878302918275161}}