{"server1": {"avg_delay": 2.3252547778056476, "avg_queue_size": 1.6849173553719008, "server_freq": 0.9664110665456512}, "server2": {"avg_delay": 6.211638727782094, "avg_queue_size": 5.236814891416753, "server_freq": 0.9644122846086385}}