{"server1": {"avg_delay": 3.254971057042617, "avg_queue_size": 2.6068204613841526, "server_freq": 0.9939990190376053}, "server2": {"avg_delay": 6.049950996466326, "avg_queue_size": 4.989939637826962, "server_freq": 0.9909990219982565}}