{"server1": {"avg_delay": 2.5871553063963386, "avg_queue_size": 2.0181451612903225, "server_freq": 0.9908459614279079}, "server2": {"avg_delay": 11.416441480055466, "avg_queue_size": 10.354187689202826, "server_freq": 0.984846894052966}}