{"server1": {"avg_delay": 2.639858694619809, "avg_queue_size": 1.9765066394279878, "server_freq": 0.9779893307972546}, "server2": {"avg_delay": 6.5281779649489415, "avg_queue_size": 5.384458077709612, "server_freq": 0.9669894507985124}}