{"server1": {"avg_delay": 3.018336703821463, "avg_queue_size": 2.224948875255624, "server_freq": 0.9711613717821209}, "server2": {"avg_delay": 4.7784970559449995, "avg_queue_size": 3.794238683127572, "server_freq": 0.9711613717821209}}