{"server1": {"avg_delay": 2.538418173916267, "avg_queue_size": 1.8448979591836734, "server_freq": 0.9786421612371579}, "server2": {"avg_delay": 4.430073536996653, "avg_queue_size": 3.758937691521961, "server_freq": 0.9746436232954331}}