{"server1": {"avg_delay": 2.978238667246021, "avg_queue_size": 2.4851190476190474, "server_freq": 0.9983592027310867}, "server2": {"avg_delay": 14.056261113628288, "avg_queue_size": 12.95095095095095, "server_freq": 0.9873662585568704}}