{"server1": {"avg_delay": 4.6608821715318935, "avg_queue_size": 4.02422480620155, "server_freq": 1.0218899048904408}, "server2": {"avg_delay": 10.40652642277002, "avg_queue_size": 9.644814090019569, "server_freq": 1.0078914130426266}}