{"server1": {"avg_delay": 2.840600777475826, "avg_queue_size": 2.127461139896373, "server_freq": 0.9629965088140373}, "server2": {"avg_delay": 10.420434215903388, "avg_queue_size": 9.172377985462097, "server_freq": 0.9439965776951726}}