{"server1": {"avg_delay": 3.0726526681245407, "avg_queue_size": 2.5394990366088632, "server_freq": 1.0327594191422578}, "server2": {"avg_delay": 14.901525057892044, "avg_queue_size": 14.913843175217812, "server_freq": 1.0197624467813193}}