{"server1": {"avg_delay": 2.1760427793186987, "avg_queue_size": 1.6877510040160641, "server_freq": 0.9954975142228218}, "server2": {"avg_delay": 9.2411747716965, "avg_queue_size": 8.752008032128513, "server_freq": 0.9924990277341988}}