{"server1": {"avg_delay": 2.892137302721981, "avg_queue_size": 2.143730886850153, "server_freq": 0.9809518530644222}, "server2": {"avg_delay": 5.506616232202776, "avg_queue_size": 4.617737003058104, "server_freq": 0.9789519512233122}}