{"server1": {"avg_delay": 3.507784941676735, "avg_queue_size": 2.949203187250996, "server_freq": 0.9987591166724187}, "server2": {"avg_delay": 8.73211335462227, "avg_queue_size": 7.723723723723723, "server_freq": 0.9927605634191309}}