{"server1": {"avg_delay": 3.1898609111279717, "avg_queue_size": 2.6685768863419295, "server_freq": 1.0460188122601195}, "server2": {"avg_delay": 13.660541444626865, "avg_queue_size": 13.298949379178605, "server_freq": 1.0190441150958183}}