{"server1": {"avg_delay": 2.1329866025347215, "avg_queue_size": 1.4442148760330578, "server_freq": 0.9659585054968167}, "server2": {"avg_delay": 6.12451166235799, "avg_queue_size": 5.163561076604555, "server_freq": 0.964958548451789}}