{"server1": {"avg_delay": 2.7047208060108106, "avg_queue_size": 1.9665991902834008, "server_freq": 0.9863459120690857}, "server2": {"avg_delay": 7.883880980399813, "avg_queue_size": 6.488866396761134, "server_freq": 0.9813542829594243}}