{"server1": {"avg_delay": 2.622687631303493, "avg_queue_size": 2.003027245206862, "server_freq": 0.9908678534642151}, "server2": {"avg_delay": 5.769723830590314, "avg_queue_size": 4.853683148335016, "server_freq": 0.9898679868108707}}