{"server1": {"avg_delay": 3.1105419847946463, "avg_queue_size": 2.546875, "server_freq": 1.01594632547314}, "server2": {"avg_delay": 8.629316697656598, "avg_queue_size": 8.089566929133857, "server_freq": 1.0119465367901748}}