{"server1": {"avg_delay": 2.908652192456201, "avg_queue_size": 2.156186612576065, "server_freq": 0.9819528013615595}, "server2": {"avg_delay": 10.45364294857513, "avg_queue_size": 9.173116089613035, "server_freq": 0.9589539068286512}}