{"server1": {"avg_delay": 2.547936140072162, "avg_queue_size": 1.9467871485943775, "server_freq": 0.9951824454237642}, "server2": {"avg_delay": 9.667175014690741, "avg_queue_size": 8.70582329317269, "server_freq": 0.9831922954788996}}