{"server1": {"avg_delay": 8.447736995595053, "avg_queue_size": 9.513274336283185, "server_freq": 1.0778162853496582}, "server2": {"avg_delay": 0, "avg_queue_size": 0.0, "server_freq": 1.076816455771412}}