{"server1": {"avg_delay": 5.083570322894736, "avg_queue_size": 6.064064064064064, "server_freq": 1.1404776375044687}, "server2": {"avg_delay": 0, "avg_queue_size": 0.0, "server_freq": 1.1394780953155954}}