{"server1": {"avg_delay": 8.132748059486355, "avg_queue_size": 8.636178861788618, "server_freq": 1.0745795011958923}, "server2": {"avg_delay": 0, "avg_queue_size": 0.0, "server_freq": 1.0735798923575706}}