{"server1": {"avg_delay": 7.1643231934840035, "avg_queue_size": 8.200975609756098, "server_freq": 1.1335372884914785}, "server2": {"avg_delay": 0, "avg_queue_size": 0.0, "server_freq": 1.1325376965263183}}