{"server1": {"avg_delay": 6.880643197912231, "avg_queue_size": 8.355121951219513, "server_freq": 1.1198175316952423}, "server2": {"avg_delay": 0, "avg_queue_size": 0.0, "server_freq": 1.1188176946133714}}