{"server1": {"avg_delay": 20.96386528589766, "avg_queue_size": 22.105517909002906, "server_freq": 1.039584759876778}, "server2": {"avg_delay": 0, "avg_queue_size": 0.0, "server_freq": 1.0385851591461273}}