{"server1": {"avg_delay": 8.611639812819185, "avg_queue_size": 9.515270935960592, "server_freq": 1.1107810554756805}, "server2": {"avg_delay": 0, "avg_queue_size": 0.0, "server_freq": 1.1097812525454593}}