{"server1": {"avg_delay": 7.7559658788887464, "avg_queue_size": 8.692307692307692, "server_freq": 1.1499595083639504}, "server2": {"avg_delay": 0, "avg_queue_size": 0.0, "server_freq": 1.1489604123532087}}