{"server1": {"avg_delay": 8.019061393034741, "avg_queue_size": 8.872727272727273, "server_freq": 1.076981389907025}, "server2": {"avg_delay": 0, "avg_queue_size": 0.0, "server_freq": 1.0759814071865914}}