{"server1": {"avg_delay": 6.616376342579252, "avg_queue_size": 7.577712609970675, "server_freq": 1.1235903543463694}, "server2": {"avg_delay": 0, "avg_queue_size": 0.0, "server_freq": 1.1225907187997979}}