{"server1": {"avg_delay": 15.108432003143957, "avg_queue_size": 16.161508704061895, "server_freq": 1.0549717597183317}, "server2": {"avg_delay": 0, "avg_queue_size": 0.0, "server_freq": 1.0539717864863711}}