{"server1": {"avg_delay": 12.250761543363785, "avg_queue_size": 13.60303893637227, "server_freq": 1.0753076927943337}, "server2": {"avg_delay": 0, "avg_queue_size": 0.0, "server_freq": 1.0743083362025174}}