{"server1": {"avg_delay": 6.886816640531857, "avg_queue_size": 8.060120240480963, "server_freq": 1.0646506451037283}, "server2": {"avg_delay": 0, "avg_queue_size": 0.0, "server_freq": 1.0636509731364947}}