{"server1": {"avg_delay": 6.075701254855899, "avg_queue_size": 7.19234543670265, "server_freq": 1.1589563854568417}, "server2": {"avg_delay": 0, "avg_queue_size": 0.0, "server_freq": 1.1579564230880266}}