{"server1": {"avg_delay": 8.448585799307256, "avg_queue_size": 9.413861386138613, "server_freq": 1.0813912816613127}, "server2": {"avg_delay": 0, "avg_queue_size": 0.0, "server_freq": 1.0803918442475775}}