{"server1": {"avg_delay": 7.609488477434237, "avg_queue_size": 8.645669291338583, "server_freq": 1.1011269020135908}, "server2": {"avg_delay": 0, "avg_queue_size": 0.0, "server_freq": 1.1001276942985148}}