{"server1": {"avg_delay": 8.408256975396863, "avg_queue_size": 9.586872586872587, "server_freq": 1.1293946410090454}, "server2": {"avg_delay": 0, "avg_queue_size": 0.0, "server_freq": 1.1283951767249665}}