{"server1": {"avg_delay": 6.6974449307122175, "avg_queue_size": 7.648675171736997, "server_freq": 1.1294878898106218}, "server2": {"avg_delay": 0, "avg_queue_size": 0.0, "server_freq": 1.1284883430054795}}