{"server1": {"avg_delay": 6.8444084028781065, "avg_queue_size": 7.590130916414904, "server_freq": 1.1086687486057532}, "server2": {"avg_delay": 0, "avg_queue_size": 0.0, "server_freq": 1.107669047299526}}