{"server1": {"avg_delay": 7.031914051168642, "avg_queue_size": 8.221789883268482, "server_freq": 1.1364317166606108}, "server2": {"avg_delay": 0, "avg_queue_size": 0.0, "server_freq": 1.135432216470056}}