{"server1": {"avg_delay": 4.225357672535111, "avg_queue_size": 4.923702950152594, "server_freq": 1.1414391961298562}, "server2": {"avg_delay": 0, "avg_queue_size": 0.0, "server_freq": 1.1404396872015463}}