{"server1": {"avg_delay": 6.150168406341944, "avg_queue_size": 6.86060606060606, "server_freq": 1.102749014226596}, "server2": {"avg_delay": 0, "avg_queue_size": 0.0, "server_freq": 1.1017492417748949}}