{"server1": {"avg_delay": 7.581736106331786, "avg_queue_size": 8.53048780487805, "server_freq": 1.0926271815489152}, "server2": {"avg_delay": 0, "avg_queue_size": 0.0, "server_freq": 1.0916275226453938}}