{"server1": {"avg_delay": 5.518520974450998, "avg_queue_size": 6.809160305343512, "server_freq": 1.1631271580565117}, "server2": {"avg_delay": 0, "avg_queue_size": 0.0, "server_freq": 1.1621279079207243}}