{"server1": {"avg_delay": 8.693670169804532, "avg_queue_size": 9.797709923664122, "server_freq": 1.109639068577246}, "server2": {"avg_delay": 0, "avg_queue_size": 0.0, "server_freq": 1.1086393937406898}}