{"server1": {"avg_delay": 4.696864521400299, "avg_queue_size": 5.431556948798328, "server_freq": 1.0885798870041161}, "server2": {"avg_delay": 0, "avg_queue_size": 0.0, "server_freq": 1.0875802727828086}}