{"server1": {"avg_delay": 11.389021339119333, "avg_queue_size": 12.833018867924528, "server_freq": 1.0917878892063309}, "server2": {"avg_delay": 0, "avg_queue_size": 0.0, "server_freq": 1.0907880834469845}}