{"server1": {"avg_delay": 4.923000039920533, "avg_queue_size": 5.6291322314049586, "server_freq": 1.1204672824199007}, "server2": {"avg_delay": 0, "avg_queue_size": 0.0, "server_freq": 1.1194677576362968}}