{"server1": {"avg_delay": 7.28587353233618, "avg_queue_size": 8.212787212787212, "server_freq": 1.1204818934156637}, "server2": {"avg_delay": 0, "avg_queue_size": 0.0, "server_freq": 1.1194823555981652}}