{"server1": {"avg_delay": 9.766100548319582, "avg_queue_size": 10.831692913385826, "server_freq": 1.1038724393536892}, "server2": {"avg_delay": 0, "avg_queue_size": 0.0, "server_freq": 1.102872554897753}}