{"server1": {"avg_delay": 6.636873126148995, "avg_queue_size": 7.573205741626794, "server_freq": 1.0966204025336985}, "server2": {"avg_delay": 0, "avg_queue_size": 0.0, "server_freq": 1.095620748566029}}