{"server1": {"avg_delay": 17.151825127841565, "avg_queue_size": 18.844488188976378, "server_freq": 1.0898059975856826}, "server2": {"avg_delay": 0, "avg_queue_size": 0.0, "server_freq": 1.088806175569549}}