{"server1": {"avg_delay": 4.08612243345266, "avg_queue_size": 4.748728382502543, "server_freq": 1.1421388227901517}, "server2": {"avg_delay": 0, "avg_queue_size": 0.0, "server_freq": 1.1411395762260308}}