{"server1": {"avg_delay": 6.953564839542015, "avg_queue_size": 7.829170829170829, "server_freq": 1.1221750004062663}, "server2": {"avg_delay": 0, "avg_queue_size": 0.0, "server_freq": 1.1211757350452634}}