{"server1": {"avg_delay": 6.7321645997246415, "avg_queue_size": 7.4425742574257425, "server_freq": 1.0734292533161047}, "server2": {"avg_delay": 0, "avg_queue_size": 0.0, "server_freq": 1.072429784737598}}