{"server1": {"avg_delay": 12.169740007152518, "avg_queue_size": 13.280876494023904, "server_freq": 1.0637559471550089}, "server2": {"avg_delay": 0, "avg_queue_size": 0.0, "server_freq": 1.0627561765279836}}