{"server1": {"avg_delay": 9.0535598896112, "avg_queue_size": 9.859169199594731, "server_freq": 1.077996811906895}, "server2": {"avg_delay": 0, "avg_queue_size": 0.0, "server_freq": 1.0769968148643096}}