{"server1": {"avg_delay": 7.638418863547852, "avg_queue_size": 8.46267087276551, "server_freq": 1.1009364394816366}, "server2": {"avg_delay": 0, "avg_queue_size": 0.0, "server_freq": 1.0999364972114443}}