{"server1": {"avg_delay": 6.540878057447853, "avg_queue_size": 7.171954964176049, "server_freq": 1.1155687388417626}, "server2": {"avg_delay": 0, "avg_queue_size": 0.0, "server_freq": 1.1145691252764922}}