{"server1": {"avg_delay": 6.061941075812574, "avg_queue_size": 7.326685660018994, "server_freq": 1.1699549496938557}, "server2": {"avg_delay": 0, "avg_queue_size": 0.0, "server_freq": 1.168954988198391}}