{"server1": {"avg_delay": 6.554520881979688, "avg_queue_size": 7.135892116182573, "server_freq": 1.0562477825585819}, "server2": {"avg_delay": 0, "avg_queue_size": 0.0, "server_freq": 1.0552484942117906}}