{"server1": {"avg_delay": 6.350069645838492, "avg_queue_size": 6.942540322580645, "server_freq": 1.1206324042345415}, "server2": {"avg_delay": 0, "avg_queue_size": 0.0, "server_freq": 1.1196327321522628}}