{"server1": {"avg_delay": 5.8416570084413255, "avg_queue_size": 6.685393258426966, "server_freq": 1.1154437118666394}, "server2": {"avg_delay": 0, "avg_queue_size": 0.0, "server_freq": 1.1144442103327088}}