{"server1": {"avg_delay": 4.310355827311798, "avg_queue_size": 5.13298969072165, "server_freq": 1.1395106168314142}, "server2": {"avg_delay": 0, "avg_queue_size": 0.0, "server_freq": 1.1385110461148955}}