{"server1": {"avg_delay": 9.21499698659298, "avg_queue_size": 10.799612778315586, "server_freq": 1.1299465202489183}, "server2": {"avg_delay": 0, "avg_queue_size": 0.0, "server_freq": 1.1289465675761317}}