{"server1": {"avg_delay": 8.849409704968558, "avg_queue_size": 9.62589928057554, "server_freq": 1.0930864446394457}, "server2": {"avg_delay": 0, "avg_queue_size": 0.0, "server_freq": 1.0920872796991903}}