{"server1": {"avg_delay": 7.434327030393615, "avg_queue_size": 8.473942969518191, "server_freq": 1.1337436270746757}, "server2": {"avg_delay": 0, "avg_queue_size": 0.0, "server_freq": 1.1327447340111738}}