{"server1": {"avg_delay": 8.420710762104518, "avg_queue_size": 9.036326942482342, "server_freq": 1.0733190106897188}, "server2": {"avg_delay": 0, "avg_queue_size": 0.0, "server_freq": 1.0723196447579777}}