{"server1": {"avg_delay": 5.938931728943229, "avg_queue_size": 6.963220675944334, "server_freq": 1.1514994677299228}, "server2": {"avg_delay": 0, "avg_queue_size": 0.0, "server_freq": 1.1504999022197406}}