{"server1": {"avg_delay": 5.182133033254143, "avg_queue_size": 6.255653883972468, "server_freq": 1.2101652308359445}, "server2": {"avg_delay": 0, "avg_queue_size": 0.0, "server_freq": 1.209165920158128}}