{"server1": {"avg_delay": 12.063595356174224, "avg_queue_size": 13.637142857142857, "server_freq": 1.111738002682192}, "server2": {"avg_delay": 0, "avg_queue_size": 0.0, "server_freq": 1.1107382382912907}}