{"server1": {"avg_delay": 6.099400264266464, "avg_queue_size": 6.795031055900621, "server_freq": 1.0757297971084372}, "server2": {"avg_delay": 0, "avg_queue_size": 0.0, "server_freq": 1.0747309764983086}}