{"server1": {"avg_delay": 9.66362517598496, "avg_queue_size": 10.79784102060844, "server_freq": 1.1099770769104702}, "server2": {"avg_delay": 0, "avg_queue_size": 0.0, "server_freq": 1.1089770975619022}}