{"server1": {"avg_delay": 7.427566653106876, "avg_queue_size": 8.454456415279138, "server_freq": 1.1187238522961072}, "server2": {"avg_delay": 0, "avg_queue_size": 0.0, "server_freq": 1.1177240990768968}}