{"server1": {"avg_delay": 5.4334975828161625, "avg_queue_size": 6.382411067193676, "server_freq": 1.1353781945496515}, "server2": {"avg_delay": 0, "avg_queue_size": 0.0, "server_freq": 1.1343787419136042}}