{"server1": {"avg_delay": 10.11856304771696, "avg_queue_size": 11.381231671554252, "server_freq": 1.139449385806154}, "server2": {"avg_delay": 0, "avg_queue_size": 0.0, "server_freq": 1.138449868801061}}