{"server1": {"avg_delay": 6.875412346886941, "avg_queue_size": 7.592173017507724, "server_freq": 1.0744793483968633}, "server2": {"avg_delay": 0, "avg_queue_size": 0.0, "server_freq": 1.073479832723936}}