{"server1": {"avg_delay": 3.6564053375126115, "avg_queue_size": 4.307609860664523, "server_freq": 1.1252558280221143}, "server2": {"avg_delay": 0, "avg_queue_size": 0.0, "server_freq": 1.1242564889208513}}