{"server1": {"avg_delay": 5.666244617335351, "avg_queue_size": 6.377131394182547, "server_freq": 1.1309361806521174}, "server2": {"avg_delay": 0, "avg_queue_size": 0.0, "server_freq": 1.1299362370794808}}