{"server1": {"avg_delay": 6.8368852649305625, "avg_queue_size": 7.910372608257805, "server_freq": 1.1709772388626667}, "server2": {"avg_delay": 0, "avg_queue_size": 0.0, "server_freq": 1.169977258300017}}