{"server1": {"avg_delay": 6.756766457687547, "avg_queue_size": 7.275406504065041, "server_freq": 1.0947767634374594}, "server2": {"avg_delay": 0, "avg_queue_size": 0.0, "server_freq": 1.0937769673064663}}