{"server1": {"avg_delay": 9.550607844007626, "avg_queue_size": 10.615535889872174, "server_freq": 1.1198171639330157}, "server2": {"avg_delay": 0, "avg_queue_size": 0.0, "server_freq": 1.1188173271795039}}