{"server1": {"avg_delay": 5.656589409302544, "avg_queue_size": 6.288501026694045, "server_freq": 1.086614514526596}, "server2": {"avg_delay": 0, "avg_queue_size": 0.0, "server_freq": 1.0856148691590461}}