{"server1": {"avg_delay": 4.490289591739686, "avg_queue_size": 5.165813715455476, "server_freq": 1.1331392838777408}, "server2": {"avg_delay": 0, "avg_queue_size": 0.0, "server_freq": 1.1321400428866668}}