{"server1": {"avg_delay": 19.483381676371422, "avg_queue_size": 20.65730880929332, "server_freq": 1.071704051361193}, "server2": {"avg_delay": 0, "avg_queue_size": 0.0, "server_freq": 1.0707052591418442}}