{"server1": {"avg_delay": 7.267176815211433, "avg_queue_size": 7.9187242798353905, "server_freq": 1.0319853122086808}, "server2": {"avg_delay": 0, "avg_queue_size": 0.0, "server_freq": 1.030985326441037}}