{"server1": {"avg_delay": 6.046193219948116, "avg_queue_size": 7.0188492063492065, "server_freq": 1.1095796282682147}, "server2": {"avg_delay": 0, "avg_queue_size": 0.0, "server_freq": 1.1085800069814866}}