{"server1": {"avg_delay": 4.513866461462613, "avg_queue_size": 5.121900826446281, "server_freq": 1.1245614435417055}, "server2": {"avg_delay": 0, "avg_queue_size": 0.0, "server_freq": 1.1235618333696684}}