{"server1": {"avg_delay": 5.175907265066367, "avg_queue_size": 6.1351084812623276, "server_freq": 1.1435533351068774}, "server2": {"avg_delay": 0, "avg_queue_size": 0.0, "server_freq": 1.1425545985696661}}