{"server1": {"avg_delay": 14.464432103129306, "avg_queue_size": 15.938715953307392, "server_freq": 1.0908748920667846}, "server2": {"avg_delay": 0, "avg_queue_size": 0.0, "server_freq": 1.0898750067395007}}