{"server1": {"avg_delay": 5.2798672829319475, "avg_queue_size": 6.547502448579824, "server_freq": 1.1529024258912397}, "server2": {"avg_delay": 0, "avg_queue_size": 0.0, "server_freq": 1.1519025105175267}}