{"server1": {"avg_delay": 5.661087672515445, "avg_queue_size": 6.566502463054187, "server_freq": 1.1439266046111698}, "server2": {"avg_delay": 0, "avg_queue_size": 0.0, "server_freq": 1.1429266687679782}}