{"server1": {"avg_delay": 4.75501526022168, "avg_queue_size": 5.3312101910828025, "server_freq": 1.075989168394386}, "server2": {"avg_delay": 0, "avg_queue_size": 0.0, "server_freq": 1.074989178460934}}