{"server1": {"avg_delay": 7.736556746494137, "avg_queue_size": 9.035204567078972, "server_freq": 1.121756872392042}, "server2": {"avg_delay": 0, "avg_queue_size": 0.0, "server_freq": 1.1207570890833147}}