{"server1": {"avg_delay": 5.69787125066308, "avg_queue_size": 6.4535353535353535, "server_freq": 1.1188257316809904}, "server2": {"avg_delay": 0, "avg_queue_size": 0.0, "server_freq": 1.1178267801348467}}