{"server1": {"avg_delay": 6.218407007078869, "avg_queue_size": 7.005208333333333, "server_freq": 1.1378732083191454}, "server2": {"avg_delay": 0, "avg_queue_size": 0.0, "server_freq": 1.1368741976006913}}