{"server1": {"avg_delay": 7.1379777248413445, "avg_queue_size": 8.016064257028113, "server_freq": 1.0669681444682326}, "server2": {"avg_delay": 0, "avg_queue_size": 0.0, "server_freq": 1.065968174323464}}