{"server1": {"avg_delay": 7.1045466943009625, "avg_queue_size": 7.9980392156862745, "server_freq": 1.080314287380295}, "server2": {"avg_delay": 0, "avg_queue_size": 0.0, "server_freq": 1.079315845340202}}