{"server1": {"avg_delay": 9.988036261081879, "avg_queue_size": 10.913260219341973, "server_freq": 1.0725662893678003}, "server2": {"avg_delay": 0, "avg_queue_size": 0.0, "server_freq": 1.0715666935715582}}