{"server1": {"avg_delay": 10.753314368539243, "avg_queue_size": 12.53, "server_freq": 1.1017321980460875}, "server2": {"avg_delay": 0, "avg_queue_size": 0.0, "server_freq": 1.100733347458557}}