{"server1": {"avg_delay": 5.570167988239059, "avg_queue_size": 6.517932489451477, "server_freq": 1.1050556153832112}, "server2": {"avg_delay": 0, "avg_queue_size": 0.0, "server_freq": 1.1040564692571866}}