{"server1": {"avg_delay": 7.187282703563376, "avg_queue_size": 8.122554067971164, "server_freq": 1.1419390709720203}, "server2": {"avg_delay": 0, "avg_queue_size": 0.0, "server_freq": 1.1409391243249345}}