{"server1": {"avg_delay": 10.795502515285353, "avg_queue_size": 12.166986564299425, "server_freq": 1.102715215697093}, "server2": {"avg_delay": 0, "avg_queue_size": 0.0, "server_freq": 1.1017154738877573}}