{"server1": {"avg_delay": 11.364331192686224, "avg_queue_size": 12.66194523135033, "server_freq": 1.113795078435209}, "server2": {"avg_delay": 0, "avg_queue_size": 0.0, "server_freq": 1.1127952623863444}}