{"server1": {"avg_delay": 6.412118708989597, "avg_queue_size": 7.538844621513944, "server_freq": 1.145446444388803}, "server2": {"avg_delay": 0, "avg_queue_size": 0.0, "server_freq": 1.1444469274216225}}