{"server1": {"avg_delay": 8.539825365392991, "avg_queue_size": 9.854207436399218, "server_freq": 1.1240560948038156}, "server2": {"avg_delay": 0, "avg_queue_size": 0.0, "server_freq": 1.1230569338306566}}