{"server1": {"avg_delay": 7.219727619289022, "avg_queue_size": 8.04382470119522, "server_freq": 1.134724027874399}, "server2": {"avg_delay": 0, "avg_queue_size": 0.0, "server_freq": 1.1337242710216464}}