{"server1": {"avg_delay": 7.3715212455819845, "avg_queue_size": 8.131923464249748, "server_freq": 1.0769051323277774}, "server2": {"avg_delay": 0, "avg_queue_size": 0.0, "server_freq": 1.0759061479749688}}