{"server1": {"avg_delay": 6.97427809598228, "avg_queue_size": 7.8369140625, "server_freq": 1.1171546940279933}, "server2": {"avg_delay": 0, "avg_queue_size": 0.0, "server_freq": 1.1161554501156246}}