{"server1": {"avg_delay": 4.895437498262629, "avg_queue_size": 5.453009503695882, "server_freq": 1.0766498226216044}, "server2": {"avg_delay": 0, "avg_queue_size": 0.0, "server_freq": 1.0756501477630886}}