{"server1": {"avg_delay": 6.567254350667903, "avg_queue_size": 7.632796780684105, "server_freq": 1.1419837125690069}, "server2": {"avg_delay": 0, "avg_queue_size": 0.0, "server_freq": 1.1409837268312055}}