{"server1": {"avg_delay": 5.298350421856544, "avg_queue_size": 6.093591047812818, "server_freq": 1.14386117260149}, "server2": {"avg_delay": 0, "avg_queue_size": 0.0, "server_freq": 1.1428612939541112}}