{"server1": {"avg_delay": 5.9209023982351265, "avg_queue_size": 6.968031968031968, "server_freq": 1.1576756269136657}, "server2": {"avg_delay": 0, "avg_queue_size": 0.0, "server_freq": 1.1566759070285935}}