{"server1": {"avg_delay": 12.340009452365265, "avg_queue_size": 14.023946360153257, "server_freq": 1.0907688386330612}, "server2": {"avg_delay": 0, "avg_queue_size": 0.0, "server_freq": 1.0897690505133242}}