{"server1": {"avg_delay": 22.041939586744153, "avg_queue_size": 23.700389105058367, "server_freq": 1.0335263165600508}, "server2": {"avg_delay": 0, "avg_queue_size": 0.0, "server_freq": 1.0325267746678264}}