{"server1": {"avg_delay": 5.555155389101215, "avg_queue_size": 6.168562564632885, "server_freq": 1.1137618813685315}, "server2": {"avg_delay": 0, "avg_queue_size": 0.0, "server_freq": 1.1127620951195472}}