{"server1": {"avg_delay": 4.096485045581953, "avg_queue_size": 4.964876033057851, "server_freq": 1.1357762373358522}, "server2": {"avg_delay": 0, "avg_queue_size": 0.0, "server_freq": 1.1347764343100284}}