{"server1": {"avg_delay": 5.517406317157005, "avg_queue_size": 6.21234309623431, "server_freq": 1.1113680157861454}, "server2": {"avg_delay": 0, "avg_queue_size": 0.0, "server_freq": 1.110368584117273}}