{"server1": {"avg_delay": 4.909456465770163, "avg_queue_size": 5.6248715313463515, "server_freq": 1.16974342129193}, "server2": {"avg_delay": 0, "avg_queue_size": 0.0, "server_freq": 1.168743640589971}}