{"server1": {"avg_delay": 6.086607315247055, "avg_queue_size": 6.803842264914055, "server_freq": 1.1439141949603389}, "server2": {"avg_delay": 0, "avg_queue_size": 0.0, "server_freq": 1.142914269964744}}