{"server1": {"avg_delay": 9.086800575788862, "avg_queue_size": 9.862176165803108, "server_freq": 1.0598624760258164}, "server2": {"avg_delay": 0, "avg_queue_size": 0.0, "server_freq": 1.0588626057654147}}