{"server1": {"avg_delay": 8.866307047450542, "avg_queue_size": 9.821643286573146, "server_freq": 1.1159991220920822}, "server2": {"avg_delay": 0, "avg_queue_size": 0.0, "server_freq": 1.1150000181331814}}