{"server1": {"avg_delay": 6.4837798091725976, "avg_queue_size": 7.207622868605817, "server_freq": 1.1284257972423757}, "server2": {"avg_delay": 0, "avg_queue_size": 0.0, "server_freq": 1.1274263058364924}}