{"server1": {"avg_delay": 11.672813659725387, "avg_queue_size": 12.600389863547758, "server_freq": 1.0642508618779145}, "server2": {"avg_delay": 0, "avg_queue_size": 0.0, "server_freq": 1.0632525027204305}}