{"server1": {"avg_delay": 13.806442754075725, "avg_queue_size": 15.28316086547507, "server_freq": 1.0868751488618213}, "server2": {"avg_delay": 0, "avg_queue_size": 0.0, "server_freq": 1.0858752637202742}}