{"server1": {"avg_delay": 7.505232400479279, "avg_queue_size": 8.524281466798811, "server_freq": 1.153989160776776}, "server2": {"avg_delay": 0, "avg_queue_size": 0.0, "server_freq": 1.1529891701695172}}