{"server1": {"avg_delay": 9.280136495134714, "avg_queue_size": 10.59016393442623, "server_freq": 1.1419648450157482}, "server2": {"avg_delay": 0, "avg_queue_size": 0.0, "server_freq": 1.1409648757994473}}