{"server1": {"avg_delay": 5.917643822588137, "avg_queue_size": 6.998048780487805, "server_freq": 1.150746131662036}, "server2": {"avg_delay": 0, "avg_queue_size": 0.0, "server_freq": 1.1497463522253184}}