{"server1": {"avg_delay": 6.001839010554258, "avg_queue_size": 6.577167019027484, "server_freq": 1.0586530912304495}, "server2": {"avg_delay": 0, "avg_queue_size": 0.0, "server_freq": 1.0576534188119127}}