{"server1": {"avg_delay": 12.922633801571608, "avg_queue_size": 13.795520934761441, "server_freq": 1.0770178952793668}, "server2": {"avg_delay": 0, "avg_queue_size": 0.0, "server_freq": 1.0760188063227067}}