{"server1": {"avg_delay": 8.202327969311433, "avg_queue_size": 9.522267206477732, "server_freq": 1.1396969746665264}, "server2": {"avg_delay": 0, "avg_queue_size": 0.0, "server_freq": 1.1386972404782225}}