{"server1": {"avg_delay": 5.8428235260983366, "avg_queue_size": 6.901140684410646, "server_freq": 1.1574853140524202}, "server2": {"avg_delay": 0, "avg_queue_size": 0.0, "server_freq": 1.1564857585135149}}