{"server1": {"avg_delay": 8.176985607118155, "avg_queue_size": 9.340615690168818, "server_freq": 1.1138586643193762}, "server2": {"avg_delay": 0, "avg_queue_size": 0.0, "server_freq": 1.1128596879388208}}