{"server1": {"avg_delay": 8.978167484377414, "avg_queue_size": 10.457142857142857, "server_freq": 1.098026031394817}, "server2": {"avg_delay": 0, "avg_queue_size": 0.0, "server_freq": 1.0970278259117305}}