{"server1": {"avg_delay": 4.4034094924939895, "avg_queue_size": 5.326551373346898, "server_freq": 1.1574769936788203}, "server2": {"avg_delay": 0, "avg_queue_size": 0.0, "server_freq": 1.1564774453250388}}