{"server1": {"avg_delay": 12.36731654513389, "avg_queue_size": 13.734753146176185, "server_freq": 1.1297532649118365}, "server2": {"avg_delay": 0, "avg_queue_size": 0.0, "server_freq": 1.128753483261472}}