{"server1": {"avg_delay": 6.464133031380399, "avg_queue_size": 7.187436676798379, "server_freq": 1.0754486072498426}, "server2": {"avg_delay": 0, "avg_queue_size": 0.0, "server_freq": 1.0744500477259336}}