{"server1": {"avg_delay": 4.453305054555144, "avg_queue_size": 4.992647058823529, "server_freq": 1.0899337615375413}, "server2": {"avg_delay": 0, "avg_queue_size": 0.0, "server_freq": 1.0889338223067728}}