{"server1": {"avg_delay": 9.081923526127827, "avg_queue_size": 10.132874015748031, "server_freq": 1.0518863938008303}, "server2": {"avg_delay": 0, "avg_queue_size": 0.0, "server_freq": 1.0508865017915139}}