{"server1": {"avg_delay": 4.559529272244209, "avg_queue_size": 5.304093567251462, "server_freq": 1.1437983002397663}, "server2": {"avg_delay": 0, "avg_queue_size": 0.0, "server_freq": 1.1427984765507455}}