{"server1": {"avg_delay": 6.320233041789206, "avg_queue_size": 7.268965517241379, "server_freq": 1.1225373852199771}, "server2": {"avg_delay": 0, "avg_queue_size": 0.0, "server_freq": 1.1215377971654625}}