{"server1": {"avg_delay": 8.13950618190228, "avg_queue_size": 8.996007984031936, "server_freq": 1.087254293554722}, "server2": {"avg_delay": 0, "avg_queue_size": 0.0, "server_freq": 1.0862549789466753}}