{"server1": {"avg_delay": 6.193876907150407, "avg_queue_size": 6.9465346534653465, "server_freq": 1.1557724041504525}, "server2": {"avg_delay": 0, "avg_queue_size": 0.0, "server_freq": 1.1547726010326753}}