{"server1": {"avg_delay": 5.886056911561044, "avg_queue_size": 6.402323125659979, "server_freq": 1.0608215148611442}, "server2": {"avg_delay": 0, "avg_queue_size": 0.0, "server_freq": 1.0598216830846492}}