{"server1": {"avg_delay": 16.362957753667654, "avg_queue_size": 17.53287536800785, "server_freq": 1.09435027718875}, "server2": {"avg_delay": 0, "avg_queue_size": 0.0, "server_freq": 1.0933508705429158}}