{"server1": {"avg_delay": 13.698084241756948, "avg_queue_size": 14.904150197628459, "server_freq": 1.0636889081434486}, "server2": {"avg_delay": 0, "avg_queue_size": 0.0, "server_freq": 1.062689200523013}}