{"server1": {"avg_delay": 10.708901436690603, "avg_queue_size": 11.010050251256281, "server_freq": 1.0419368325530287}, "server2": {"avg_delay": 0, "avg_queue_size": 0.0, "server_freq": 1.040936893174379}}