{"server1": {"avg_delay": 8.346479582891693, "avg_queue_size": 9.057985757884028, "server_freq": 1.0359595703935482}, "server2": {"avg_delay": 0, "avg_queue_size": 0.0, "server_freq": 1.034959609418265}}