{"server1": {"avg_delay": 10.950718683355452, "avg_queue_size": 12.285575048732943, "server_freq": 1.1146533204963422}, "server2": {"avg_delay": 0, "avg_queue_size": 0.0, "server_freq": 1.1136545271984064}}