{"server1": {"avg_delay": 9.712863898555838, "avg_queue_size": 10.224576271186441, "server_freq": 1.0899510236731063}, "server2": {"avg_delay": 0, "avg_queue_size": 0.0, "server_freq": 1.0889510686055164}}