{"server1": {"avg_delay": 6.3905757146773805, "avg_queue_size": 7.592270531400966, "server_freq": 1.1333739560319003}, "server2": {"avg_delay": 0, "avg_queue_size": 0.0, "server_freq": 1.1323745080988916}}