{"server1": {"avg_delay": 4.62431739819858, "avg_queue_size": 5.573454913880446, "server_freq": 1.1215268077622134}, "server2": {"avg_delay": 0, "avg_queue_size": 0.0, "server_freq": 1.1205272295021758}}