{"server1": {"avg_delay": 8.183634842598437, "avg_queue_size": 9.175869120654397, "server_freq": 1.1317677188933581}, "server2": {"avg_delay": 0, "avg_queue_size": 0.0, "server_freq": 1.130767924088682}}