{"server1": {"avg_delay": 6.301983803366968, "avg_queue_size": 7.5460717749757515, "server_freq": 1.1254321169449994}, "server2": {"avg_delay": 0, "avg_queue_size": 0.0, "server_freq": 1.124432621281638}}