{"server1": {"avg_delay": 6.048379127862806, "avg_queue_size": 6.864864864864865, "server_freq": 1.0888735924290405}, "server2": {"avg_delay": 0, "avg_queue_size": 0.0, "server_freq": 1.0878737085057815}}