{"server1": {"avg_delay": 5.490503414715511, "avg_queue_size": 6.380467955239064, "server_freq": 1.1241973464939188}, "server2": {"avg_delay": 0, "avg_queue_size": 0.0, "server_freq": 1.123198059963702}}