{"server1": {"avg_delay": 7.985981053016422, "avg_queue_size": 8.944007858546168, "server_freq": 1.0769717153691627}, "server2": {"avg_delay": 0, "avg_queue_size": 0.0, "server_freq": 1.075971741631587}}