{"server1": {"avg_delay": 4.62903271146996, "avg_queue_size": 5.54122621564482, "server_freq": 1.162769702222197}, "server2": {"avg_delay": 0, "avg_queue_size": 0.0, "server_freq": 1.1617699002426423}}