{"server1": {"avg_delay": 4.149297475072609, "avg_queue_size": 4.782563025210084, "server_freq": 1.1156579039651653}, "server2": {"avg_delay": 0, "avg_queue_size": 0.0, "server_freq": 1.1146582105028309}}