{"server1": {"avg_delay": 6.873233078046189, "avg_queue_size": 7.557244174265451, "server_freq": 1.063672207574391}, "server2": {"avg_delay": 0, "avg_queue_size": 0.0, "server_freq": 1.0626734543278422}}