{"server1": {"avg_delay": 6.0572790014739875, "avg_queue_size": 6.808341608738828, "server_freq": 1.115646975101038}, "server2": {"avg_delay": 0, "avg_queue_size": 0.0, "server_freq": 1.1146472914315928}}