{"server1": {"avg_delay": 13.441609504603296, "avg_queue_size": 14.557046979865772, "server_freq": 1.0978546594939789}, "server2": {"avg_delay": 0, "avg_queue_size": 0.0, "server_freq": 1.0968547918623814}}