{"server1": {"avg_delay": 4.296761711139479, "avg_queue_size": 4.836497890295359, "server_freq": 1.1200027899886897}, "server2": {"avg_delay": 0, "avg_queue_size": 0.0, "server_freq": 1.1190036795605107}}