{"server1": {"avg_delay": 7.321075858900023, "avg_queue_size": 8.281496062992126, "server_freq": 1.0957214310335837}, "server2": {"avg_delay": 0, "avg_queue_size": 0.0, "server_freq": 1.0947225965476826}}