{"server1": {"avg_delay": 11.906210435504983, "avg_queue_size": 13.631931166347993, "server_freq": 1.1199006884627714}, "server2": {"avg_delay": 0, "avg_queue_size": 0.0, "server_freq": 1.1189007771337867}}