{"server1": {"avg_delay": 4.213053714388106, "avg_queue_size": 4.711038961038961, "server_freq": 1.1094823532574711}, "server2": {"avg_delay": 0, "avg_queue_size": 0.0, "server_freq": 1.1084828196058878}}