{"server1": {"avg_delay": 8.835652701256674, "avg_queue_size": 10.018793273986152, "server_freq": 1.0641021566398554}, "server2": {"avg_delay": 0, "avg_queue_size": 0.0, "server_freq": 1.063102999685264}}