{"server1": {"avg_delay": 5.548514540355565, "avg_queue_size": 6.397219463753724, "server_freq": 1.1417823973512786}, "server2": {"avg_delay": 0, "avg_queue_size": 0.0, "server_freq": 1.140782587896505}}