{"server1": {"avg_delay": 5.34674230359163, "avg_queue_size": 6.176171079429735, "server_freq": 1.1473818020085578}, "server2": {"avg_delay": 0, "avg_queue_size": 0.0, "server_freq": 1.1463823405085503}}