{"server1": {"avg_delay": 7.663619104431266, "avg_queue_size": 8.5678391959799, "server_freq": 1.106893821683171}, "server2": {"avg_delay": 0, "avg_queue_size": 0.0, "server_freq": 1.105893917598543}}