{"server1": {"avg_delay": 6.056211073790368, "avg_queue_size": 6.854349951124145, "server_freq": 1.1278311933786063}, "server2": {"avg_delay": 0, "avg_queue_size": 0.0, "server_freq": 1.1268313430298662}}