{"server1": {"avg_delay": 7.129139588897665, "avg_queue_size": 7.839044652128765, "server_freq": 1.0887978207062865}, "server2": {"avg_delay": 0, "avg_queue_size": 0.0, "server_freq": 1.0877989236230698}}