{"server1": {"avg_delay": 11.401084621113757, "avg_queue_size": 12.4106614017769, "server_freq": 1.0969081269461662}, "server2": {"avg_delay": 0, "avg_queue_size": 0.0, "server_freq": 1.0959082106955316}}