{"server1": {"avg_delay": 8.774821476253244, "avg_queue_size": 9.953398058252427, "server_freq": 1.11792726111469}, "server2": {"avg_delay": 0, "avg_queue_size": 0.0, "server_freq": 1.1169273261763046}}