{"server1": {"avg_delay": 27.231289166636632, "avg_queue_size": 27.824721377912866, "server_freq": 1.0198645761362337}, "server2": {"avg_delay": 0, "avg_queue_size": 0.0, "server_freq": 1.0188647089047276}}