{"server1": {"avg_delay": 12.913652774348543, "avg_queue_size": 14.301556420233464, "server_freq": 1.0882994837622897}, "server2": {"avg_delay": 0, "avg_queue_size": 0.0, "server_freq": 1.087300127027889}}