{"server1": {"avg_delay": 9.298060700481509, "avg_queue_size": 10.33728981206726, "server_freq": 1.0806460593307003}, "server2": {"avg_delay": 0, "avg_queue_size": 0.0, "server_freq": 1.0796463867503758}}