{"server1": {"avg_delay": 4.389406037402169, "avg_queue_size": 5.156673114119923, "server_freq": 1.120743228436052}, "server2": {"avg_delay": 0, "avg_queue_size": 0.0, "server_freq": 1.1197434574918628}}