{"server1": {"avg_delay": 18.03109048140941, "avg_queue_size": 19.105004906771345, "server_freq": 1.0505573983092336}, "server2": {"avg_delay": 0, "avg_queue_size": 0.0, "server_freq": 1.0495578194335826}}