{"server1": {"avg_delay": 5.918470662498782, "avg_queue_size": 6.803165182987142, "server_freq": 1.131671500698958}, "server2": {"avg_delay": 0, "avg_queue_size": 0.0, "server_freq": 1.1306717908926869}}