{"server1": {"avg_delay": 8.216891019975714, "avg_queue_size": 9.441478439425051, "server_freq": 1.1237143527638986}, "server2": {"avg_delay": 0, "avg_queue_size": 0.0, "server_freq": 1.1227146068984504}}