{"server1": {"avg_delay": 8.080586980437413, "avg_queue_size": 8.91881188118812, "server_freq": 1.0968418168453853}, "server2": {"avg_delay": 0, "avg_queue_size": 0.0, "server_freq": 1.0958419610415153}}