{"server1": {"avg_delay": 23.634912339050054, "avg_queue_size": 25.5715695952616, "server_freq": 1.080944765781739}, "server2": {"avg_delay": 0, "avg_queue_size": 0.0, "server_freq": 1.079944816877223}}