{"server1": {"avg_delay": 6.668840458555206, "avg_queue_size": 7.344933469805527, "server_freq": 1.0816954612394991}, "server2": {"avg_delay": 0, "avg_queue_size": 0.0, "server_freq": 1.0806957426986123}}