{"server1": {"avg_delay": 4.135141500978865, "avg_queue_size": 4.9276111685625645, "server_freq": 1.134222513283097}, "server2": {"avg_delay": 0, "avg_queue_size": 0.0, "server_freq": 1.1332231982934202}}