{"server1": {"avg_delay": 6.570291507774179, "avg_queue_size": 7.52317880794702, "server_freq": 1.1391442885331757}, "server2": {"avg_delay": 0, "avg_queue_size": 0.0, "server_freq": 1.1381459149235937}}