{"server1": {"avg_delay": 11.363279671288915, "avg_queue_size": 12.819230769230769, "server_freq": 1.099870997875939}, "server2": {"avg_delay": 0, "avg_queue_size": 0.0, "server_freq": 1.0988711151505972}}