{"server1": {"avg_delay": 8.420021782474954, "avg_queue_size": 8.887179487179488, "server_freq": 1.0919118482080736}, "server2": {"avg_delay": 0, "avg_queue_size": 0.0, "server_freq": 1.090911928933158}}