{"server1": {"avg_delay": 17.33905665690167, "avg_queue_size": 18.448140900195696, "server_freq": 1.066780508803329}, "server2": {"avg_delay": 0, "avg_queue_size": 0.0, "server_freq": 1.0657807145120421}}