{"server1": {"avg_delay": 10.042237683201515, "avg_queue_size": 11.329089128305583, "server_freq": 1.101905714392429}, "server2": {"avg_delay": 0, "avg_queue_size": 0.0, "server_freq": 1.1009057999510563}}