{"server1": {"avg_delay": 5.976945850906851, "avg_queue_size": 6.969939879759519, "server_freq": 1.124823625942283}, "server2": {"avg_delay": 0, "avg_queue_size": 0.0, "server_freq": 1.1238237827192232}}