{"server1": {"avg_delay": 4.049342424142439, "avg_queue_size": 4.719387755102041, "server_freq": 1.1306927657605308}, "server2": {"avg_delay": 0, "avg_queue_size": 0.0, "server_freq": 1.1296948021543873}}