{"server1": {"avg_delay": 6.810773463487305, "avg_queue_size": 7.481880509304603, "server_freq": 1.1078248108386803}, "server2": {"avg_delay": 0, "avg_queue_size": 0.0, "server_freq": 1.1068249689516418}}