{"server1": {"avg_delay": 11.78642011470809, "avg_queue_size": 12.705078125, "server_freq": 1.0988222650498831}, "server2": {"avg_delay": 0, "avg_queue_size": 0.0, "server_freq": 1.0978224267741326}}