{"server1": {"avg_delay": 13.877185042733476, "avg_queue_size": 16.465766634522662, "server_freq": 1.1117836874977158}, "server2": {"avg_delay": 0, "avg_queue_size": 0.0, "server_freq": 1.1107838820233473}}