{"server1": {"avg_delay": 9.087444793998934, "avg_queue_size": 10.124879923150816, "server_freq": 1.0988315034274567}, "server2": {"avg_delay": 0, "avg_queue_size": 0.0, "server_freq": 1.097831656745539}}