{"server1": {"avg_delay": 6.260329808730153, "avg_queue_size": 6.914672216441207, "server_freq": 1.0870754331041028}, "server2": {"avg_delay": 0, "avg_queue_size": 0.0, "server_freq": 1.0860762828898527}}