{"server1": {"avg_delay": 5.709109559283064, "avg_queue_size": 6.5304259634888435, "server_freq": 1.1119000955191316}, "server2": {"avg_delay": 0, "avg_queue_size": 0.0, "server_freq": 1.1109001853612908}}