{"server1": {"avg_delay": 8.834643701526419, "avg_queue_size": 9.372393247269116, "server_freq": 1.0621967742694645}, "server2": {"avg_delay": 0, "avg_queue_size": 0.0, "server_freq": 1.0611975298910359}}