{"server1": {"avg_delay": 6.402367045221927, "avg_queue_size": 7.162644281217209, "server_freq": 1.1358108331034404}, "server2": {"avg_delay": 0, "avg_queue_size": 0.0, "server_freq": 1.1348109996235958}}