{"server1": {"avg_delay": 4.918439978584526, "avg_queue_size": 5.790909090909091, "server_freq": 1.1617804562154543}, "server2": {"avg_delay": 0, "avg_queue_size": 0.0, "server_freq": 1.1607806451515856}}