{"server1": {"avg_delay": 7.950114521005909, "avg_queue_size": 9.471661863592699, "server_freq": 1.1477675275189472}, "server2": {"avg_delay": 0, "avg_queue_size": 0.0, "server_freq": 1.1467677300211083}}