{"server1": {"avg_delay": 5.472126581024185, "avg_queue_size": 6.452357071213641, "server_freq": 1.1277512353924277}, "server2": {"avg_delay": 0, "avg_queue_size": 0.0, "server_freq": 1.1267514559284275}}