{"server1": {"avg_delay": 3.6975462419406804, "avg_queue_size": 4.452538631346578, "server_freq": 1.1818849875778066}, "server2": {"avg_delay": 0, "avg_queue_size": 0.0, "server_freq": 1.1808850848810404}}