{"server1": {"avg_delay": 6.756170737795149, "avg_queue_size": 7.654308617234469, "server_freq": 1.1248705667833965}, "server2": {"avg_delay": 0, "avg_queue_size": 0.0, "server_freq": 1.1238706818351447}}