{"server1": {"avg_delay": 7.2878238952706145, "avg_queue_size": 8.627579737335834, "server_freq": 1.132173498724561}, "server2": {"avg_delay": 0, "avg_queue_size": 0.0, "server_freq": 1.1311742282049453}}