{"server1": {"avg_delay": 8.339785549455497, "avg_queue_size": 9.378875968992247, "server_freq": 1.1248684781167944}, "server2": {"avg_delay": 0, "avg_queue_size": 0.0, "server_freq": 1.123868595025135}}