{"server1": {"avg_delay": 6.2202123300016705, "avg_queue_size": 7.685220729366603, "server_freq": 1.1869793824020602}, "server2": {"avg_delay": 0, "avg_queue_size": 0.0, "server_freq": 1.1859793997715615}}