{"server1": {"avg_delay": 8.133268809400336, "avg_queue_size": 9.228686058174523, "server_freq": 1.126343048240704}, "server2": {"avg_delay": 0, "avg_queue_size": 0.0, "server_freq": 1.1253436311615197}}