{"server1": {"avg_delay": 7.744003582320731, "avg_queue_size": 8.488647581441263, "server_freq": 1.1245469939596635}, "server2": {"avg_delay": 0, "avg_queue_size": 0.0, "server_freq": 1.1235473966316993}}