{"server1": {"avg_delay": 5.846087080078543, "avg_queue_size": 6.756435643564356, "server_freq": 1.1337019139949307}, "server2": {"avg_delay": 0, "avg_queue_size": 0.0, "server_freq": 1.132702176857369}}