{"server1": {"avg_delay": 5.646321175033393, "avg_queue_size": 6.52093973442288, "server_freq": 1.1237917315013344}, "server2": {"avg_delay": 0, "avg_queue_size": 0.0, "server_freq": 1.122791916793593}}