{"server1": {"avg_delay": 8.88155826617405, "avg_queue_size": 10.28012048192771, "server_freq": 1.0944053641008937}, "server2": {"avg_delay": 0, "avg_queue_size": 0.0, "server_freq": 1.093405907147377}}