{"server1": {"avg_delay": 9.327587130666814, "avg_queue_size": 10.557266602502406, "server_freq": 1.1085842965929062}, "server2": {"avg_delay": 0, "avg_queue_size": 0.0, "server_freq": 1.1075846714381785}}