{"server1": {"avg_delay": 7.492987451233194, "avg_queue_size": 8.501492537313434, "server_freq": 1.1355538278661408}, "server2": {"avg_delay": 0, "avg_queue_size": 0.0, "server_freq": 1.1345542206233008}}