{"server1": {"avg_delay": 8.222511106344937, "avg_queue_size": 9.169540229885058, "server_freq": 1.152504477952954}, "server2": {"avg_delay": 0, "avg_queue_size": 0.0, "server_freq": 1.1515049077205577}}