{"server1": {"avg_delay": 8.892274179899523, "avg_queue_size": 9.668986083499005, "server_freq": 1.0808760750900865}, "server2": {"avg_delay": 0, "avg_queue_size": 0.0, "server_freq": 1.0798761897292262}}