{"server1": {"avg_delay": 8.661666560440711, "avg_queue_size": 9.604581673306773, "server_freq": 1.1083806755838501}, "server2": {"avg_delay": 0, "avg_queue_size": 0.0, "server_freq": 1.1073812340368854}}