{"server1": {"avg_delay": 7.449342532531628, "avg_queue_size": 8.570754716981131, "server_freq": 1.1546718048170874}, "server2": {"avg_delay": 0, "avg_queue_size": 0.0, "server_freq": 1.1536720889687608}}