{"server1": {"avg_delay": 6.626693855407401, "avg_queue_size": 7.535402521823472, "server_freq": 1.0888252388233983}, "server2": {"avg_delay": 0, "avg_queue_size": 0.0, "server_freq": 1.087825399301981}}