{"server1": {"avg_delay": 8.812047175514785, "avg_queue_size": 10.096153846153847, "server_freq": 1.1344757222895212}, "server2": {"avg_delay": 0, "avg_queue_size": 0.0, "server_freq": 1.1334761842082088}}