{"server1": {"avg_delay": 13.150477112257294, "avg_queue_size": 14.905222437137331, "server_freq": 1.1277201392660565}, "server2": {"avg_delay": 0, "avg_queue_size": 0.0, "server_freq": 1.126720387369544}}