{"server1": {"avg_delay": 8.58667833021718, "avg_queue_size": 9.727445394112062, "server_freq": 1.127404410068119}, "server2": {"avg_delay": 0, "avg_queue_size": 0.0, "server_freq": 1.1264049380733778}}