{"server1": {"avg_delay": 9.063649768319124, "avg_queue_size": 10.321572580645162, "server_freq": 1.087096277386065}, "server2": {"avg_delay": 0, "avg_queue_size": 0.0, "server_freq": 1.0860971080134676}}