{"server1": {"avg_delay": 10.078305282799233, "avg_queue_size": 10.99496981891348, "server_freq": 1.0782351906144467}, "server2": {"avg_delay": 0, "avg_queue_size": 0.0, "server_freq": 1.0772358994275937}}