{"server1": {"avg_delay": 6.134207725050184, "avg_queue_size": 7.206963249516441, "server_freq": 1.1474850497791698}, "server2": {"avg_delay": 0, "avg_queue_size": 0.0, "server_freq": 1.14648549834208}}