{"server1": {"avg_delay": 5.627186105542695, "avg_queue_size": 6.098360655737705, "server_freq": 1.1217766566645897}, "server2": {"avg_delay": 0, "avg_queue_size": 0.0, "server_freq": 1.1207768557228208}}