{"server1": {"avg_delay": 6.986595502105224, "avg_queue_size": 8.086538461538462, "server_freq": 1.125518212227848}, "server2": {"avg_delay": 0, "avg_queue_size": 0.0, "server_freq": 1.1245195270350992}}