{"server1": {"avg_delay": 12.261901850925506, "avg_queue_size": 13.92032967032967, "server_freq": 1.1536788095133383}, "server2": {"avg_delay": 0, "avg_queue_size": 0.0, "server_freq": 1.1526790878413162}}