{"server1": {"avg_delay": 5.87410533654387, "avg_queue_size": 6.9197592778335, "server_freq": 1.1235698392606188}, "server2": {"avg_delay": 0, "avg_queue_size": 0.0, "server_freq": 1.1225711105146094}}