{"server1": {"avg_delay": 4.96703424391517, "avg_queue_size": 5.61340206185567, "server_freq": 1.0846723352530643}, "server2": {"avg_delay": 0, "avg_queue_size": 0.0, "server_freq": 1.0836726372482228}}