{"server1": {"avg_delay": 6.351541372572506, "avg_queue_size": 7.108672936259143, "server_freq": 1.102772553741797}, "server2": {"avg_delay": 0, "avg_queue_size": 0.0, "server_freq": 1.1017736655590598}}