{"server1": {"avg_delay": 4.667102625353317, "avg_queue_size": 5.500513874614594, "server_freq": 1.1079767519679822}, "server2": {"avg_delay": 0, "avg_queue_size": 0.0, "server_freq": 1.1069767729499607}}