{"server1": {"avg_delay": 8.632050456944018, "avg_queue_size": 9.31139489194499, "server_freq": 1.101742940977404}, "server2": {"avg_delay": 0, "avg_queue_size": 0.0, "server_freq": 1.1007440806501352}}