{"server1": {"avg_delay": 6.638677181725291, "avg_queue_size": 8.047801147227533, "server_freq": 1.1510716574023039}, "server2": {"avg_delay": 0, "avg_queue_size": 0.0, "server_freq": 1.1500724632552533}}