{"server1": {"avg_delay": 13.516773677390432, "avg_queue_size": 14.48807157057654, "server_freq": 1.087812751917891}, "server2": {"avg_delay": 0, "avg_queue_size": 0.0, "server_freq": 1.0868129240209077}}