{"server1": {"avg_delay": 8.506708292888002, "avg_queue_size": 9.997120921305182, "server_freq": 1.1704683906209186}, "server2": {"avg_delay": 0, "avg_queue_size": 0.0, "server_freq": 1.1694688445998929}}