{"server1": {"avg_delay": 9.591904859181735, "avg_queue_size": 10.694980694980694, "server_freq": 1.0996503738749157}, "server2": {"avg_delay": 0, "avg_queue_size": 0.0, "server_freq": 1.0986506917168477}}