{"server1": {"avg_delay": 6.087096700191905, "avg_queue_size": 6.887550200803213, "server_freq": 1.0813349843191133}, "server2": {"avg_delay": 0, "avg_queue_size": 0.0, "server_freq": 1.0803365217297143}}