{"server1": {"avg_delay": 5.585289888093792, "avg_queue_size": 6.641325536062378, "server_freq": 1.1019640000820965}, "server2": {"avg_delay": 0, "avg_queue_size": 0.0, "server_freq": 1.1009640327498986}}