{"server1": {"avg_delay": 7.976897807971341, "avg_queue_size": 9.284994964753272, "server_freq": 1.1037143510523495}, "server2": {"avg_delay": 0, "avg_queue_size": 0.0, "server_freq": 1.1027164176427182}}