{"server1": {"avg_delay": 5.460799450544985, "avg_queue_size": 6.05894519131334, "server_freq": 1.103775735643619}, "server2": {"avg_delay": 0, "avg_queue_size": 0.0, "server_freq": 1.102775938781623}}