{"server1": {"avg_delay": 6.523617439840129, "avg_queue_size": 7.281914893617022, "server_freq": 1.0797435369621944}, "server2": {"avg_delay": 0, "avg_queue_size": 0.0, "server_freq": 1.0787437744279702}}