{"server1": {"avg_delay": 4.694469744787759, "avg_queue_size": 5.327063740856844, "server_freq": 1.1018725062555816}, "server2": {"avg_delay": 0, "avg_queue_size": 0.0, "server_freq": 1.100873528462059}}