{"server1": {"avg_delay": 8.14689787389129, "avg_queue_size": 9.165668662674651, "server_freq": 1.1277645328374688}, "server2": {"avg_delay": 0, "avg_queue_size": 0.0, "server_freq": 1.1267647415849533}}