{"server1": {"avg_delay": 13.73109400289323, "avg_queue_size": 14.651162790697674, "server_freq": 1.1080909646412036}, "server2": {"avg_delay": 0, "avg_queue_size": 0.0, "server_freq": 1.107091784330436}}