{"server1": {"avg_delay": 5.24812845704206, "avg_queue_size": 6.210739614994934, "server_freq": 1.1487845348375116}, "server2": {"avg_delay": 0, "avg_queue_size": 0.0, "server_freq": 1.147784722361587}}