{"server1": {"avg_delay": 11.376716174434419, "avg_queue_size": 12.148073022312373, "server_freq": 1.0674114813912328}, "server2": {"avg_delay": 0, "avg_queue_size": 0.0, "server_freq": 1.0664120324386193}}