{"server1": {"avg_delay": 7.474371635185211, "avg_queue_size": 8.711048158640226, "server_freq": 1.1318211913995935}, "server2": {"avg_delay": 0, "avg_queue_size": 0.0, "server_freq": 1.130821349357721}}