{"server1": {"avg_delay": 19.07071559165227, "avg_queue_size": 20.920076117982873, "server_freq": 1.0898250719404938}, "server2": {"avg_delay": 0, "avg_queue_size": 0.0, "server_freq": 1.088825232424952}}