{"server1": {"avg_delay": 7.784838835137003, "avg_queue_size": 8.863188976377952, "server_freq": 1.0918544321829353}, "server2": {"avg_delay": 0, "avg_queue_size": 0.0, "server_freq": 1.0908545654867972}}