{"server1": {"avg_delay": 10.75660496722612, "avg_queue_size": 11.582761998041136, "server_freq": 1.1041985442828064}, "server2": {"avg_delay": 0, "avg_queue_size": 0.0, "server_freq": 1.103199269582098}}