{"server1": {"avg_delay": 7.059045905260602, "avg_queue_size": 7.859872611464968, "server_freq": 1.0935113304203465}, "server2": {"avg_delay": 0, "avg_queue_size": 0.0, "server_freq": 1.0925117771018635}}