{"server1": {"avg_delay": 4.259414385082268, "avg_queue_size": 4.897916666666666, "server_freq": 1.1487489195840628}, "server2": {"avg_delay": 0, "avg_queue_size": 0.0, "server_freq": 1.1477491381048774}}