{"server1": {"avg_delay": 4.849458501316606, "avg_queue_size": 5.686567164179104, "server_freq": 1.1264694076591957}, "server2": {"avg_delay": 0, "avg_queue_size": 0.0, "server_freq": 1.125469878459853}}