{"server1": {"avg_delay": 9.446158886377274, "avg_queue_size": 10.310240963855422, "server_freq": 1.0897331001524029}, "server2": {"avg_delay": 0, "avg_queue_size": 0.0, "server_freq": 1.0887342613804942}}