{"server1": {"avg_delay": 5.051169130693003, "avg_queue_size": 6.232889733840304, "server_freq": 1.1534223200996174}, "server2": {"avg_delay": 0, "avg_queue_size": 0.0, "server_freq": 1.1524228206887859}}