{"server1": {"avg_delay": 4.191761063199253, "avg_queue_size": 4.89514348785872, "server_freq": 1.0922163844306743}, "server2": {"avg_delay": 0, "avg_queue_size": 0.0, "server_freq": 1.0912171013708107}}