{"server1": {"avg_delay": 6.4293985681704635, "avg_queue_size": 7.2625250501002006, "server_freq": 1.0749732816978037}, "server2": {"avg_delay": 0, "avg_queue_size": 0.0, "server_freq": 1.0739733065520385}}