{"server1": {"avg_delay": 7.467054688028467, "avg_queue_size": 8.337714863498483, "server_freq": 1.085971948572965}, "server2": {"avg_delay": 0, "avg_queue_size": 0.0, "server_freq": 1.0849719744030084}}