{"server1": {"avg_delay": 10.2526606128429, "avg_queue_size": 11.146192893401015, "server_freq": 1.1133405363100917}, "server2": {"avg_delay": 0, "avg_queue_size": 0.0, "server_freq": 1.1123411282882694}}