{"server1": {"avg_delay": 9.118754002932558, "avg_queue_size": 10.798457087753134, "server_freq": 1.0879617562809156}, "server2": {"avg_delay": 0, "avg_queue_size": 0.0, "server_freq": 1.0869617914313927}}