{"server1": {"avg_delay": 6.312033478540847, "avg_queue_size": 6.946028513238289, "server_freq": 1.1327693856517973}, "server2": {"avg_delay": 0, "avg_queue_size": 0.0, "server_freq": 1.1317695891949113}}