{"server1": {"avg_delay": 8.1369673364727, "avg_queue_size": 9.01077375122429, "server_freq": 1.0918322768230937}, "server2": {"avg_delay": 0, "avg_queue_size": 0.0, "server_freq": 1.0908324304157464}}