{"server1": {"avg_delay": 11.97251220307845, "avg_queue_size": 13.094621513944222, "server_freq": 1.1162212928957365}, "server2": {"avg_delay": 0, "avg_queue_size": 0.0, "server_freq": 1.1152219900372802}}