{"server1": {"avg_delay": 7.817129416374025, "avg_queue_size": 8.364551863041289, "server_freq": 1.0966249335596119}, "server2": {"avg_delay": 0, "avg_queue_size": 0.0, "server_freq": 1.095625275461563}}