{"server1": {"avg_delay": 3.7756503687461667, "avg_queue_size": 4.549462365591398, "server_freq": 1.1255444766456375}, "server2": {"avg_delay": 0, "avg_queue_size": 0.0, "server_freq": 1.1245448811956857}}