{"server1": {"avg_delay": 12.499089053076789, "avg_queue_size": 14.05994005994006, "server_freq": 1.0553257344708706}, "server2": {"avg_delay": 0, "avg_queue_size": 0.0, "server_freq": 1.0543273184496114}}