{"server1": {"avg_delay": 5.514517103918111, "avg_queue_size": 6.240570846075434, "server_freq": 1.113994027678812}, "server2": {"avg_delay": 0, "avg_queue_size": 0.0, "server_freq": 1.1129940330399621}}