{"server1": {"avg_delay": 7.797372605439318, "avg_queue_size": 8.78292181069959, "server_freq": 1.1179571361227572}, "server2": {"avg_delay": 0, "avg_queue_size": 0.0, "server_freq": 1.1169571744625402}}