{"server1": {"avg_delay": 4.687326613065604, "avg_queue_size": 5.347422680412371, "server_freq": 1.1318253123327204}, "server2": {"avg_delay": 0, "avg_queue_size": 0.0, "server_freq": 1.1308254666504476}}