{"server1": {"avg_delay": 31.471279488588333, "avg_queue_size": 32.63355834136934, "server_freq": 1.0348686306593737}, "server2": {"avg_delay": 0, "avg_queue_size": 0.0, "server_freq": 1.033868757586273}}