{"server1": {"avg_delay": 9.595077582782173, "avg_queue_size": 10.62246963562753, "server_freq": 1.0808952061704236}, "server2": {"avg_delay": 0, "avg_queue_size": 0.0, "server_freq": 1.0798953031119867}}