{"server1": {"avg_delay": 4.9031429009014715, "avg_queue_size": 5.74402390438247, "server_freq": 1.1868077073666783}, "server2": {"avg_delay": 0, "avg_queue_size": 0.0, "server_freq": 1.185807869365527}}