{"server1": {"avg_delay": 11.211992796188065, "avg_queue_size": 12.06385068762279, "server_freq": 1.0836696605529537}, "server2": {"avg_delay": 0, "avg_queue_size": 0.0, "server_freq": 1.082669965294141}}