{"server1": {"avg_delay": 10.51816382624785, "avg_queue_size": 11.87608069164265, "server_freq": 1.0708934449150767}, "server2": {"avg_delay": 0, "avg_queue_size": 0.0, "server_freq": 1.0698935444062858}}