{"server1": {"avg_delay": 3.4251617055244465, "avg_queue_size": 4.222108495394063, "server_freq": 1.1378695731005932}, "server2": {"avg_delay": 0, "avg_queue_size": 0.0, "server_freq": 1.1368696877112254}}