{"server1": {"avg_delay": 5.74463017759555, "avg_queue_size": 6.886868686868687, "server_freq": 1.1398460524511387}, "server2": {"avg_delay": 0, "avg_queue_size": 0.0, "server_freq": 1.1388461874928484}}