{"server1": {"avg_delay": 7.017615567029678, "avg_queue_size": 8.108, "server_freq": 1.1052547358831657}, "server2": {"avg_delay": 0, "avg_queue_size": 0.0, "server_freq": 1.1042554097205226}}