{"server1": {"avg_delay": 8.533362118135683, "avg_queue_size": 9.367219917012449, "server_freq": 1.099931546967875}, "server2": {"avg_delay": 0, "avg_queue_size": 0.0, "server_freq": 1.0989316091979042}}