{"server1": {"avg_delay": 7.213267998899621, "avg_queue_size": 7.926113360323886, "server_freq": 1.1060976623078471}, "server2": {"avg_delay": 0, "avg_queue_size": 0.0, "server_freq": 1.1050984774277137}}