{"server1": {"avg_delay": 12.665922031113535, "avg_queue_size": 13.826510721247564, "server_freq": 1.0288310077565168}, "server2": {"avg_delay": 0, "avg_queue_size": 0.0, "server_freq": 1.0278321427004424}}