{"server1": {"avg_delay": 10.676544998341054, "avg_queue_size": 11.922542204568025, "server_freq": 1.1154213097953287}, "server2": {"avg_delay": 0, "avg_queue_size": 0.0, "server_freq": 1.1144218283349385}}