{"server1": {"avg_delay": 10.234075551203217, "avg_queue_size": 11.864942528735632, "server_freq": 1.1302801447508308}, "server2": {"avg_delay": 0, "avg_queue_size": 0.0, "server_freq": 1.1292807812276204}}