{"server1": {"avg_delay": 20.276120008019014, "avg_queue_size": 23.167130919220057, "server_freq": 1.123182607462014}, "server2": {"avg_delay": 0, "avg_queue_size": 0.0, "server_freq": 1.1221833346795744}}