{"server1": {"avg_delay": 8.97637714326151, "avg_queue_size": 10.081162324649299, "server_freq": 1.1139521550355624}, "server2": {"avg_delay": 0, "avg_queue_size": 0.0, "server_freq": 1.1129530948068311}}