{"server1": {"avg_delay": 10.47885048211756, "avg_queue_size": 10.828838174273859, "server_freq": 1.07062376915165}, "server2": {"avg_delay": 0, "avg_queue_size": 0.0, "server_freq": 1.0696241204409576}}