{"server1": {"avg_delay": 19.032913820708256, "avg_queue_size": 20.474757281553398, "server_freq": 1.0732119961737123}, "server2": {"avg_delay": 0, "avg_queue_size": 0.0, "server_freq": 1.0722127298830477}}