{"server1": {"avg_delay": 4.963565066940884, "avg_queue_size": 5.688775510204081, "server_freq": 1.1447480547019155}, "server2": {"avg_delay": 0, "avg_queue_size": 0.0, "server_freq": 1.1437482747414771}}