{"server1": {"avg_delay": 7.409290995703879, "avg_queue_size": 8.409579667644184, "server_freq": 1.1188790740645376}, "server2": {"avg_delay": 0, "avg_queue_size": 0.0, "server_freq": 1.1178791821306104}}