{"server1": {"avg_delay": 9.551650326884308, "avg_queue_size": 10.392746113989638, "server_freq": 1.0789953231834701}, "server2": {"avg_delay": 0, "avg_queue_size": 0.0, "server_freq": 1.077995327517869}}