{"server1": {"avg_delay": 12.957050168798563, "avg_queue_size": 14.120307988450433, "server_freq": 1.1225981688755788}, "server2": {"avg_delay": 0, "avg_queue_size": 0.0, "server_freq": 1.1215994160562945}}