{"server1": {"avg_delay": 8.7041059245773, "avg_queue_size": 9.824681684622918, "server_freq": 1.137731681608719}, "server2": {"avg_delay": 0, "avg_queue_size": 0.0, "server_freq": 1.1367319173893793}}