{"server1": {"avg_delay": 4.075306951373503, "avg_queue_size": 4.588552915766739, "server_freq": 1.0907268741349185}, "server2": {"avg_delay": 0, "avg_queue_size": 0.0, "server_freq": 1.0897271244794329}}