{"server1": {"avg_delay": 9.599092502611034, "avg_queue_size": 10.317122593718338, "server_freq": 1.0663343669579632}, "server2": {"avg_delay": 0, "avg_queue_size": 0.0, "server_freq": 1.0653349907939913}}