{"server1": {"avg_delay": 4.360608891478651, "avg_queue_size": 5.004136504653568, "server_freq": 1.128352704420027}, "server2": {"avg_delay": 0, "avg_queue_size": 0.0, "server_freq": 1.12735327775535}}