{"server1": {"avg_delay": 6.306312227687777, "avg_queue_size": 6.8431372549019605, "server_freq": 1.1115946237255547}, "server2": {"avg_delay": 0, "avg_queue_size": 0.0, "server_freq": 1.110594988272564}}