{"server1": {"avg_delay": 5.3005123401589564, "avg_queue_size": 6.037716615698267, "server_freq": 1.1107918664513865}, "server2": {"avg_delay": 0, "avg_queue_size": 0.0, "server_freq": 1.1097929529024193}}