{"server1": {"avg_delay": 5.8805370737554234, "avg_queue_size": 6.8969696969696965, "server_freq": 1.1366846825620665}, "server2": {"avg_delay": 0, "avg_queue_size": 0.0, "server_freq": 1.1356849598861103}}