{"server1": {"avg_delay": 9.940292517441359, "avg_queue_size": 10.718281718281718, "server_freq": 1.1040590588060535}, "server2": {"avg_delay": 0, "avg_queue_size": 0.0, "server_freq": 1.1030599103365457}}