{"server1": {"avg_delay": 9.194624646757942, "avg_queue_size": 10.880077369439071, "server_freq": 1.1233351795013664}, "server2": {"avg_delay": 0, "avg_queue_size": 0.0, "server_freq": 1.1223357709786783}}