{"server1": {"avg_delay": 7.45084456067532, "avg_queue_size": 8.092515592515593, "server_freq": 1.0729418565236055}, "server2": {"avg_delay": 0, "avg_queue_size": 0.0, "server_freq": 1.0719419107113748}}