{"server1": {"avg_delay": 4.405044659336479, "avg_queue_size": 5.3121693121693125, "server_freq": 1.1320144445129563}, "server2": {"avg_delay": 0, "avg_queue_size": 0.0, "server_freq": 1.131015314376581}}