{"server1": {"avg_delay": 16.825431189119083, "avg_queue_size": 18.50242954324587, "server_freq": 1.1167939247838132}, "server2": {"avg_delay": 0, "avg_queue_size": 0.0, "server_freq": 1.1157941092737111}}