{"server1": {"avg_delay": 11.129266107671038, "avg_queue_size": 13.208097928436912, "server_freq": 1.1415530674288792}, "server2": {"avg_delay": 0, "avg_queue_size": 0.0, "server_freq": 1.1405534587883985}}