{"server1": {"avg_delay": 7.4443653073926725, "avg_queue_size": 8.361895161290322, "server_freq": 1.1129965024535013}, "server2": {"avg_delay": 0, "avg_queue_size": 0.0, "server_freq": 1.111996505595951}}