{"server1": {"avg_delay": 11.257734806172417, "avg_queue_size": 12.531531531531531, "server_freq": 1.1146755325040139}, "server2": {"avg_delay": 0, "avg_queue_size": 0.0, "server_freq": 1.1136776134955055}}