{"server1": {"avg_delay": 5.938810621417066, "avg_queue_size": 6.849329205366357, "server_freq": 1.119493714192714}, "server2": {"avg_delay": 0, "avg_queue_size": 0.0, "server_freq": 1.1184941662336132}}