{"server1": {"avg_delay": 5.3085259147546955, "avg_queue_size": 5.941237113402062, "server_freq": 1.1503591385901601}, "server2": {"avg_delay": 0, "avg_queue_size": 0.0, "server_freq": 1.149359695376789}}