{"server1": {"avg_delay": 4.339218912448461, "avg_queue_size": 5.064154786150713, "server_freq": 1.1579821722496326}, "server2": {"avg_delay": 0, "avg_queue_size": 0.0, "server_freq": 1.1569821876449267}}