{"server1": {"avg_delay": 8.851301104202474, "avg_queue_size": 10.070519098922626, "server_freq": 1.1298988774150844}, "server2": {"avg_delay": 0, "avg_queue_size": 0.0, "server_freq": 1.1288989669040976}}