{"server1": {"avg_delay": 8.410839983438693, "avg_queue_size": 9.441119691119692, "server_freq": 1.101463132038089}, "server2": {"avg_delay": 0, "avg_queue_size": 0.0, "server_freq": 1.100463619214098}}