{"server1": {"avg_delay": 6.002031095807261, "avg_queue_size": 7.009183673469388, "server_freq": 1.104401347809499}, "server2": {"avg_delay": 0, "avg_queue_size": 0.0, "server_freq": 1.1034018895761872}}