{"server1": {"avg_delay": 8.678298528643797, "avg_queue_size": 10.060114503816793, "server_freq": 1.1299789880608673}, "server2": {"avg_delay": 0, "avg_queue_size": 0.0, "server_freq": 1.1289790066555037}}