{"server1": {"avg_delay": 8.545925467340593, "avg_queue_size": 9.377281947261663, "server_freq": 1.0973946988305896}, "server2": {"avg_delay": 0, "avg_queue_size": 0.0, "server_freq": 1.0963952501067}}