{"server1": {"avg_delay": 4.229308952445174, "avg_queue_size": 4.955578512396694, "server_freq": 1.1077413487173162}, "server2": {"avg_delay": 0, "avg_queue_size": 0.0, "server_freq": 1.106741582157102}}