{"server1": {"avg_delay": 8.065396253882286, "avg_queue_size": 9.193867457962414, "server_freq": 1.116773191257155}, "server2": {"avg_delay": 0, "avg_queue_size": 0.0, "server_freq": 1.1157733943088497}}