{"server1": {"avg_delay": 6.4338955331384895, "avg_queue_size": 7.572427572427572, "server_freq": 1.1106326960197996}, "server2": {"avg_delay": 0, "avg_queue_size": 0.0, "server_freq": 1.1096330266264425}}