{"server1": {"avg_delay": 8.637755546995564, "avg_queue_size": 9.88338192419825, "server_freq": 1.1522644572330554}, "server2": {"avg_delay": 0, "avg_queue_size": 0.0, "server_freq": 1.1512650951712746}}