{"server1": {"avg_delay": 4.177614683741837, "avg_queue_size": 4.628055260361318, "server_freq": 1.1227635868186683}, "server2": {"avg_delay": 0, "avg_queue_size": 0.0, "server_freq": 1.1217637973379748}}