{"server1": {"avg_delay": 6.708207048579498, "avg_queue_size": 7.296988577362409, "server_freq": 1.1093381804504117}, "server2": {"avg_delay": 0, "avg_queue_size": 0.0, "server_freq": 1.10833877668424}}