{"server1": {"avg_delay": 4.796005805929234, "avg_queue_size": 5.349272349272349, "server_freq": 1.1526153133543144}, "server2": {"avg_delay": 0, "avg_queue_size": 0.0, "server_freq": 1.1516156469940766}}