{"server1": {"avg_delay": 9.225086665438498, "avg_queue_size": 10.333005893909627, "server_freq": 1.113616925338961}, "server2": {"avg_delay": 0, "avg_queue_size": 0.0, "server_freq": 1.1126172692120857}}