{"server1": {"avg_delay": 20.70719633900153, "avg_queue_size": 22.08512720156556, "server_freq": 1.0803803387933848}, "server2": {"avg_delay": 0, "avg_queue_size": 0.0, "server_freq": 1.0793809120229931}}