{"server1": {"avg_delay": 12.933259937125067, "avg_queue_size": 14.294797687861271, "server_freq": 1.0938257283185933}, "server2": {"avg_delay": 0, "avg_queue_size": 0.0, "server_freq": 1.092825887616291}}