{"server1": {"avg_delay": 6.6592425494479714, "avg_queue_size": 7.835121951219512, "server_freq": 1.1219728019619448}, "server2": {"avg_delay": 0, "avg_queue_size": 0.0, "server_freq": 1.1209728262026204}}