{"server1": {"avg_delay": 5.275775636312544, "avg_queue_size": 6.054303278688525, "server_freq": 1.1394920948992655}, "server2": {"avg_delay": 0, "avg_queue_size": 0.0, "server_freq": 1.1384925404300554}}