{"server1": {"avg_delay": 9.136147274984749, "avg_queue_size": 10.192964824120603, "server_freq": 1.1258083375742125}, "server2": {"avg_delay": 0, "avg_queue_size": 0.0, "server_freq": 1.1248085077895107}}