{"server1": {"avg_delay": 4.889703585995161, "avg_queue_size": 5.786144578313253, "server_freq": 1.1389602835657904}, "server2": {"avg_delay": 0, "avg_queue_size": 0.0, "server_freq": 1.1379611955977502}}