{"server1": {"avg_delay": 10.194110499295597, "avg_queue_size": 11.322613065326633, "server_freq": 1.0948963431060577}, "server2": {"avg_delay": 0, "avg_queue_size": 0.0, "server_freq": 1.0938964377698877}}