{"server1": {"avg_delay": 7.232977914698167, "avg_queue_size": 8.525252525252526, "server_freq": 1.1376323915200055}, "server2": {"avg_delay": 0, "avg_queue_size": 0.0, "server_freq": 1.1366327145503041}}