{"server1": {"avg_delay": 13.129273361852164, "avg_queue_size": 14.747765640516386, "server_freq": 1.1219396119673297}, "server2": {"avg_delay": 0, "avg_queue_size": 0.0, "server_freq": 1.1209396657891055}}