{"server1": {"avg_delay": 8.401336854466033, "avg_queue_size": 9.689083820662768, "server_freq": 1.1449905782959606}, "server2": {"avg_delay": 0, "avg_queue_size": 0.0, "server_freq": 1.1439914591176918}}