{"server1": {"avg_delay": 6.914065894536723, "avg_queue_size": 7.455747711088504, "server_freq": 1.109535371156264}, "server2": {"avg_delay": 0, "avg_queue_size": 0.0, "server_freq": 1.1085357897408081}}