{"server1": {"avg_delay": 5.221336977556427, "avg_queue_size": 6.007201646090535, "server_freq": 1.1218198136073858}, "server2": {"avg_delay": 0, "avg_queue_size": 0.0, "server_freq": 1.1208199742013187}}