{"server1": {"avg_delay": 6.138102672642251, "avg_queue_size": 6.768218623481781, "server_freq": 1.0739941184448414}, "server2": {"avg_delay": 0, "avg_queue_size": 0.0, "server_freq": 1.0729941239211498}}