{"server1": {"avg_delay": 9.358552077979041, "avg_queue_size": 10.216374269005849, "server_freq": 1.0696872212145536}, "server2": {"avg_delay": 0, "avg_queue_size": 0.0, "server_freq": 1.0686884469650537}}