{"server1": {"avg_delay": 5.4164785223930725, "avg_queue_size": 6.0678685047720045, "server_freq": 1.1143929447542738}, "server2": {"avg_delay": 0, "avg_queue_size": 0.0, "server_freq": 1.1133934891984405}}