{"server1": {"avg_delay": 8.651231139767031, "avg_queue_size": 9.62671905697446, "server_freq": 1.0885691721678863}, "server2": {"avg_delay": 0, "avg_queue_size": 0.0, "server_freq": 1.0875695677857304}}