{"server1": {"avg_delay": 3.9299781630256594, "avg_queue_size": 4.6970954356846475, "server_freq": 1.0986508801700599}, "server2": {"avg_delay": 0, "avg_queue_size": 0.0, "server_freq": 1.0976511978405148}}