{"server1": {"avg_delay": 6.652955250164249, "avg_queue_size": 7.592746113989637, "server_freq": 1.1376671925213926}, "server2": {"avg_delay": 0, "avg_queue_size": 0.0, "server_freq": 1.1366674849708465}}