{"server1": {"avg_delay": 8.570378008437942, "avg_queue_size": 9.299900695134061, "server_freq": 1.0985561056312552}, "server2": {"avg_delay": 0, "avg_queue_size": 0.0, "server_freq": 1.097556509538779}}