{"server1": {"avg_delay": 8.083525355539654, "avg_queue_size": 8.787726358148893, "server_freq": 1.0958629026690225}, "server2": {"avg_delay": 0, "avg_queue_size": 0.0, "server_freq": 1.0948630277578282}}