{"server1": {"avg_delay": 5.398677505677994, "avg_queue_size": 6.213701431492843, "server_freq": 1.1308278463911283}, "server2": {"avg_delay": 0, "avg_queue_size": 0.0, "server_freq": 1.1298279986047526}}