{"server1": {"avg_delay": 3.8982509674160517, "avg_queue_size": 4.7532994923857865, "server_freq": 1.113872556409684}, "server2": {"avg_delay": 0, "avg_queue_size": 0.0, "server_freq": 1.1128726708114707}}