{"server1": {"avg_delay": 5.133999027703618, "avg_queue_size": 5.962701612903226, "server_freq": 1.1322327312211877}, "server2": {"avg_delay": 0, "avg_queue_size": 0.0, "server_freq": 1.1312334084222282}}