{"server1": {"avg_delay": 5.115638824985171, "avg_queue_size": 5.693834900731453, "server_freq": 1.115463913829557}, "server2": {"avg_delay": 0, "avg_queue_size": 0.0, "server_freq": 1.114464394193509}}