{"server1": {"avg_delay": 7.860419455473143, "avg_queue_size": 9.199625117150891, "server_freq": 1.1540930191706933}, "server2": {"avg_delay": 0, "avg_queue_size": 0.0, "server_freq": 1.1530938044354806}}