{"server1": {"avg_delay": 4.770349592288097, "avg_queue_size": 5.572709163346613, "server_freq": 1.1479982949086514}, "server2": {"avg_delay": 0, "avg_queue_size": 0.0, "server_freq": 1.1469982963939225}}