{"server1": {"avg_delay": 12.295423498436023, "avg_queue_size": 13.121393034825871, "server_freq": 1.0548695859553534}, "server2": {"avg_delay": 0, "avg_queue_size": 0.0, "server_freq": 1.0538697095705616}}