{"server1": {"avg_delay": 8.54831627464715, "avg_queue_size": 9.166841552990556, "server_freq": 1.0708847245591042}, "server2": {"avg_delay": 0, "avg_queue_size": 0.0, "server_freq": 1.0698848321925691}}