{"server1": {"avg_delay": 4.316820628717259, "avg_queue_size": 5.112919633774161, "server_freq": 1.1195145937218152}, "server2": {"avg_delay": 0, "avg_queue_size": 0.0, "server_freq": 1.118515027120278}}