{"server1": {"avg_delay": 7.396732708424527, "avg_queue_size": 7.928789420142421, "server_freq": 1.0389070720092801}, "server2": {"avg_delay": 0, "avg_queue_size": 0.0, "server_freq": 1.037907161449117}}