{"server1": {"avg_delay": 4.756591133080524, "avg_queue_size": 5.673387096774194, "server_freq": 1.1986775880893557}, "server2": {"avg_delay": 0, "avg_queue_size": 0.0, "server_freq": 1.1976778569900317}}