{"server1": {"avg_delay": 7.17059202631292, "avg_queue_size": 8.257874015748031, "server_freq": 1.107683987270987}, "server2": {"avg_delay": 0, "avg_queue_size": 0.0, "server_freq": 1.106684272481031}}