{"server1": {"avg_delay": 4.1641940013099985, "avg_queue_size": 4.907484407484407, "server_freq": 1.1814206071818714}, "server2": {"avg_delay": 0, "avg_queue_size": 0.0, "server_freq": 1.1804210973619207}}