{"server1": {"avg_delay": 8.992683699816558, "avg_queue_size": 10.220355731225297, "server_freq": 1.0867151377420028}, "server2": {"avg_delay": 0, "avg_queue_size": 0.0, "server_freq": 1.0857153998047977}}