{"server1": {"avg_delay": 4.795717462859931, "avg_queue_size": 5.663608562691132, "server_freq": 1.1645181663606565}, "server2": {"avg_delay": 0, "avg_queue_size": 0.0, "server_freq": 1.163519437229987}}