{"server1": {"avg_delay": 9.177856747533674, "avg_queue_size": 10.61545711592837, "server_freq": 1.136182965990018}, "server2": {"avg_delay": 0, "avg_queue_size": 0.0, "server_freq": 1.1351836845775378}}