{"server1": {"avg_delay": 3.642741801627915, "avg_queue_size": 4.447179487179487, "server_freq": 1.164933313933409}, "server2": {"avg_delay": 0, "avg_queue_size": 0.0, "server_freq": 1.1639333711746678}}