{"server1": {"avg_delay": 6.560561744141037, "avg_queue_size": 7.2080402010050255, "server_freq": 1.100835108338507}, "server2": {"avg_delay": 0, "avg_queue_size": 0.0, "server_freq": 1.099835258103867}}