{"server1": {"avg_delay": 12.94008305064329, "avg_queue_size": 14.092822966507176, "server_freq": 1.094711786005467}, "server2": {"avg_delay": 0, "avg_queue_size": 0.0, "server_freq": 1.0937120492145942}}