{"server1": {"avg_delay": 10.165039603464198, "avg_queue_size": 11.916822429906542, "server_freq": 1.126674495368393}, "server2": {"avg_delay": 0, "avg_queue_size": 0.0, "server_freq": 1.1256747841923782}}