{"server1": {"avg_delay": 7.973198558901745, "avg_queue_size": 8.895277207392198, "server_freq": 1.0769139981006703}, "server2": {"avg_delay": 0, "avg_queue_size": 0.0, "server_freq": 1.0759140779538732}}