{"server1": {"avg_delay": 5.013760733800994, "avg_queue_size": 6.063045586808923, "server_freq": 1.1463735939691815}, "server2": {"avg_delay": 0, "avg_queue_size": 0.0, "server_freq": 1.1453741400947532}}