{"server1": {"avg_delay": 14.461969549677658, "avg_queue_size": 15.11919191919192, "server_freq": 1.0728690275929116}, "server2": {"avg_delay": 0, "avg_queue_size": 0.0, "server_freq": 1.0718691496548007}}