{"server1": {"avg_delay": 8.223756556300406, "avg_queue_size": 9.917307692307693, "server_freq": 1.1168604878973731}, "server2": {"avg_delay": 0, "avg_queue_size": 0.0, "server_freq": 1.115860612796301}}