{"server1": {"avg_delay": 7.801803886183433, "avg_queue_size": 8.391124871001033, "server_freq": 1.0943320602899924}, "server2": {"avg_delay": 0, "avg_queue_size": 0.0, "server_freq": 1.0933326702805952}}