{"server1": {"avg_delay": 9.596104260861392, "avg_queue_size": 11.099116781157997, "server_freq": 1.0769122676888565}, "server2": {"avg_delay": 0, "avg_queue_size": 0.0, "server_freq": 1.0759123491487554}}