{"server1": {"avg_delay": 5.957862277339532, "avg_queue_size": 6.83300395256917, "server_freq": 1.1184349486282854}, "server2": {"avg_delay": 0, "avg_queue_size": 0.0, "server_freq": 1.1174354535892967}}