{"server1": {"avg_delay": 5.9768150631399966, "avg_queue_size": 6.807377049180328, "server_freq": 1.1154947833398505}, "server2": {"avg_delay": 0, "avg_queue_size": 0.0, "server_freq": 1.114495236042951}}