{"server1": {"avg_delay": 5.396876773449519, "avg_queue_size": 6.329485834207765, "server_freq": 1.1499240649779285}, "server2": {"avg_delay": 0, "avg_queue_size": 0.0, "server_freq": 1.1489249997607451}}