{"server1": {"avg_delay": 4.933262819482312, "avg_queue_size": 5.6687370600414075, "server_freq": 1.1287613302727741}, "server2": {"avg_delay": 0, "avg_queue_size": 0.0, "server_freq": 1.127761541672001}}