{"server1": {"avg_delay": 9.628577576255992, "avg_queue_size": 10.426426426426426, "server_freq": 1.0762024185585188}, "server2": {"avg_delay": 0, "avg_queue_size": 0.0, "server_freq": 1.0752031591169602}}