{"server1": {"avg_delay": 9.174709482635919, "avg_queue_size": 10.515942028985508, "server_freq": 1.097687786839065}, "server2": {"avg_delay": 0, "avg_queue_size": 0.0, "server_freq": 1.0966880711862061}}