{"server1": {"avg_delay": 5.604839749007602, "avg_queue_size": 6.70682302771855, "server_freq": 1.0969970399557822}, "server2": {"avg_delay": 0, "avg_queue_size": 0.0, "server_freq": 1.0959970426540904}}