{"server1": {"avg_delay": 11.547215104603467, "avg_queue_size": 13.393378773125608, "server_freq": 1.035948773203673}, "server2": {"avg_delay": 0, "avg_queue_size": 0.0, "server_freq": 1.0349488226503876}}