{"server1": {"avg_delay": 9.243562145386019, "avg_queue_size": 10.389157792836398, "server_freq": 1.0997733924932995}, "server2": {"avg_delay": 0, "avg_queue_size": 0.0, "server_freq": 1.098773598500124}}