{"server1": {"avg_delay": 5.220881785287222, "avg_queue_size": 5.988553590010405, "server_freq": 1.133972616795203}, "server2": {"avg_delay": 0, "avg_queue_size": 0.0, "server_freq": 1.1329726409426497}}