{"server1": {"avg_delay": 5.368910518753956, "avg_queue_size": 5.922998986828774, "server_freq": 1.134935048463384}, "server2": {"avg_delay": 0, "avg_queue_size": 0.0, "server_freq": 1.1339351056894074}}