{"server1": {"avg_delay": 8.614383393868117, "avg_queue_size": 9.401622718052739, "server_freq": 1.1194646316853003}, "server2": {"avg_delay": 0, "avg_queue_size": 0.0, "server_freq": 1.1184651096927243}}