{"server1": {"avg_delay": 5.826256473401815, "avg_queue_size": 6.741379310344827, "server_freq": 1.1541928224364828}, "server2": {"avg_delay": 0, "avg_queue_size": 0.0, "server_freq": 1.153193521291516}}