{"server1": {"avg_delay": 8.242894518617431, "avg_queue_size": 8.932291666666666, "server_freq": 1.0659843183551982}, "server2": {"avg_delay": 0, "avg_queue_size": 0.0, "server_freq": 1.0649843330659343}}