{"server1": {"avg_delay": 11.015425866697367, "avg_queue_size": 12.110789980732177, "server_freq": 1.1255633700482164}, "server2": {"avg_delay": 0, "avg_queue_size": 0.0, "server_freq": 1.1245646447864168}}