{"server1": {"avg_delay": 4.605669620794734, "avg_queue_size": 5.341995841995842, "server_freq": 1.1501073060593896}, "server2": {"avg_delay": 0, "avg_queue_size": 0.0, "server_freq": 1.1491080816405717}}