{"server1": {"avg_delay": 18.398417987603565, "avg_queue_size": 20.421200750469044, "server_freq": 1.0862390095338657}, "server2": {"avg_delay": 0, "avg_queue_size": 0.0, "server_freq": 1.0852397096170912}}