{"server1": {"avg_delay": 7.048055238029383, "avg_queue_size": 7.935515873015873, "server_freq": 1.1244179587874876}, "server2": {"avg_delay": 0, "avg_queue_size": 0.0, "server_freq": 1.1234184761574544}}