{"server1": {"avg_delay": 12.86314117916359, "avg_queue_size": 14.940566037735849, "server_freq": 1.0848200298345254}, "server2": {"avg_delay": 0, "avg_queue_size": 0.0, "server_freq": 1.0838201957056457}}