{"server1": {"avg_delay": 6.081215429758066, "avg_queue_size": 6.663471778487753, "server_freq": 1.1108559688883894}, "server2": {"avg_delay": 0, "avg_queue_size": 0.0, "server_freq": 1.109856098529354}}