{"server1": {"avg_delay": 19.239316828435786, "avg_queue_size": 19.246200607902736, "server_freq": 0.9858770616626045}, "server2": {"avg_delay": 0, "avg_queue_size": 0.0, "server_freq": 0.9848771863465167}}