{"server1": {"avg_delay": 15.995163703536981, "avg_queue_size": 17.022155085599195, "server_freq": 1.067607427669966}, "server2": {"avg_delay": 0, "avg_queue_size": 0.0, "server_freq": 1.066607795247054}}