{"server1": {"avg_delay": 4.937761866722431, "avg_queue_size": 5.55708245243129, "server_freq": 1.126571551969662}, "server2": {"avg_delay": 0, "avg_queue_size": 0.0, "server_freq": 1.1255719321365034}}