{"server1": {"avg_delay": 10.562032111881589, "avg_queue_size": 11.658607350096712, "server_freq": 1.0857827812176093}, "server2": {"avg_delay": 0, "avg_queue_size": 0.0, "server_freq": 1.0847829812349044}}