{"server1": {"avg_delay": 14.243386124006294, "avg_queue_size": 14.342077649527807, "server_freq": 1.0608806689829149}, "server2": {"avg_delay": 0, "avg_queue_size": 0.0, "server_freq": 1.059880781453242}}