{"server1": {"avg_delay": 11.424655020118994, "avg_queue_size": 12.288270377733598, "server_freq": 1.0885628744716938}, "server2": {"avg_delay": 0, "avg_queue_size": 0.0, "server_freq": 1.0875632758725462}}