{"server1": {"avg_delay": 8.081291636935177, "avg_queue_size": 9.278217821782178, "server_freq": 1.1289035230901077}, "server2": {"avg_delay": 0, "avg_queue_size": 0.0, "server_freq": 1.1279036085435266}}