{"server1": {"avg_delay": 6.774044969666648, "avg_queue_size": 7.647, "server_freq": 1.1478892703334482}, "server2": {"avg_delay": 0, "avg_queue_size": 0.0, "server_freq": 1.1468893667878617}}