{"server1": {"avg_delay": 7.652210841232593, "avg_queue_size": 8.622568093385214, "server_freq": 1.1245564804212604}, "server2": {"avg_delay": 0, "avg_queue_size": 0.0, "server_freq": 1.1235568746608862}}