{"server1": {"avg_delay": 8.47841091197922, "avg_queue_size": 9.174, "server_freq": 1.100799987581139}, "server2": {"avg_delay": 0, "avg_queue_size": 0.0, "server_freq": 1.0998001692454613}}