{"server1": {"avg_delay": 8.8753269477304, "avg_queue_size": 9.936427850655903, "server_freq": 1.0762136708580547}, "server2": {"avg_delay": 0, "avg_queue_size": 0.0, "server_freq": 1.0752144009686786}}