{"server1": {"avg_delay": 7.632954527693989, "avg_queue_size": 8.179787234042553, "server_freq": 1.0788133612938444}, "server2": {"avg_delay": 0, "avg_queue_size": 0.0, "server_freq": 1.0778135342676223}}