{"server1": {"avg_delay": 10.07842027398288, "avg_queue_size": 11.14914914914915, "server_freq": 1.1033986932626842}, "server2": {"avg_delay": 0, "avg_queue_size": 0.0, "server_freq": 1.102399237924584}}