{"server1": {"avg_delay": 9.380941615003774, "avg_queue_size": 10.451741293532338, "server_freq": 1.1398261964828678}, "server2": {"avg_delay": 0, "avg_queue_size": 0.0, "server_freq": 1.1388263489420933}}