{"server1": {"avg_delay": 5.81276094246795, "avg_queue_size": 6.450459652706844, "server_freq": 1.1459415560612984}, "server2": {"avg_delay": 0, "avg_queue_size": 0.0, "server_freq": 1.144942478854619}}