{"server1": {"avg_delay": 4.899326750461511, "avg_queue_size": 5.857581967213115, "server_freq": 1.1495960055110945}, "server2": {"avg_delay": 0, "avg_queue_size": 0.0, "server_freq": 1.14859635681065}}