{"server1": {"avg_delay": 6.725439695435937, "avg_queue_size": 7.685222672064778, "server_freq": 1.0922164202810893}, "server2": {"avg_delay": 0, "avg_queue_size": 0.0, "server_freq": 1.091217137188426}}