{"server1": {"avg_delay": 4.3772884822449205, "avg_queue_size": 5.075604838709677, "server_freq": 1.1215187434679452}, "server2": {"avg_delay": 0, "avg_queue_size": 0.0, "server_freq": 1.120520062485338}}