{"server1": {"avg_delay": 7.874558874207885, "avg_queue_size": 8.872529644268775, "server_freq": 1.1393793894720914}, "server2": {"avg_delay": 0, "avg_queue_size": 0.0, "server_freq": 1.1383799338672913}}