{"server1": {"avg_delay": 3.414656876342233, "avg_queue_size": 4.242328042328042, "server_freq": 1.1757467346142931}, "server2": {"avg_delay": 0, "avg_queue_size": 0.0, "server_freq": 1.1747469499760157}}