{"server1": {"avg_delay": 13.506499809846673, "avg_queue_size": 15.070866141732283, "server_freq": 1.1239032270472094}, "server2": {"avg_delay": 0, "avg_queue_size": 0.0, "server_freq": 1.1229033131441424}}