{"server1": {"avg_delay": 6.128129928358743, "avg_queue_size": 6.896245059288537, "server_freq": 1.1121135522067616}, "server2": {"avg_delay": 0, "avg_queue_size": 0.0, "server_freq": 1.1111143486558122}}