{"server1": {"avg_delay": 6.1391088066678, "avg_queue_size": 7.149950347567031, "server_freq": 1.1529723220079002}, "server2": {"avg_delay": 0, "avg_queue_size": 0.0, "server_freq": 1.1519723460130973}}