{"server1": {"avg_delay": 10.074784684325621, "avg_queue_size": 11.52492668621701, "server_freq": 1.0766003953481025}, "server2": {"avg_delay": 0, "avg_queue_size": 0.0, "server_freq": 1.0756007663830625}}