{"server1": {"avg_delay": 6.762784624459816, "avg_queue_size": 7.483201581027668, "server_freq": 1.085910189303777}, "server2": {"avg_delay": 0, "avg_queue_size": 0.0, "server_freq": 1.0849102720023922}}