{"server1": {"avg_delay": 4.533114942813485, "avg_queue_size": 5.31104033970276, "server_freq": 1.1357480226000427}, "server2": {"avg_delay": 0, "avg_queue_size": 0.0, "server_freq": 1.134748244411134}}