{"server1": {"avg_delay": 4.31684544409026, "avg_queue_size": 5.382678751258812, "server_freq": 1.169437150843288}, "server2": {"avg_delay": 0, "avg_queue_size": 0.0, "server_freq": 1.1684384854710905}}