{"server1": {"avg_delay": 10.975481133060505, "avg_queue_size": 12.021847070506455, "server_freq": 1.1027525458397125}, "server2": {"avg_delay": 0, "avg_queue_size": 0.0, "server_freq": 1.1017527701861862}}