{"server1": {"avg_delay": 11.841660043898656, "avg_queue_size": 12.567326732673267, "server_freq": 1.0802971278394125}, "server2": {"avg_delay": 0, "avg_queue_size": 0.0, "server_freq": 1.0792977780449264}}