{"server1": {"avg_delay": 6.714349147197234, "avg_queue_size": 7.628628628628628, "server_freq": 1.1485898199604672}, "server2": {"avg_delay": 0, "avg_queue_size": 0.0, "server_freq": 1.1475910462039798}}