{"server1": {"avg_delay": 16.944274385519392, "avg_queue_size": 19.401480111008325, "server_freq": 1.1169641012700102}, "server2": {"avg_delay": 0, "avg_queue_size": 0.0, "server_freq": 1.1159641334085328}}