{"server1": {"avg_delay": 7.72403366545854, "avg_queue_size": 8.217791411042946, "server_freq": 1.0686069961107874}, "server2": {"avg_delay": 0, "avg_queue_size": 0.0, "server_freq": 1.0676073637477277}}