{"server1": {"avg_delay": 8.382365758140292, "avg_queue_size": 9.396245059288537, "server_freq": 1.1010176749841114}, "server2": {"avg_delay": 0, "avg_queue_size": 0.0, "server_freq": 1.1000185663861224}}