{"server1": {"avg_delay": 4.751229497700927, "avg_queue_size": 5.7266260162601625, "server_freq": 1.1712820899719598}, "server2": {"avg_delay": 0, "avg_queue_size": 0.0, "server_freq": 1.1702827025231781}}