{"server1": {"avg_delay": 5.604529753483587, "avg_queue_size": 6.172774869109948, "server_freq": 1.1594299744793402}, "server2": {"avg_delay": 0, "avg_queue_size": 0.0, "server_freq": 1.158430465880651}}