{"server1": {"avg_delay": 6.794084437561205, "avg_queue_size": 8.15612648221344, "server_freq": 1.11853098484233}, "server2": {"avg_delay": 0, "avg_queue_size": 0.0, "server_freq": 1.1175314039800939}}