{"server1": {"avg_delay": 7.777857889871882, "avg_queue_size": 8.842418235877107, "server_freq": 1.1467784512967252}, "server2": {"avg_delay": 0, "avg_queue_size": 0.0, "server_freq": 1.1457786444516538}}