{"server1": {"avg_delay": 5.196270466187788, "avg_queue_size": 6.015290519877676, "server_freq": 1.1071149944620249}, "server2": {"avg_delay": 0, "avg_queue_size": 0.0, "server_freq": 1.1061157932034853}}