{"server1": {"avg_delay": 4.955727358137603, "avg_queue_size": 5.766019417475728, "server_freq": 1.1510769899930036}, "server2": {"avg_delay": 0, "avg_queue_size": 0.0, "server_freq": 1.150077791216968}}