{"server1": {"avg_delay": 9.87100168342169, "avg_queue_size": 10.716615698267075, "server_freq": 1.103900109045485}, "server2": {"avg_delay": 0, "avg_queue_size": 0.0, "server_freq": 1.102900199526422}}