{"server1": {"avg_delay": 6.448079412836986, "avg_queue_size": 7.436491935483871, "server_freq": 1.1042734091362263}, "server2": {"avg_delay": 0, "avg_queue_size": 0.0, "server_freq": 1.1032749702491231}}