{"server1": {"avg_delay": 14.645220757517613, "avg_queue_size": 15.67035175879397, "server_freq": 1.0808434282439605}, "server2": {"avg_delay": 0, "avg_queue_size": 0.0, "server_freq": 1.0798435730836977}}