{"server1": {"avg_delay": 9.325934592580147, "avg_queue_size": 10.614583333333334, "server_freq": 1.0992974949809189}, "server2": {"avg_delay": 0, "avg_queue_size": 0.0, "server_freq": 1.09829994734482}}