{"server1": {"avg_delay": 8.737872131661028, "avg_queue_size": 9.409552845528456, "server_freq": 1.073759287378462}, "server2": {"avg_delay": 0, "avg_queue_size": 0.0, "server_freq": 1.07275951150567}}