{"server1": {"avg_delay": 6.04033136634514, "avg_queue_size": 6.638603696098563, "server_freq": 1.1039494585265073}, "server2": {"avg_delay": 0, "avg_queue_size": 0.0, "server_freq": 1.1029495043068276}}