{"server1": {"avg_delay": 3.8957570468475446, "avg_queue_size": 4.7667698658410735, "server_freq": 1.1456266212520507}, "server2": {"avg_delay": 0, "avg_queue_size": 0.0, "server_freq": 1.1446269470624766}}