{"server1": {"avg_delay": 7.45750140625721, "avg_queue_size": 8.176237623762376, "server_freq": 1.0919525997618051}, "server2": {"avg_delay": 0, "avg_queue_size": 0.0, "server_freq": 1.0909526431686167}}