{"server1": {"avg_delay": 17.68146119878748, "avg_queue_size": 17.746652935118433, "server_freq": 0.9982343106547463}, "server2": {"avg_delay": 0, "avg_queue_size": 0.0, "server_freq": 0.9972350771105474}}