{"server1": {"avg_delay": 5.3790808880536725, "avg_queue_size": 6.264446620959843, "server_freq": 1.137616867973597}, "server2": {"avg_delay": 0, "avg_queue_size": 0.0, "server_freq": 1.1366172046449734}}