{"server1": {"avg_delay": 6.198140743027518, "avg_queue_size": 7.462, "server_freq": 1.1859176095825394}, "server2": {"avg_delay": 0, "avg_queue_size": 0.0, "server_freq": 1.1849176790516942}}