{"server1": {"avg_delay": 23.094282241205164, "avg_queue_size": 24.993451824134706, "server_freq": 1.040832745322731}, "server2": {"avg_delay": 0, "avg_queue_size": 0.0, "server_freq": 1.0398329059900484}}