{"server1": {"avg_delay": 14.202139956735861, "avg_queue_size": 15.507274490785646, "server_freq": 1.11751203705984}, "server2": {"avg_delay": 0, "avg_queue_size": 0.0, "server_freq": 1.1165124735204304}}