{"server1": {"avg_delay": 13.151372028780711, "avg_queue_size": 14.316633266533065, "server_freq": 1.0721131328744802}, "server2": {"avg_delay": 0, "avg_queue_size": 0.0, "server_freq": 1.0711139594048862}}