{"server1": {"avg_delay": 5.905583668007197, "avg_queue_size": 6.8486646884272995, "server_freq": 1.129631892629963}, "server2": {"avg_delay": 0, "avg_queue_size": 0.0, "server_freq": 1.1286322183886979}}