{"server1": {"avg_delay": 8.731868398394028, "avg_queue_size": 9.97319587628866, "server_freq": 1.1469097019077583}, "server2": {"avg_delay": 0, "avg_queue_size": 0.0, "server_freq": 1.1459097806332093}}