{"server1": {"avg_delay": 14.368385967891303, "avg_queue_size": 15.769980506822613, "server_freq": 1.0428111725296714}, "server2": {"avg_delay": 0, "avg_queue_size": 0.0, "server_freq": 1.0418113535723081}}