{"server1": {"avg_delay": 8.168644738746266, "avg_queue_size": 9.663489037178264, "server_freq": 1.1215552388493213}, "server2": {"avg_delay": 0, "avg_queue_size": 0.0, "server_freq": 1.120555635249634}}