{"server1": {"avg_delay": 5.391049586799369, "avg_queue_size": 6.483527131782946, "server_freq": 1.1451597778453928}, "server2": {"avg_delay": 0, "avg_queue_size": 0.0, "server_freq": 1.1441605110235382}}