{"server1": {"avg_delay": 6.18904261244757, "avg_queue_size": 6.91, "server_freq": 1.116204091928553}, "server2": {"avg_delay": 0, "avg_queue_size": 0.0, "server_freq": 1.115204804469351}}