{"server1": {"avg_delay": 6.9468053694737035, "avg_queue_size": 8.220404234841194, "server_freq": 1.1717612971054203}, "server2": {"avg_delay": 0, "avg_queue_size": 0.0, "server_freq": 1.170761500776832}}