{"server1": {"avg_delay": 8.256864298221652, "avg_queue_size": 9.024365482233502, "server_freq": 1.079961802533148}, "server2": {"avg_delay": 0, "avg_queue_size": 0.0, "server_freq": 1.078961837901173}}