{"server1": {"avg_delay": 4.162262597593499, "avg_queue_size": 4.904419321685508, "server_freq": 1.1354687565205486}, "server2": {"avg_delay": 0, "avg_queue_size": 0.0, "server_freq": 1.1344701032606361}}