{"server1": {"avg_delay": 6.016364659546005, "avg_queue_size": 7.0871694417238, "server_freq": 1.1489452958649362}, "server2": {"avg_delay": 0, "avg_queue_size": 0.0, "server_freq": 1.1479453434751494}}