{"server1": {"avg_delay": 8.573691253950557, "avg_queue_size": 9.234619395203337, "server_freq": 1.0951178258627923}, "server2": {"avg_delay": 0, "avg_queue_size": 0.0, "server_freq": 1.094118630766202}}