{"server1": {"avg_delay": 4.942686545722992, "avg_queue_size": 6.163672654690619, "server_freq": 1.1418058883071476}, "server2": {"avg_delay": 0, "avg_queue_size": 0.0, "server_freq": 1.1408069330242894}}