{"server1": {"avg_delay": 19.42521894205135, "avg_queue_size": 21.169921875, "server_freq": 1.0689091607985997}, "server2": {"avg_delay": 0, "avg_queue_size": 0.0, "server_freq": 1.067909245774466}}