{"server1": {"avg_delay": 5.921836983628067, "avg_queue_size": 6.326574172892209, "server_freq": 1.0853455889828714}, "server2": {"avg_delay": 0, "avg_queue_size": 0.0, "server_freq": 1.0843461915712849}}