{"server1": {"avg_delay": 12.860557249436116, "avg_queue_size": 13.154320987654321, "server_freq": 1.0128925882559983}, "server2": {"avg_delay": 0, "avg_queue_size": 0.0, "server_freq": 1.0118926942893092}}