{"server1": {"avg_delay": 5.463198290450169, "avg_queue_size": 6.07667731629393, "server_freq": 1.098880678081105}, "server2": {"avg_delay": 0, "avg_queue_size": 0.0, "server_freq": 1.0978807866542795}}