{"server1": {"avg_delay": 5.867506291222091, "avg_queue_size": 7.0296934865900385, "server_freq": 1.1540469088403642}, "server2": {"avg_delay": 0, "avg_queue_size": 0.0, "server_freq": 1.1530477340275154}}