{"server1": {"avg_delay": 3.7289578949874014, "avg_queue_size": 4.676612127045236, "server_freq": 1.1943858346532947}, "server2": {"avg_delay": 0, "avg_queue_size": 0.0, "server_freq": 1.1933863485991916}}