{"server1": {"avg_delay": 7.238547854189791, "avg_queue_size": 8.071794871794872, "server_freq": 1.1273936167226182}, "server2": {"avg_delay": 0, "avg_queue_size": 0.0, "server_freq": 1.1263941542964455}}