{"server1": {"avg_delay": 6.431943465669009, "avg_queue_size": 7.787295476419634, "server_freq": 1.1198717986977578}, "server2": {"avg_delay": 0, "avg_queue_size": 0.0, "server_freq": 1.118871913163206}}