{"server1": {"avg_delay": 4.867460667450215, "avg_queue_size": 5.5592515592515594, "server_freq": 1.102867386098648}, "server2": {"avg_delay": 0, "avg_queue_size": 0.0, "server_freq": 1.1018675063288397}}