{"server1": {"avg_delay": 7.976774774162808, "avg_queue_size": 9.016585365853658, "server_freq": 1.1138723750633142}, "server2": {"avg_delay": 0, "avg_queue_size": 0.0, "server_freq": 1.1128724896278894}}