{"server1": {"avg_delay": 6.076644536053505, "avg_queue_size": 6.714714714714715, "server_freq": 1.074855436001541}, "server2": {"avg_delay": 0, "avg_queue_size": 0.0, "server_freq": 1.073855570479679}}