{"server1": {"avg_delay": 5.209523973324831, "avg_queue_size": 6.338, "server_freq": 1.1548232337270408}, "server2": {"avg_delay": 0, "avg_queue_size": 0.0, "server_freq": 1.1538233867714331}}