{"server1": {"avg_delay": 4.399159599357661, "avg_queue_size": 5.3082926829268295, "server_freq": 1.1657426226988474}, "server2": {"avg_delay": 0, "avg_queue_size": 0.0, "server_freq": 1.1647428434340972}}