{"server1": {"avg_delay": 6.093133832899014, "avg_queue_size": 7.087124878993223, "server_freq": 1.1436565252742525}, "server2": {"avg_delay": 0, "avg_queue_size": 0.0, "server_freq": 1.1426568255143974}}