{"server1": {"avg_delay": 4.7420150088110145, "avg_queue_size": 6.147808358817533, "server_freq": 1.1228866333639849}, "server2": {"avg_delay": 0, "avg_queue_size": 0.0, "server_freq": 1.1218867343137944}}