{"server1": {"avg_delay": 16.823631489860396, "avg_queue_size": 18.59828244274809, "server_freq": 1.0296703980357478}, "server2": {"avg_delay": 0, "avg_queue_size": 0.0, "server_freq": 1.0286707180376549}}