{"server1": {"avg_delay": 7.551546825166092, "avg_queue_size": 8.528846153846153, "server_freq": 1.1127065833670307}, "server2": {"avg_delay": 0, "avg_queue_size": 0.0, "server_freq": 1.1117068469938347}}