{"server1": {"avg_delay": 6.664136288755585, "avg_queue_size": 7.494834710743802, "server_freq": 1.0777483216344255}, "server2": {"avg_delay": 0, "avg_queue_size": 0.0, "server_freq": 1.076748555102297}}