{"server1": {"avg_delay": 5.886632211896058, "avg_queue_size": 6.719438877755511, "server_freq": 1.0966956831623553}, "server2": {"avg_delay": 0, "avg_queue_size": 0.0, "server_freq": 1.0956959605705938}}