{"server1": {"avg_delay": 10.519193190765133, "avg_queue_size": 11.426900584795321, "server_freq": 1.0767066703354173}, "server2": {"avg_delay": 0, "avg_queue_size": 0.0, "server_freq": 1.0757069426935089}}