{"server1": {"avg_delay": 7.3849801442853105, "avg_queue_size": 8.162859980139027, "server_freq": 1.1345111605117773}, "server2": {"avg_delay": 0, "avg_queue_size": 0.0, "server_freq": 1.1335115912073614}}