{"server1": {"avg_delay": 4.505060207737494, "avg_queue_size": 5.27116935483871, "server_freq": 1.1501444131588776}, "server2": {"avg_delay": 0, "avg_queue_size": 0.0, "server_freq": 1.1491451565010506}}