{"server1": {"avg_delay": 7.261589909424853, "avg_queue_size": 8.149801587301587, "server_freq": 1.077975074145704}, "server2": {"avg_delay": 0, "avg_queue_size": 0.0, "server_freq": 1.0769760240306476}}