{"server1": {"avg_delay": 9.68570777931953, "avg_queue_size": 10.830574488802338, "server_freq": 1.1426528083974232}, "server2": {"avg_delay": 0, "avg_queue_size": 0.0, "server_freq": 1.1416531121521063}}