{"server1": {"avg_delay": 3.465752709472474, "avg_queue_size": 4.084967320261438, "server_freq": 1.1449858629402077}, "server2": {"avg_delay": 0, "avg_queue_size": 0.0, "server_freq": 1.1439858752869847}}