{"server1": {"avg_delay": 18.29188640448223, "avg_queue_size": 20.40382775119617, "server_freq": 1.0570777307887103}, "server2": {"avg_delay": 0, "avg_queue_size": 0.0, "server_freq": 1.0560786024987399}}