{"server1": {"avg_delay": 12.35873349432671, "avg_queue_size": 13.735553379040157, "server_freq": 1.138323249315383}, "server2": {"avg_delay": 0, "avg_queue_size": 0.0, "server_freq": 1.1373238434775292}}