{"server1": {"avg_delay": 8.212265421916298, "avg_queue_size": 9.02123356926188, "server_freq": 1.1013895571649472}, "server2": {"avg_delay": 0, "avg_queue_size": 0.0, "server_freq": 1.100390111105814}}