{"server1": {"avg_delay": 7.7137317224936615, "avg_queue_size": 8.50597609561753, "server_freq": 1.1105618011101555}, "server2": {"avg_delay": 0, "avg_queue_size": 0.0, "server_freq": 1.1095630944544808}}