{"server1": {"avg_delay": 4.658423569005344, "avg_queue_size": 5.4593781344032095, "server_freq": 1.1205782332233143}, "server2": {"avg_delay": 0, "avg_queue_size": 0.0, "server_freq": 1.1195795003951294}}