{"server1": {"avg_delay": 5.30577707209254, "avg_queue_size": 6.094594594594595, "server_freq": 1.1496482465198623}, "server2": {"avg_delay": 0, "avg_queue_size": 0.0, "server_freq": 1.1486494209364393}}