{"server1": {"avg_delay": 6.536508154023372, "avg_queue_size": 7.4574036511156185, "server_freq": 1.0979923139526726}, "server2": {"avg_delay": 0, "avg_queue_size": 0.0, "server_freq": 1.0969923209527157}}