{"server1": {"avg_delay": 5.173465637204321, "avg_queue_size": 5.903960396039604, "server_freq": 1.114982717974989}, "server2": {"avg_delay": 0, "avg_queue_size": 0.0, "server_freq": 1.113982733474563}}