{"server1": {"avg_delay": 4.804156836546784, "avg_queue_size": 5.5548717948717945, "server_freq": 1.1264470754126126}, "server2": {"avg_delay": 0, "avg_queue_size": 0.0, "server_freq": 1.1254475660289278}}