{"server1": {"avg_delay": 5.782869521961346, "avg_queue_size": 6.33367451381781, "server_freq": 1.1042042314052518}, "server2": {"avg_delay": 0, "avg_queue_size": 0.0, "server_freq": 1.1032049515578262}}