{"server1": {"avg_delay": 7.312913563843514, "avg_queue_size": 8.33399014778325, "server_freq": 1.1399694813763686}, "server2": {"avg_delay": 0, "avg_queue_size": 0.0, "server_freq": 1.138969508147091}}