{"server1": {"avg_delay": 5.251476897649531, "avg_queue_size": 5.9341126461211475, "server_freq": 1.0961013327375042}, "server2": {"avg_delay": 0, "avg_queue_size": 0.0, "server_freq": 1.0951021519419368}}