{"server1": {"avg_delay": 7.317836005260838, "avg_queue_size": 8.561487130600572, "server_freq": 1.172848671656159}, "server2": {"avg_delay": 0, "avg_queue_size": 0.0, "server_freq": 1.1718496523446973}}