{"server1": {"avg_delay": 6.18838895437069, "avg_queue_size": 7.07363184079602, "server_freq": 1.1073986879704851}, "server2": {"avg_delay": 0, "avg_queue_size": 0.0, "server_freq": 1.106399230670873}}