{"server1": {"avg_delay": 7.568160403168743, "avg_queue_size": 8.514370664023787, "server_freq": 1.102684651102016}, "server2": {"avg_delay": 0, "avg_queue_size": 0.0, "server_freq": 1.1016849370031023}}