{"server1": {"avg_delay": 4.477262811845726, "avg_queue_size": 5.071581196581197, "server_freq": 1.1015914336829375}, "server2": {"avg_delay": 0, "avg_queue_size": 0.0, "server_freq": 1.1005927107149567}}