{"server1": {"avg_delay": 6.592760795657513, "avg_queue_size": 7.589515331355094, "server_freq": 1.1594638306785854}, "server2": {"avg_delay": 0, "avg_queue_size": 0.0, "server_freq": 1.1584651538218425}}