{"server1": {"avg_delay": 7.2156413029993125, "avg_queue_size": 7.960385438972163, "server_freq": 1.1289649744149153}, "server2": {"avg_delay": 0, "avg_queue_size": 0.0, "server_freq": 1.1279650054384627}}