{"server1": {"avg_delay": 6.728425697641973, "avg_queue_size": 7.890890890890891, "server_freq": 1.1059980077754303}, "server2": {"avg_delay": 0, "avg_queue_size": 0.0, "server_freq": 1.1049980095767185}}