{"server1": {"avg_delay": 4.452954272758233, "avg_queue_size": 5.266666666666667, "server_freq": 1.1519843615387515}, "server2": {"avg_delay": 0, "avg_queue_size": 0.0, "server_freq": 1.1509843751138047}}