{"server1": {"avg_delay": 12.653684666948193, "avg_queue_size": 13.634170854271357, "server_freq": 1.080560827649872}, "server2": {"avg_delay": 0, "avg_queue_size": 0.0, "server_freq": 1.0795630798865756}}