{"server1": {"avg_delay": 7.664798640649735, "avg_queue_size": 8.49341438703141, "server_freq": 1.071775053804872}, "server2": {"avg_delay": 0, "avg_queue_size": 0.0, "server_freq": 1.070776195413628}}