{"server1": {"avg_delay": 4.261073601730327, "avg_queue_size": 5.1, "server_freq": 1.177989998579161}, "server2": {"avg_delay": 0, "avg_queue_size": 0.0, "server_freq": 1.1769900070693315}}