{"server1": {"avg_delay": 4.909739435846206, "avg_queue_size": 5.76023976023976, "server_freq": 1.150643212552831}, "server2": {"avg_delay": 0, "avg_queue_size": 0.0, "server_freq": 1.1496435225332369}}