{"server1": {"avg_delay": 3.8043487705813415, "avg_queue_size": 4.3952033368091765, "server_freq": 1.132960588840754}, "server2": {"avg_delay": 0, "avg_queue_size": 0.0, "server_freq": 1.1319606236255368}}