{"server1": {"avg_delay": 13.631605103780075, "avg_queue_size": 14.963546798029556, "server_freq": 1.074074386585219}, "server2": {"avg_delay": 0, "avg_queue_size": 0.0, "server_freq": 1.0730752476209537}}