{"server1": {"avg_delay": 19.953232771665302, "avg_queue_size": 21.866474543707973, "server_freq": 1.092639083729844}, "server2": {"avg_delay": 0, "avg_queue_size": 0.0, "server_freq": 1.0916394139368617}}