{"server1": {"avg_delay": 6.2353034809794785, "avg_queue_size": 6.972420837589377, "server_freq": 1.0747292425058164}, "server2": {"avg_delay": 0, "avg_queue_size": 0.0, "server_freq": 1.0737294943732527}}