{"server1": {"avg_delay": 10.17296171740764, "avg_queue_size": 11.569498069498069, "server_freq": 1.1465608660125846}, "server2": {"avg_delay": 0, "avg_queue_size": 0.0, "server_freq": 1.1455612488669764}}