{"server1": {"avg_delay": 5.570826491599706, "avg_queue_size": 6.205970149253731, "server_freq": 1.1085838049578707}, "server2": {"avg_delay": 0, "avg_queue_size": 0.0, "server_freq": 1.1075859797508878}}