{"server1": {"avg_delay": 4.632552910935672, "avg_queue_size": 5.646403242147923, "server_freq": 1.1529985423472495}, "server2": {"avg_delay": 0, "avg_queue_size": 0.0, "server_freq": 1.1519985436114757}}