{"server1": {"avg_delay": 8.058660089832543, "avg_queue_size": 8.924453280318092, "server_freq": 1.121944900011533}, "server2": {"avg_delay": 0, "avg_queue_size": 0.0, "server_freq": 1.120944949120257}}