{"server1": {"avg_delay": 6.117867354024536, "avg_queue_size": 6.934560327198364, "server_freq": 1.065641929902646}, "server2": {"avg_delay": 0, "avg_queue_size": 0.0, "server_freq": 1.0646422658033001}}