{"server1": {"avg_delay": 11.674874847230729, "avg_queue_size": 12.579303675048356, "server_freq": 1.106921700270609}, "server2": {"avg_delay": 0, "avg_queue_size": 0.0, "server_freq": 1.1059226734653107}}