{"server1": {"avg_delay": 7.579638379503197, "avg_queue_size": 8.729596853490659, "server_freq": 1.1394855308214193}, "server2": {"avg_delay": 0, "avg_queue_size": 0.0, "server_freq": 1.1384859821101725}}