{"server1": {"avg_delay": 5.785498401467658, "avg_queue_size": 6.520897043832823, "server_freq": 1.1098578600023092}, "server2": {"avg_delay": 0, "avg_queue_size": 0.0, "server_freq": 1.1088579880563612}}