{"server1": {"avg_delay": 7.694505063911073, "avg_queue_size": 8.984375, "server_freq": 1.142629023525517}, "server2": {"avg_delay": 0, "avg_queue_size": 0.0, "server_freq": 1.1416293480893618}}