{"server1": {"avg_delay": 8.681838815045092, "avg_queue_size": 9.664429530201343, "server_freq": 1.0967715201092312}, "server2": {"avg_delay": 0, "avg_queue_size": 0.0, "server_freq": 1.0957717283862511}}