{"server1": {"avg_delay": 5.2175251878791755, "avg_queue_size": 5.836587872559096, "server_freq": 1.1276103436552325}, "server2": {"avg_delay": 0, "avg_queue_size": 0.0, "server_freq": 1.1266106890952545}}