{"server1": {"avg_delay": 13.952035255325399, "avg_queue_size": 15.146176185866409, "server_freq": 1.1413139266069798}, "server2": {"avg_delay": 0, "avg_queue_size": 0.0, "server_freq": 1.1403145273717723}}