{"server1": {"avg_delay": 7.657484767523262, "avg_queue_size": 8.6799591002045, "server_freq": 1.0927785230842855}, "server2": {"avg_delay": 0, "avg_queue_size": 0.0, "server_freq": 1.0917787257164133}}