{"server1": {"avg_delay": 6.773044907685842, "avg_queue_size": 7.362814070351758, "server_freq": 1.0927334464342913}, "server2": {"avg_delay": 0, "avg_queue_size": 0.0, "server_freq": 1.091733690307636}}