{"server1": {"avg_delay": 5.568040820318864, "avg_queue_size": 6.393153526970955, "server_freq": 1.1396770214193626}, "server2": {"avg_delay": 0, "avg_queue_size": 0.0, "server_freq": 1.138677304733907}}