{"server1": {"avg_delay": 14.39697303187987, "avg_queue_size": 16.53951219512195, "server_freq": 1.1306133112033456}, "server2": {"avg_delay": 0, "avg_queue_size": 0.0, "server_freq": 1.1296136531032541}}