{"server1": {"avg_delay": 5.075309431745033, "avg_queue_size": 5.4784053156146175, "server_freq": 1.1029680559773205}, "server2": {"avg_delay": 0, "avg_queue_size": 0.0, "server_freq": 1.1019680849383564}}