{"server1": {"avg_delay": 7.973692858674436, "avg_queue_size": 8.822067594433399, "server_freq": 1.124074258599727}, "server2": {"avg_delay": 0, "avg_queue_size": 0.0, "server_freq": 1.1230750814809716}}