{"server1": {"avg_delay": 8.658343453798272, "avg_queue_size": 9.916905444126074, "server_freq": 1.1239345020716764}, "server2": {"avg_delay": 0, "avg_queue_size": 0.0, "server_freq": 1.1229345603438545}}