{"server1": {"avg_delay": 9.295910192807256, "avg_queue_size": 10.542, "server_freq": 1.1048689877046998}, "server2": {"avg_delay": 0, "avg_queue_size": 0.0, "server_freq": 1.103869106267863}}