{"server1": {"avg_delay": 5.280389717658819, "avg_queue_size": 6.331707317073171, "server_freq": 1.1197136156659802}, "server2": {"avg_delay": 0, "avg_queue_size": 0.0, "server_freq": 1.1187147631988383}}