{"server1": {"avg_delay": 6.054538262452818, "avg_queue_size": 6.628299894403379, "server_freq": 1.0868671641372503}, "server2": {"avg_delay": 0, "avg_queue_size": 0.0, "server_freq": 1.0858672863413559}}