{"server1": {"avg_delay": 4.807758511961748, "avg_queue_size": 5.706243602865916, "server_freq": 1.1288278867077186}, "server2": {"avg_delay": 0, "avg_queue_size": 0.0, "server_freq": 1.127828039155276}}