{"server1": {"avg_delay": 5.7621987312176755, "avg_queue_size": 6.507920792079208, "server_freq": 1.1191710385312101}, "server2": {"avg_delay": 0, "avg_queue_size": 0.0, "server_freq": 1.1181717786753786}}