{"server1": {"avg_delay": 9.103969920631103, "avg_queue_size": 10.563314711359403, "server_freq": 1.1385357766721527}, "server2": {"avg_delay": 0, "avg_queue_size": 0.0, "server_freq": 1.1375361842431166}}