{"server1": {"avg_delay": 7.092168183086207, "avg_queue_size": 7.759557344064386, "server_freq": 1.085870883830819}, "server2": {"avg_delay": 0, "avg_queue_size": 0.0, "server_freq": 1.0848710027223192}}