{"server1": {"avg_delay": 6.497121752925165, "avg_queue_size": 7.1915550978372815, "server_freq": 1.1159148719845486}, "server2": {"avg_delay": 0, "avg_queue_size": 0.0, "server_freq": 1.1149158434509905}}