{"server1": {"avg_delay": 8.171401952112838, "avg_queue_size": 8.87737843551797, "server_freq": 1.0758527425358455}, "server2": {"avg_delay": 0, "avg_queue_size": 0.0, "server_freq": 1.0748528793922247}}