{"server1": {"avg_delay": 9.307824056725805, "avg_queue_size": 10.567748091603054, "server_freq": 1.1215274290732786}, "server2": {"avg_delay": 0, "avg_queue_size": 0.0, "server_freq": 1.1205278502594878}}