{"server1": {"avg_delay": 9.989047482964013, "avg_queue_size": 11.034102306920762, "server_freq": 1.053619867849469}, "server2": {"avg_delay": 0, "avg_queue_size": 0.0, "server_freq": 1.0526202285061586}}