{"server1": {"avg_delay": 5.479214030825854, "avg_queue_size": 6.513861386138614, "server_freq": 1.1590899028622617}, "server2": {"avg_delay": 0, "avg_queue_size": 0.0, "server_freq": 1.1580915480794347}}