{"server1": {"avg_delay": 13.953180278680989, "avg_queue_size": 15.282945736434108, "server_freq": 1.118288094471795}, "server2": {"avg_delay": 0, "avg_queue_size": 0.0, "server_freq": 1.1172887306697648}}