{"server1": {"avg_delay": 6.711113338918307, "avg_queue_size": 6.99680170575693, "server_freq": 1.0528845533175177}, "server2": {"avg_delay": 0, "avg_queue_size": 0.0, "server_freq": 1.0518846629534935}}