{"server1": {"avg_delay": 8.320447735889156, "avg_queue_size": 9.18388625592417, "server_freq": 1.0829189413640534}, "server2": {"avg_delay": 0, "avg_queue_size": 0.0, "server_freq": 1.0819190162104393}}