{"server1": {"avg_delay": 6.308719798966819, "avg_queue_size": 7.290105667627281, "server_freq": 1.1388988386340948}, "server2": {"avg_delay": 0, "avg_queue_size": 0.0, "server_freq": 1.1378989274500437}}