{"server1": {"avg_delay": 7.74884618950103, "avg_queue_size": 8.698795180722891, "server_freq": 1.1137827766172421}, "server2": {"avg_delay": 0, "avg_queue_size": 0.0, "server_freq": 1.112782971611302}}