{"server1": {"avg_delay": 7.333277193996427, "avg_queue_size": 8.293156281920327, "server_freq": 1.1054566790533564}, "server2": {"avg_delay": 0, "avg_queue_size": 0.0, "server_freq": 1.104458073200553}}