{"server1": {"avg_delay": 19.692837786460263, "avg_queue_size": 21.705714285714286, "server_freq": 1.0738011057756625}, "server2": {"avg_delay": 0, "avg_queue_size": 0.0, "server_freq": 1.0728012909658153}}