{"server1": {"avg_delay": 16.323517499477266, "avg_queue_size": 17.664676616915422, "server_freq": 1.0966067817133607}, "server2": {"avg_delay": 0, "avg_queue_size": 0.0, "server_freq": 1.0956071401621177}}