{"server1": {"avg_delay": 13.877885765022912, "avg_queue_size": 14.698396793587174, "server_freq": 1.099652778087464}, "server2": {"avg_delay": 0, "avg_queue_size": 0.0, "server_freq": 1.098654908052902}}