{"server1": {"avg_delay": 4.96125143560649, "avg_queue_size": 5.691745036572623, "server_freq": 1.1169898405166914}, "server2": {"avg_delay": 0, "avg_queue_size": 0.0, "server_freq": 1.115989849612021}}