{"server1": {"avg_delay": 4.176626777776618, "avg_queue_size": 4.912998976458547, "server_freq": 1.1288368067995818}, "server2": {"avg_delay": 0, "avg_queue_size": 0.0, "server_freq": 1.1278369513462605}}