{"server1": {"avg_delay": 6.418933365946595, "avg_queue_size": 6.919878296146044, "server_freq": 1.1159712699870021}, "server2": {"avg_delay": 0, "avg_queue_size": 0.0, "server_freq": 1.1149721909628418}}