{"server1": {"avg_delay": 9.885218135690613, "avg_queue_size": 10.625754527162979, "server_freq": 1.065536381249063}, "server2": {"avg_delay": 0, "avg_queue_size": 0.0, "server_freq": 1.064538688008193}}