{"server1": {"avg_delay": 10.362234564311212, "avg_queue_size": 11.900293255131965, "server_freq": 1.1486387817485304}, "server2": {"avg_delay": 0, "avg_queue_size": 0.0, "server_freq": 1.1476390961247285}}