{"server1": {"avg_delay": 4.243466132931106, "avg_queue_size": 4.992685475444096, "server_freq": 1.169272607337829}, "server2": {"avg_delay": 0, "avg_queue_size": 0.0, "server_freq": 1.168273229040959}}