{"server1": {"avg_delay": 14.986124289198347, "avg_queue_size": 16.2012012012012, "server_freq": 1.0939995357334082}, "server2": {"avg_delay": 0, "avg_queue_size": 0.0, "server_freq": 1.0929995361577836}}