{"server1": {"avg_delay": 7.565842872533179, "avg_queue_size": 8.274647887323944, "server_freq": 1.0749885258517775}, "server2": {"avg_delay": 0, "avg_queue_size": 0.0, "server_freq": 1.0739885365254038}}