{"server1": {"avg_delay": 8.14377469937432, "avg_queue_size": 9.479127134724857, "server_freq": 1.1483207382249419}, "server2": {"avg_delay": 0, "avg_queue_size": 0.0, "server_freq": 1.1473213294014215}}