{"server1": {"avg_delay": 5.826973336718843, "avg_queue_size": 6.900900900900901, "server_freq": 1.1526612729803611}, "server2": {"avg_delay": 0, "avg_queue_size": 0.0, "server_freq": 1.151661566759216}}