{"server1": {"avg_delay": 5.7319576488397495, "avg_queue_size": 6.5005065856129685, "server_freq": 1.117739021253286}, "server2": {"avg_delay": 0, "avg_queue_size": 0.0, "server_freq": 1.11673925468687}}