{"server1": {"avg_delay": 5.36184514349777, "avg_queue_size": 6.182662538699691, "server_freq": 1.1233855065666154}, "server2": {"avg_delay": 0, "avg_queue_size": 0.0, "server_freq": 1.1223860532689585}}