{"server1": {"avg_delay": 7.411093468509195, "avg_queue_size": 8.098343685300208, "server_freq": 1.1074113572456699}, "server2": {"avg_delay": 0, "avg_queue_size": 0.0, "server_freq": 1.1064118885116936}}