{"server1": {"avg_delay": 7.799409697618434, "avg_queue_size": 8.701522842639594, "server_freq": 1.087762178880441}, "server2": {"avg_delay": 0, "avg_queue_size": 0.0, "server_freq": 1.0867633155389531}}