{"server1": {"avg_delay": 9.803149619437736, "avg_queue_size": 10.707574304889741, "server_freq": 1.1158864240671158}, "server2": {"avg_delay": 0, "avg_queue_size": 0.0, "server_freq": 1.1148865258376648}}