{"server1": {"avg_delay": 6.768459894046456, "avg_queue_size": 7.869565217391305, "server_freq": 1.1458124105705456}, "server2": {"avg_delay": 0, "avg_queue_size": 0.0, "server_freq": 1.1448125742611472}}