{"server1": {"avg_delay": 7.400454798328327, "avg_queue_size": 8.6734496124031, "server_freq": 1.1748654669804366}, "server2": {"avg_delay": 0, "avg_queue_size": 0.0, "server_freq": 1.1738655814766235}}