{"server1": {"avg_delay": 11.768213476249636, "avg_queue_size": 12.179616548940464, "server_freq": 1.036864379302716}, "server2": {"avg_delay": 0, "avg_queue_size": 0.0, "server_freq": 1.0358645100844877}}