{"server1": {"avg_delay": 6.810478610131968, "avg_queue_size": 7.8045409674234945, "server_freq": 1.1025955304161832}, "server2": {"avg_delay": 0, "avg_queue_size": 0.0, "server_freq": 1.1015958971157154}}