{"server1": {"avg_delay": 6.171544971280242, "avg_queue_size": 6.984879032258065, "server_freq": 1.1361582748126668}, "server2": {"avg_delay": 0, "avg_queue_size": 0.0, "server_freq": 1.1351590151162616}}