{"server1": {"avg_delay": 6.379040761677873, "avg_queue_size": 6.975991649269311, "server_freq": 1.1287657801749025}, "server2": {"avg_delay": 0, "avg_queue_size": 0.0, "server_freq": 1.1277659876326749}}