{"server1": {"avg_delay": 4.809958596621755, "avg_queue_size": 5.9734513274336285, "server_freq": 1.0988455619671622}, "server2": {"avg_delay": 0, "avg_queue_size": 0.0, "server_freq": 1.0978457024931247}}