{"server1": {"avg_delay": 5.403362344771029, "avg_queue_size": 6.124362895005097, "server_freq": 1.1088324968637002}, "server2": {"avg_delay": 0, "avg_queue_size": 0.0, "server_freq": 1.1078326479034986}}