{"server1": {"avg_delay": 5.83120697229553, "avg_queue_size": 6.6600397614314115, "server_freq": 1.0869166550969729}, "server2": {"avg_delay": 0, "avg_queue_size": 0.0, "server_freq": 1.0859167317712168}}