{"server1": {"avg_delay": 4.855641615783068, "avg_queue_size": 5.735205616850552, "server_freq": 1.1139914488740286}, "server2": {"avg_delay": 0, "avg_queue_size": 0.0, "server_freq": 1.1129914565500842}}