{"server1": {"avg_delay": 7.275490252191052, "avg_queue_size": 8.504873294346979, "server_freq": 1.1417097824115734}, "server2": {"avg_delay": 0, "avg_queue_size": 0.0, "server_freq": 1.1407100365425615}}