{"server1": {"avg_delay": 7.666400561670229, "avg_queue_size": 8.607532210109019, "server_freq": 1.1382188756112268}, "server2": {"avg_delay": 0, "avg_queue_size": 0.0, "server_freq": 1.1372195614096368}}