{"server1": {"avg_delay": 11.784451081443205, "avg_queue_size": 13.168431183830606, "server_freq": 1.0906541354830208}, "server2": {"avg_delay": 0, "avg_queue_size": 0.0, "server_freq": 1.0896553679596848}}