{"server1": {"avg_delay": 6.173111184834828, "avg_queue_size": 7.0999000999001, "server_freq": 1.1388104101924132}, "server2": {"avg_delay": 0, "avg_queue_size": 0.0, "server_freq": 1.1378105766452733}}