{"server1": {"avg_delay": 5.2929139448343205, "avg_queue_size": 6.398382204246714, "server_freq": 1.1077066354833036}, "server2": {"avg_delay": 0, "avg_queue_size": 0.0, "server_freq": 1.106706900252723}}