{"server1": {"avg_delay": 4.1719741592965915, "avg_queue_size": 4.721258134490238, "server_freq": 1.0999717096446566}, "server2": {"avg_delay": 0, "avg_queue_size": 0.0, "server_freq": 1.0989717353631616}}