{"server1": {"avg_delay": 4.384509580679839, "avg_queue_size": 4.99685534591195, "server_freq": 1.0984960315300576}, "server2": {"avg_delay": 0, "avg_queue_size": 0.0, "server_freq": 1.0974964901000939}}