{"server1": {"avg_delay": 6.599177025576915, "avg_queue_size": 7.556218905472637, "server_freq": 1.1236484771156352}, "server2": {"avg_delay": 0, "avg_queue_size": 0.0, "server_freq": 1.122648789858415}}