{"server1": {"avg_delay": 7.3754205513468865, "avg_queue_size": 8.397119341563785, "server_freq": 1.120622829507007}, "server2": {"avg_delay": 0, "avg_queue_size": 0.0, "server_freq": 1.1196240569316889}}