{"server1": {"avg_delay": 10.226236859257702, "avg_queue_size": 11.523949169110459, "server_freq": 1.1204497499867134}, "server2": {"avg_delay": 0, "avg_queue_size": 0.0, "server_freq": 1.1194502408431035}}