{"server1": {"avg_delay": 10.734599774768732, "avg_queue_size": 11.716135458167331, "server_freq": 1.1048324593186751}, "server2": {"avg_delay": 0, "avg_queue_size": 0.0, "server_freq": 1.1038326109392012}}