{"server1": {"avg_delay": 7.421733380706723, "avg_queue_size": 8.033742331288343, "server_freq": 1.1008098174129308}, "server2": {"avg_delay": 0, "avg_queue_size": 0.0, "server_freq": 1.0998099901491587}}