{"server1": {"avg_delay": 7.471271850398108, "avg_queue_size": 7.757383966244726, "server_freq": 1.068971381405212}, "server2": {"avg_delay": 0, "avg_queue_size": 0.0, "server_freq": 1.067971408176582}}