{"server1": {"avg_delay": 7.319125986246614, "avg_queue_size": 8.233300099700898, "server_freq": 1.1348664979097656}, "server2": {"avg_delay": 0, "avg_queue_size": 0.0, "server_freq": 1.1338666155327526}}