{"server1": {"avg_delay": 3.98255374298409, "avg_queue_size": 4.765979381443299, "server_freq": 1.14575551861855}, "server2": {"avg_delay": 0, "avg_queue_size": 0.0, "server_freq": 1.1447557319530888}}