{"server1": {"avg_delay": 7.7179474968537605, "avg_queue_size": 8.535524920466596, "server_freq": 1.1195745406614845}, "server2": {"avg_delay": 0, "avg_queue_size": 0.0, "server_freq": 1.118574920535894}}