{"server1": {"avg_delay": 7.865211685689217, "avg_queue_size": 8.833168805528134, "server_freq": 1.089970605331019}, "server2": {"avg_delay": 0, "avg_queue_size": 0.0, "server_freq": 1.0889706322986052}}