{"server1": {"avg_delay": 4.617210164400651, "avg_queue_size": 5.449144008056395, "server_freq": 1.1649811003956643}, "server2": {"avg_delay": 0, "avg_queue_size": 0.0, "server_freq": 1.1639811166185006}}