{"server1": {"avg_delay": 5.93788321604939, "avg_queue_size": 6.629363449691992, "server_freq": 1.1226450505586416}, "server2": {"avg_delay": 0, "avg_queue_size": 0.0, "server_freq": 1.121645366631163}}