{"server1": {"avg_delay": 3.9771160553844855, "avg_queue_size": 4.491926803013993, "server_freq": 1.1197056087609574}, "server2": {"avg_delay": 0, "avg_queue_size": 0.0, "server_freq": 1.1187058716102778}}