{"server1": {"avg_delay": 11.532325901548582, "avg_queue_size": 12.616200578592093, "server_freq": 1.063211528475095}, "server2": {"avg_delay": 0, "avg_queue_size": 0.0, "server_freq": 1.062212269519761}}