{"server1": {"avg_delay": 7.287289372150635, "avg_queue_size": 8.183419689119171, "server_freq": 1.1188434658801067}, "server2": {"avg_delay": 0, "avg_queue_size": 0.0, "server_freq": 1.1178436057676133}}