{"server1": {"avg_delay": 6.477900190619449, "avg_queue_size": 7.07563025210084, "server_freq": 1.070997616196784}, "server2": {"avg_delay": 0, "avg_queue_size": 0.0, "server_freq": 1.0699976184225575}}