{"server1": {"avg_delay": 9.626632217243221, "avg_queue_size": 10.555014605647518, "server_freq": 1.1169480816948971}, "server2": {"avg_delay": 0, "avg_queue_size": 0.0, "server_freq": 1.1159490225878355}}