{"server1": {"avg_delay": 8.907870548265343, "avg_queue_size": 10.107862903225806, "server_freq": 1.0887160720993234}, "server2": {"avg_delay": 0, "avg_queue_size": 0.0, "server_freq": 1.0877163328228319}}