{"server1": {"avg_delay": 11.293124557828815, "avg_queue_size": 12.492248062015504, "server_freq": 1.1046394358090557}, "server2": {"avg_delay": 0, "avg_queue_size": 0.0, "server_freq": 1.103639762111491}}