{"server1": {"avg_delay": 5.918176858440976, "avg_queue_size": 6.8001978239366965, "server_freq": 1.1383696549471807}, "server2": {"avg_delay": 0, "avg_queue_size": 0.0, "server_freq": 1.1373702083668933}}