{"server1": {"avg_delay": 6.002203012942209, "avg_queue_size": 6.947947947947948, "server_freq": 1.1639035306002679}, "server2": {"avg_delay": 0, "avg_queue_size": 0.0, "server_freq": 1.162903613477759}}