{"server1": {"avg_delay": 6.51929699149759, "avg_queue_size": 7.4515503875969, "server_freq": 1.09469740441456}, "server2": {"avg_delay": 0, "avg_queue_size": 0.0, "server_freq": 1.0936976807575605}}