{"server1": {"avg_delay": 8.253110717495789, "avg_queue_size": 9.121301775147929, "server_freq": 1.1479103825312942}, "server2": {"avg_delay": 0, "avg_queue_size": 0.0, "server_freq": 1.1469113308493695}}