{"server1": {"avg_delay": 12.24335520920861, "avg_queue_size": 14.551977920883164, "server_freq": 1.141992266114588}, "server2": {"avg_delay": 0, "avg_queue_size": 0.0, "server_freq": 1.140992272886817}}