{"server1": {"avg_delay": 6.1566205346354375, "avg_queue_size": 6.691005291005291, "server_freq": 1.0638521062299429}, "server2": {"avg_delay": 0, "avg_queue_size": 0.0, "server_freq": 1.062852245227847}}