{"server1": {"avg_delay": 5.833255402182803, "avg_queue_size": 6.662027833001988, "server_freq": 1.1255496599133803}, "server2": {"avg_delay": 0, "avg_queue_size": 0.0, "server_freq": 1.1245500598601714}}