{"server1": {"avg_delay": 8.025242557626251, "avg_queue_size": 8.626975763962065, "server_freq": 1.0658913098998744}, "server2": {"avg_delay": 0, "avg_queue_size": 0.0, "server_freq": 1.0648914118605688}}