{"server1": {"avg_delay": 13.720768647018708, "avg_queue_size": 15.049275362318841, "server_freq": 1.1021397073506738}, "server2": {"avg_delay": 0, "avg_queue_size": 0.0, "server_freq": 1.1011413923983633}}