{"server1": {"avg_delay": 6.715381967424816, "avg_queue_size": 7.184738955823293, "server_freq": 1.0969786801289882}, "server2": {"avg_delay": 0, "avg_queue_size": 0.0, "server_freq": 1.0959786995636929}}