{"server1": {"avg_delay": 5.926132905100652, "avg_queue_size": 6.8669950738916254, "server_freq": 1.1135996600199338}, "server2": {"avg_delay": 0, "avg_queue_size": 0.0, "server_freq": 1.1126000193915497}}