{"server1": {"avg_delay": 5.239282591073555, "avg_queue_size": 6.336893203883495, "server_freq": 1.1148663228117417}, "server2": {"avg_delay": 0, "avg_queue_size": 0.0, "server_freq": 1.113867338651516}}