{"server1": {"avg_delay": 5.793140412381724, "avg_queue_size": 6.45067497403946, "server_freq": 1.0676803806594597}, "server2": {"avg_delay": 0, "avg_queue_size": 0.0, "server_freq": 1.0666806799285051}}