{"server1": {"avg_delay": 8.48264064105331, "avg_queue_size": 9.238285144566301, "server_freq": 1.1036563957210972}, "server2": {"avg_delay": 0, "avg_queue_size": 0.0, "server_freq": 1.1026567069568571}}