{"server1": {"avg_delay": 6.075865675428782, "avg_queue_size": 6.583419689119171, "server_freq": 1.099562363451844}, "server2": {"avg_delay": 0, "avg_queue_size": 0.0, "server_freq": 1.0985627613032516}}