{"server1": {"avg_delay": 7.989704061117605, "avg_queue_size": 9.313241106719367, "server_freq": 1.1275342388552934}, "server2": {"avg_delay": 0, "avg_queue_size": 0.0, "server_freq": 1.1265355371379724}}