{"server1": {"avg_delay": 10.48805694695167, "avg_queue_size": 11.498046875, "server_freq": 1.0709465966890468}, "server2": {"avg_delay": 0, "avg_queue_size": 0.0, "server_freq": 1.0699466465520822}}