{"server1": {"avg_delay": 7.015751652042316, "avg_queue_size": 8.281757402101242, "server_freq": 1.1668528740715223}, "server2": {"avg_delay": 0, "avg_queue_size": 0.0, "server_freq": 1.1658538561998857}}