{"server1": {"avg_delay": 4.7115203221349695, "avg_queue_size": 5.266171792152704, "server_freq": 1.1228094807380444}, "server2": {"avg_delay": 0, "avg_queue_size": 0.0, "server_freq": 1.1218096503901032}}