{"server1": {"avg_delay": 7.64716503175645, "avg_queue_size": 8.825503355704697, "server_freq": 1.1334653961636854}, "server2": {"avg_delay": 0, "avg_queue_size": 0.0, "server_freq": 1.1324658675956398}}