{"server1": {"avg_delay": 20.647616641630847, "avg_queue_size": 21.93574297188755, "server_freq": 1.1196271906406885}, "server2": {"avg_delay": 0, "avg_queue_size": 0.0, "server_freq": 1.118627523506188}}