{"server1": {"avg_delay": 6.534215961991152, "avg_queue_size": 7.498510427010924, "server_freq": 1.1339042802798915}, "server2": {"avg_delay": 0, "avg_queue_size": 0.0, "server_freq": 1.1329043646888157}}