{"server1": {"avg_delay": 6.275091155048857, "avg_queue_size": 7.424418604651163, "server_freq": 1.1279131465015018}, "server2": {"avg_delay": 0, "avg_queue_size": 0.0, "server_freq": 1.1269132234992842}}