{"server1": {"avg_delay": 11.60746968743552, "avg_queue_size": 13.335329341317365, "server_freq": 1.0534300422374334}, "server2": {"avg_delay": 0, "avg_queue_size": 0.0, "server_freq": 1.052430582994324}}