{"server1": {"avg_delay": 6.330013463645227, "avg_queue_size": 7.207207207207207, "server_freq": 1.1676665628206924}, "server2": {"avg_delay": 0, "avg_queue_size": 0.0, "server_freq": 1.1666668482977294}}