{"server1": {"avg_delay": 7.597121556953514, "avg_queue_size": 8.678294573643411, "server_freq": 1.1327535951101422}, "server2": {"avg_delay": 0, "avg_queue_size": 0.0, "server_freq": 1.1317538125901863}}