{"server1": {"avg_delay": 4.44163091666515, "avg_queue_size": 5.122233930453109, "server_freq": 1.1278889338107816}, "server2": {"avg_delay": 0, "avg_queue_size": 0.0, "server_freq": 1.1268890322737153}}