{"server1": {"avg_delay": 3.970391806139318, "avg_queue_size": 4.611752360965372, "server_freq": 1.1024642200583559}, "server2": {"avg_delay": 0, "avg_queue_size": 0.0, "server_freq": 1.101464705806263}}