{"server1": {"avg_delay": 10.974219489847917, "avg_queue_size": 11.89175769612711, "server_freq": 1.0778966367298137}, "server2": {"avg_delay": 0, "avg_queue_size": 0.0, "server_freq": 1.0768967326141088}}