{"server1": {"avg_delay": 7.393254406635145, "avg_queue_size": 8.480806142034549, "server_freq": 1.1706959694296808}, "server2": {"avg_delay": 0, "avg_queue_size": 0.0, "server_freq": 1.1696962290629604}}