{"server1": {"avg_delay": 5.546198853399657, "avg_queue_size": 6.591959798994975, "server_freq": 1.1399505441161195}, "server2": {"avg_delay": 0, "avg_queue_size": 0.0, "server_freq": 1.1389505874984738}}