{"server1": {"avg_delay": 4.146609859123674, "avg_queue_size": 4.8503611971104235, "server_freq": 1.1204900082042102}, "server2": {"avg_delay": 0, "avg_queue_size": 0.0, "server_freq": 1.1194904631478282}}