{"server1": {"avg_delay": 6.064402162829003, "avg_queue_size": 6.826625386996904, "server_freq": 1.099650341571159}, "server2": {"avg_delay": 0, "avg_queue_size": 0.0, "server_freq": 1.0986506594424579}}