{"server1": {"avg_delay": 6.418291301583558, "avg_queue_size": 6.848232848232848, "server_freq": 1.0987243645923053}, "server2": {"avg_delay": 0, "avg_queue_size": 0.0, "server_freq": 1.0977246153979536}}