{"server1": {"avg_delay": 5.410223032052029, "avg_queue_size": 6.286282306163022, "server_freq": 1.1504222795956212}, "server2": {"avg_delay": 0, "avg_queue_size": 0.0, "server_freq": 1.1494227815247302}}