{"server1": {"avg_delay": 7.41164395988769, "avg_queue_size": 8.549212598425196, "server_freq": 1.145960933236351}, "server2": {"avg_delay": 0, "avg_queue_size": 0.0, "server_freq": 1.1449609673260226}}