{"server1": {"avg_delay": 9.493036180806623, "avg_queue_size": 10.56420233463035, "server_freq": 1.0812506696603545}, "server2": {"avg_delay": 0, "avg_queue_size": 0.0, "server_freq": 1.080251362202258}}