{"server1": {"avg_delay": 6.179545908895091, "avg_queue_size": 6.784455958549223, "server_freq": 1.0602191427463739}, "server2": {"avg_delay": 0, "avg_queue_size": 0.0, "server_freq": 1.0592198787098552}}