{"server1": {"avg_delay": 6.535713567241595, "avg_queue_size": 7.395582329317269, "server_freq": 1.1329308595264274}, "server2": {"avg_delay": 0, "avg_queue_size": 0.0, "server_freq": 1.1319309205506758}}