{"server1": {"avg_delay": 6.041705764127025, "avg_queue_size": 7.113300492610837, "server_freq": 1.1459489211508866}, "server2": {"avg_delay": 0, "avg_queue_size": 0.0, "server_freq": 1.1449489657223082}}