{"server1": {"avg_delay": 9.082688284765272, "avg_queue_size": 9.443298969072165, "server_freq": 1.0349779947372395}, "server2": {"avg_delay": 0, "avg_queue_size": 0.0, "server_freq": 1.033978015998363}}