{"server1": {"avg_delay": 5.400519362400368, "avg_queue_size": 6.3914342629482075, "server_freq": 1.1228481386926261}, "server2": {"avg_delay": 0, "avg_queue_size": 0.0, "server_freq": 1.1218482739208606}}