{"server1": {"avg_delay": 6.176551099992296, "avg_queue_size": 7.154075546719682, "server_freq": 1.132964504130161}, "server2": {"avg_delay": 0, "avg_queue_size": 0.0, "server_freq": 1.1319645354592605}}