{"server1": {"avg_delay": 7.891137820650051, "avg_queue_size": 9.201780415430267, "server_freq": 1.1458517351931097}, "server2": {"avg_delay": 0, "avg_queue_size": 0.0, "server_freq": 1.1448518645690318}}