{"server1": {"avg_delay": 3.354537995090476, "avg_queue_size": 4.0903294367693945, "server_freq": 1.1999401948875679}, "server2": {"avg_delay": 0, "avg_queue_size": 0.0, "server_freq": 1.1989402447251616}}