{"server1": {"avg_delay": 10.132862478920346, "avg_queue_size": 11.09619238476954, "server_freq": 1.0977647725372695}, "server2": {"avg_delay": 0, "avg_queue_size": 0.0, "server_freq": 1.0967649867699312}}