{"server1": {"avg_delay": 11.627556630186078, "avg_queue_size": 12.641148325358852, "server_freq": 1.092899353196139}, "server2": {"avg_delay": 0, "avg_queue_size": 0.0, "server_freq": 1.0918994452792168}}