{"server1": {"avg_delay": 12.409027479745166, "avg_queue_size": 13.745136186770427, "server_freq": 1.1039551010208102}, "server2": {"avg_delay": 0, "avg_queue_size": 0.0, "server_freq": 1.1029551416901755}}