{"server1": {"avg_delay": 6.637775678631711, "avg_queue_size": 7.500998003992016, "server_freq": 1.1028974212214266}, "server2": {"avg_delay": 0, "avg_queue_size": 0.0, "server_freq": 1.101897514221226}}