{"server1": {"avg_delay": 9.414276355968452, "avg_queue_size": 10.757894736842106, "server_freq": 1.0878569039907566}, "server2": {"avg_delay": 0, "avg_queue_size": 0.0, "server_freq": 1.086857035512824}}