{"server1": {"avg_delay": 10.707325339342825, "avg_queue_size": 11.868769074262461, "server_freq": 1.0928870577258565}, "server2": {"avg_delay": 0, "avg_queue_size": 0.0, "server_freq": 1.0918871610582208}}