{"server1": {"avg_delay": 6.774317602078769, "avg_queue_size": 7.757545271629779, "server_freq": 1.1718147984973124}, "server2": {"avg_delay": 0, "avg_queue_size": 0.0, "server_freq": 1.1708149565190724}}