{"server1": {"avg_delay": 6.6459448790655395, "avg_queue_size": 7.911354581673307, "server_freq": 1.1109170305130034}, "server2": {"avg_delay": 0, "avg_queue_size": 0.0, "server_freq": 1.1099171051930097}}