{"server1": {"avg_delay": 5.303689840928681, "avg_queue_size": 6.0287413280475715, "server_freq": 1.1522420566193878}, "server2": {"avg_delay": 0, "avg_queue_size": 0.0, "server_freq": 1.1512427139857198}}