{"server1": {"avg_delay": 5.714781920934004, "avg_queue_size": 6.505723204994797, "server_freq": 1.0899169739081698}, "server2": {"avg_delay": 0, "avg_queue_size": 0.0, "server_freq": 1.0889170500788963}}