{"server1": {"avg_delay": 10.854800026816685, "avg_queue_size": 11.178010471204189, "server_freq": 1.0426232241754199}, "server2": {"avg_delay": 0, "avg_queue_size": 0.0, "server_freq": 1.0416235854178213}}