{"server1": {"avg_delay": 4.010416930185859, "avg_queue_size": 4.874139626352016, "server_freq": 1.161935885171558}, "server2": {"avg_delay": 0, "avg_queue_size": 0.0, "server_freq": 1.1609359403478303}}