{"server1": {"avg_delay": 8.775552618953611, "avg_queue_size": 9.66699801192843, "server_freq": 1.0938916909160457}, "server2": {"avg_delay": 0, "avg_queue_size": 0.0, "server_freq": 1.0928917899188646}}