{"server1": {"avg_delay": 5.71800223941448, "avg_queue_size": 6.5564681724846, "server_freq": 1.1396385206775361}, "server2": {"avg_delay": 0, "avg_queue_size": 0.0, "server_freq": 1.1386388377646612}}