{"server1": {"avg_delay": 6.208312189961031, "avg_queue_size": 7.3937562940584085, "server_freq": 1.1589974698969248}, "server2": {"avg_delay": 0, "avg_queue_size": 0.0, "server_freq": 1.15799747207993}}