{"server1": {"avg_delay": 8.60797542447274, "avg_queue_size": 9.421529175050301, "server_freq": 1.069571402828339}, "server2": {"avg_delay": 0, "avg_queue_size": 0.0, "server_freq": 1.0685718033864433}}