{"server1": {"avg_delay": 6.447419858083672, "avg_queue_size": 7.6219630709426625, "server_freq": 1.1429820706703995}, "server2": {"avg_delay": 0, "avg_queue_size": 0.0, "server_freq": 1.1419820863566021}}