{"server1": {"avg_delay": 7.083436346158252, "avg_queue_size": 7.695344129554656, "server_freq": 1.0967990953710935}, "server2": {"avg_delay": 0, "avg_queue_size": 0.0, "server_freq": 1.0957992785111381}}