{"server1": {"avg_delay": 16.98689268119701, "avg_queue_size": 20.33543165467626, "server_freq": 1.1005014310461254}, "server2": {"avg_delay": 0, "avg_queue_size": 0.0, "server_freq": 1.0995018838789627}}