{"server1": {"avg_delay": 6.512719730795153, "avg_queue_size": 7.039634146341464, "server_freq": 1.109931131566453}, "server2": {"avg_delay": 0, "avg_queue_size": 0.0, "server_freq": 1.108931193610087}}