{"server1": {"avg_delay": 10.383887301398088, "avg_queue_size": 11.504970178926442, "server_freq": 1.0629422525899581}, "server2": {"avg_delay": 0, "avg_queue_size": 0.0, "server_freq": 1.061942306914897}}