{"server1": {"avg_delay": 7.342304553645477, "avg_queue_size": 8.158375634517766, "server_freq": 1.1087072196341161}, "server2": {"avg_delay": 0, "avg_queue_size": 0.0, "server_freq": 1.1077074836380527}}