{"server1": {"avg_delay": 6.074208516364052, "avg_queue_size": 7.181194906953967, "server_freq": 1.1225798799211815}, "server2": {"avg_delay": 0, "avg_queue_size": 0.0, "server_freq": 1.1215802540263273}}