{"server1": {"avg_delay": 12.021080433486704, "avg_queue_size": 13.33495145631068, "server_freq": 1.113975355408285}, "server2": {"avg_delay": 0, "avg_queue_size": 0.0, "server_freq": 1.1129753775308988}}