{"server1": {"avg_delay": 12.322598033509738, "avg_queue_size": 13.239350912778905, "server_freq": 1.0368120812985635}, "server2": {"avg_delay": 0, "avg_queue_size": 0.0, "server_freq": 1.0358122625123547}}