{"server1": {"avg_delay": 3.101392910044731, "avg_queue_size": 3.748083242059146, "server_freq": 1.1655902487360745}, "server2": {"avg_delay": 0, "avg_queue_size": 0.0, "server_freq": 1.1645906001522528}}