{"server1": {"avg_delay": 9.435307660210084, "avg_queue_size": 10.301829268292684, "server_freq": 1.0769487197633283}, "server2": {"avg_delay": 0, "avg_queue_size": 0.0, "server_freq": 1.0759487673772898}}