{"server1": {"avg_delay": 4.7313330177644914, "avg_queue_size": 5.545, "server_freq": 1.0976927110367953}, "server2": {"avg_delay": 0, "avg_queue_size": 0.0, "server_freq": 1.096692990899239}}