{"server1": {"avg_delay": 5.665304192991154, "avg_queue_size": 6.745019920318725, "server_freq": 1.1417732666281744}, "server2": {"avg_delay": 0, "avg_queue_size": 0.0, "server_freq": 1.1407734651687802}}