{"server1": {"avg_delay": 6.782472407796984, "avg_queue_size": 7.649453823237339, "server_freq": 1.0836279426179993}, "server2": {"avg_delay": 0, "avg_queue_size": 0.0, "server_freq": 1.082629207187015}}