{"server1": {"avg_delay": 25.141522784575812, "avg_queue_size": 28.81826831588963, "server_freq": 1.103179417762746}, "server2": {"avg_delay": 0, "avg_queue_size": 0.0, "server_freq": 1.102180161043758}}