{"server1": {"avg_delay": 7.701335391516904, "avg_queue_size": 8.089613034623218, "server_freq": 1.0783750570397919}, "server2": {"avg_delay": 0, "avg_queue_size": 0.0, "server_freq": 1.0773756362269653}}