{"server1": {"avg_delay": 10.819302861336592, "avg_queue_size": 11.467995802728227, "server_freq": 1.045192586863442}, "server2": {"avg_delay": 0, "avg_queue_size": 0.0, "server_freq": 1.0441933587689263}}