{"server1": {"avg_delay": 11.018110644261139, "avg_queue_size": 11.364092276830492, "server_freq": 1.0774969033269624}, "server2": {"avg_delay": 0, "avg_queue_size": 0.0, "server_freq": 1.0764973700214642}}