{"server1": {"avg_delay": 6.070945033751714, "avg_queue_size": 6.99496475327291, "server_freq": 1.136978055919686}, "server2": {"avg_delay": 0, "avg_queue_size": 0.0, "server_freq": 1.1359780752196686}}