{"server1": {"avg_delay": 5.53860752352686, "avg_queue_size": 6.389105058365759, "server_freq": 1.1746557798599033}, "server2": {"avg_delay": 0, "avg_queue_size": 0.0, "server_freq": 1.173656072813214}}