{"server1": {"avg_delay": 5.383025786359111, "avg_queue_size": 6.618253189401374, "server_freq": 1.182546216484141}, "server2": {"avg_delay": 0, "avg_queue_size": 0.0, "server_freq": 1.1815466000712211}}