{"server1": {"avg_delay": 7.214995226749617, "avg_queue_size": 8.250503018108652, "server_freq": 1.1355737241777137}, "server2": {"avg_delay": 0, "avg_queue_size": 0.0, "server_freq": 1.1345740994205151}}