{"server1": {"avg_delay": 7.465189431828358, "avg_queue_size": 8.612997090203686, "server_freq": 1.1454123838475505}, "server2": {"avg_delay": 0, "avg_queue_size": 0.0, "server_freq": 1.14441289660161}}