{"server1": {"avg_delay": 6.015564804561612, "avg_queue_size": 6.758937691521961, "server_freq": 1.113368166321892}, "server2": {"avg_delay": 0, "avg_queue_size": 0.0, "server_freq": 1.1123696298498544}}