{"server1": {"avg_delay": 7.1578072293466795, "avg_queue_size": 8.193359375, "server_freq": 1.1043443300836295}, "server2": {"avg_delay": 0, "avg_queue_size": 0.0, "server_freq": 1.103345827072704}}