{"server1": {"avg_delay": 3.7622830597773755, "avg_queue_size": 4.509110396570204, "server_freq": 1.1699930393454583}, "server2": {"avg_delay": 0, "avg_queue_size": 0.0, "server_freq": 1.1689930452947357}}