{"server1": {"avg_delay": 7.352902525153858, "avg_queue_size": 8.036742800397219, "server_freq": 1.0751385275853964}, "server2": {"avg_delay": 0, "avg_queue_size": 0.0, "server_freq": 1.074139328210317}}