{"server1": {"avg_delay": 11.671011104854975, "avg_queue_size": 13.081285444234405, "server_freq": 1.0678064279529729}, "server2": {"avg_delay": 0, "avg_queue_size": 0.0, "server_freq": 1.066806609200208}}