{"server1": {"avg_delay": 5.745715733652604, "avg_queue_size": 6.672690763052209, "server_freq": 1.1139913685295464}, "server2": {"avg_delay": 0, "avg_queue_size": 0.0, "server_freq": 1.112992273131762}}