{"server1": {"avg_delay": 15.637646509952944, "avg_queue_size": 17.54679802955665, "server_freq": 1.1354982763697858}, "server2": {"avg_delay": 0, "avg_queue_size": 0.0, "server_freq": 1.134498718027911}}