{"server1": {"avg_delay": 13.24609046563452, "avg_queue_size": 15.847047434656341, "server_freq": 1.0339569623133302}, "server2": {"avg_delay": 0, "avg_queue_size": 0.0, "server_freq": 1.032957003935851}}