{"server1": {"avg_delay": 8.011009096925765, "avg_queue_size": 8.630658436213992, "server_freq": 1.0999309298492477}, "server2": {"avg_delay": 0, "avg_queue_size": 0.0, "server_freq": 1.0989309926402937}}