{"server1": {"avg_delay": 5.047903487278323, "avg_queue_size": 5.691648822269808, "server_freq": 1.0839604089160098}, "server2": {"avg_delay": 0, "avg_queue_size": 0.0, "server_freq": 1.08296044543915}}