{"server1": {"avg_delay": 6.824590175492021, "avg_queue_size": 8.366223908918407, "server_freq": 1.1319838627779641}, "server2": {"avg_delay": 0, "avg_queue_size": 0.0, "server_freq": 1.1309838770334606}}