{"server1": {"avg_delay": 6.2164783179938645, "avg_queue_size": 7.167164179104478, "server_freq": 1.1256946789356232}, "server2": {"avg_delay": 0, "avg_queue_size": 0.0, "server_freq": 1.1246949500910979}}