{"server1": {"avg_delay": 16.66852228371626, "avg_queue_size": 17.073643410852714, "server_freq": 1.0754879591379918}, "server2": {"avg_delay": 0, "avg_queue_size": 0.0, "server_freq": 1.0744884350123989}}