{"server1": {"avg_delay": 9.069669097820606, "avg_queue_size": 9.52041884816754, "server_freq": 1.0765717925245761}, "server2": {"avg_delay": 0, "avg_queue_size": 0.0, "server_freq": 1.0755731173923642}}