{"server1": {"avg_delay": 7.64281446077834, "avg_queue_size": 8.373134328358208, "server_freq": 1.0646338774026791}, "server2": {"avg_delay": 0, "avg_queue_size": 0.0, "server_freq": 1.0636342211797658}}