{"server1": {"avg_delay": 8.15308655280768, "avg_queue_size": 9.113034623217922, "server_freq": 1.0968910872275652}, "server2": {"avg_delay": 0, "avg_queue_size": 0.0, "server_freq": 1.0958911865099465}}