{"server1": {"avg_delay": 7.2165441237153765, "avg_queue_size": 7.952191235059761, "server_freq": 1.102793848912052}, "server2": {"avg_delay": 0, "avg_queue_size": 0.0, "server_freq": 1.1017940358124036}}