{"server1": {"avg_delay": 6.637371356259491, "avg_queue_size": 7.34944612286002, "server_freq": 1.0687071102194086}, "server2": {"avg_delay": 0, "avg_queue_size": 0.0, "server_freq": 1.0677092511062252}}