{"server1": {"avg_delay": 12.985274980293907, "avg_queue_size": 14.163009404388715, "server_freq": 1.0771720596123986}, "server2": {"avg_delay": 0, "avg_queue_size": 0.0, "server_freq": 1.0761728276461533}}