{"server1": {"avg_delay": 9.134745712877894, "avg_queue_size": 10.551691729323307, "server_freq": 1.1714392234567645}, "server2": {"avg_delay": 0, "avg_queue_size": 0.0, "server_freq": 1.1704397019350437}}