{"server1": {"avg_delay": 7.524925801342331, "avg_queue_size": 7.805434782608696, "server_freq": 1.0340428446030125}, "server2": {"avg_delay": 0, "avg_queue_size": 0.0, "server_freq": 1.0330437693908356}}