{"server1": {"avg_delay": 8.886867736626364, "avg_queue_size": 10.015151515151516, "server_freq": 1.1308974431743812}, "server2": {"avg_delay": 0, "avg_queue_size": 0.0, "server_freq": 1.129897533852388}}