{"server1": {"avg_delay": 4.5794241149661685, "avg_queue_size": 5.259533898305085, "server_freq": 1.156515165288096}, "server2": {"avg_delay": 0, "avg_queue_size": 0.0, "server_freq": 1.155515584332791}}