{"server1": {"avg_delay": 7.427297723158524, "avg_queue_size": 8.524722502522705, "server_freq": 1.1329212010461505}, "server2": {"avg_delay": 0, "avg_queue_size": 0.0, "server_freq": 1.1319212705950947}}