{"server1": {"avg_delay": 11.573994425013007, "avg_queue_size": 12.662451361867705, "server_freq": 1.0993933727771603}, "server2": {"avg_delay": 0, "avg_queue_size": 0.0, "server_freq": 1.0983939242564538}}