{"server1": {"avg_delay": 5.913485062633878, "avg_queue_size": 6.686910994764398, "server_freq": 1.1060968189333296}, "server2": {"avg_delay": 0, "avg_queue_size": 0.0, "server_freq": 1.105097634815052}}