{"server1": {"avg_delay": 4.394865763755109, "avg_queue_size": 5.3125659978880675, "server_freq": 1.1449977663546442}, "server2": {"avg_delay": 0, "avg_queue_size": 0.0, "server_freq": 1.143998640904073}}