{"server1": {"avg_delay": 10.192135602302804, "avg_queue_size": 11.782608695652174, "server_freq": 1.133718359375}, "server2": {"avg_delay": 0, "avg_queue_size": 0.0, "server_freq": 1.1327186077353395}}