{"server1": {"avg_delay": 8.211614221065524, "avg_queue_size": 9.015841584158416, "server_freq": 1.0704108661112341}, "server2": {"avg_delay": 0, "avg_queue_size": 0.0, "server_freq": 1.0694114161895616}}