{"server1": {"avg_delay": 6.728744154500918, "avg_queue_size": 7.602655771195097, "server_freq": 1.0987965238617114}, "server2": {"avg_delay": 0, "avg_queue_size": 0.0, "server_freq": 1.097796709008334}}