{"server1": {"avg_delay": 3.94667049628844, "avg_queue_size": 4.705208333333333, "server_freq": 1.154230766124005}, "server2": {"avg_delay": 0, "avg_queue_size": 0.0, "server_freq": 1.153231432127361}}