{"server1": {"avg_delay": 8.206591894560777, "avg_queue_size": 9.086606243705942, "server_freq": 1.0949126633516941}, "server2": {"avg_delay": 0, "avg_queue_size": 0.0, "server_freq": 1.0939127431111904}}