{"server1": {"avg_delay": 9.915812633789374, "avg_queue_size": 10.261146496815286, "server_freq": 1.0649551386007508}, "server2": {"avg_delay": 0, "avg_queue_size": 0.0, "server_freq": 1.0639551807241303}}