{"server1": {"avg_delay": 7.2928409535700425, "avg_queue_size": 8.276679841897232, "server_freq": 1.128894192270007}, "server2": {"avg_delay": 0, "avg_queue_size": 0.0, "server_freq": 1.127894285988103}}