{"server1": {"avg_delay": 12.03590971972642, "avg_queue_size": 13.285573122529645, "server_freq": 1.0628778702947939}, "server2": {"avg_delay": 0, "avg_queue_size": 0.0, "server_freq": 1.061877985186332}}