{"server1": {"avg_delay": 6.470979343170902, "avg_queue_size": 7.0337768679631525, "server_freq": 1.077926481067401}, "server2": {"avg_delay": 0, "avg_queue_size": 0.0, "server_freq": 1.0769265492667819}}