{"server1": {"avg_delay": 6.398079342744577, "avg_queue_size": 7.307766990291262, "server_freq": 1.113555768345937}, "server2": {"avg_delay": 0, "avg_queue_size": 0.0, "server_freq": 1.1125561671176194}}