{"server1": {"avg_delay": 18.779554655513156, "avg_queue_size": 20.88888888888889, "server_freq": 1.1245462583062749}, "server2": {"avg_delay": 0, "avg_queue_size": 0.0, "server_freq": 1.1235475493734983}}