{"server1": {"avg_delay": 6.4247532269175975, "avg_queue_size": 7.569444444444445, "server_freq": 1.1239520715553186}, "server2": {"avg_delay": 0, "avg_queue_size": 0.0, "server_freq": 1.1229538903194791}}