{"server1": {"avg_delay": 3.7939975400694523, "avg_queue_size": 4.711288711288711, "server_freq": 1.1966271330176634}, "server2": {"avg_delay": 0, "avg_queue_size": 0.0, "server_freq": 1.195627444518902}}