{"server1": {"avg_delay": 13.601583079348792, "avg_queue_size": 14.912790697674419, "server_freq": 1.0769560865113037}, "server2": {"avg_delay": 0, "avg_queue_size": 0.0, "server_freq": 1.0759561272852023}}