{"server1": {"avg_delay": 22.164334550711008, "avg_queue_size": 24.476370510396976, "server_freq": 1.0849191852098456}, "server2": {"avg_delay": 0, "avg_queue_size": 0.0, "server_freq": 1.0839192596935232}}