{"server1": {"avg_delay": 6.619847091501218, "avg_queue_size": 7.031120331950207, "server_freq": 1.0750428371522618}, "server2": {"avg_delay": 0, "avg_queue_size": 0.0, "server_freq": 1.0740437267088117}}