{"server1": {"avg_delay": 15.251406952066198, "avg_queue_size": 18.33586337760911, "server_freq": 1.0956995367344735}, "server2": {"avg_delay": 0, "avg_queue_size": 0.0, "server_freq": 1.0947007222069123}}