{"server1": {"avg_delay": 7.718951291818121, "avg_queue_size": 8.210144927536232, "server_freq": 1.0209600833390573}, "server2": {"avg_delay": 0, "avg_queue_size": 0.0, "server_freq": 1.0199601224347097}}