{"server1": {"avg_delay": 8.033931921958043, "avg_queue_size": 8.530318602261048, "server_freq": 1.1092868167486365}, "server2": {"avg_delay": 0, "avg_queue_size": 0.0, "server_freq": 1.10828745925607}}