{"server1": {"avg_delay": 7.095670764881339, "avg_queue_size": 7.923152709359606, "server_freq": 1.1033626757308355}, "server2": {"avg_delay": 0, "avg_queue_size": 0.0, "server_freq": 1.102363253017311}}