{"server1": {"avg_delay": 11.496911563444423, "avg_queue_size": 13.247514910536779, "server_freq": 1.1256689724708704}, "server2": {"avg_delay": 0, "avg_queue_size": 0.0, "server_freq": 1.1246692664562425}}