{"server1": {"avg_delay": 5.187862488510954, "avg_queue_size": 5.87200832466181, "server_freq": 1.1496591105412637}, "server2": {"avg_delay": 0, "avg_queue_size": 0.0, "server_freq": 1.1486594069668798}}