{"server1": {"avg_delay": 14.37623527315733, "avg_queue_size": 16.013779527559056, "server_freq": 1.116673259408879}, "server2": {"avg_delay": 0, "avg_queue_size": 0.0, "server_freq": 1.1156735519250753}}