{"server1": {"avg_delay": 3.6845427491235343, "avg_queue_size": 4.81511746680286, "server_freq": 1.1598673832223572}, "server2": {"avg_delay": 0, "avg_queue_size": 0.0, "server_freq": 1.1588674975471653}}