{"server1": {"avg_delay": 4.788803668001397, "avg_queue_size": 5.596938775510204, "server_freq": 1.133850188057171}, "server2": {"avg_delay": 0, "avg_queue_size": 0.0, "server_freq": 1.1328512011073408}}