{"server1": {"avg_delay": 4.777088821734064, "avg_queue_size": 5.528735632183908, "server_freq": 1.1007685545017785}, "server2": {"avg_delay": 0, "avg_queue_size": 0.0, "server_freq": 1.0997687647156733}}