{"server1": {"avg_delay": 13.859163784684162, "avg_queue_size": 15.3996138996139, "server_freq": 1.0717892620253853}, "server2": {"avg_delay": 0, "avg_queue_size": 0.0, "server_freq": 1.0707894586093167}}