{"server1": {"avg_delay": 5.7066413453099445, "avg_queue_size": 6.582178217821782, "server_freq": 1.1258337141905095}, "server2": {"avg_delay": 0, "avg_queue_size": 0.0, "server_freq": 1.1248338618688483}}