{"server1": {"avg_delay": 4.0091592035571475, "avg_queue_size": 4.699263932702419, "server_freq": 1.1249045978368395}, "server2": {"avg_delay": 0, "avg_queue_size": 0.0, "server_freq": 1.1239046826387622}}