{"server1": {"avg_delay": 17.476144997604894, "avg_queue_size": 19.640267175572518, "server_freq": 1.1015995846251938}, "server2": {"avg_delay": 0, "avg_queue_size": 0.0, "server_freq": 1.1006008542674193}}