{"server1": {"avg_delay": 9.698236838739668, "avg_queue_size": 10.468565815324165, "server_freq": 1.0606391774909296}, "server2": {"avg_delay": 0, "avg_queue_size": 0.0, "server_freq": 1.059639517568695}}