{"server1": {"avg_delay": 8.245729606312317, "avg_queue_size": 9.011881188118812, "server_freq": 1.1026772309642887}, "server2": {"avg_delay": 0, "avg_queue_size": 0.0, "server_freq": 1.1016775235926075}}