{"server1": {"avg_delay": 4.975434696204427, "avg_queue_size": 5.604978354978355, "server_freq": 1.1246728559449568}, "server2": {"avg_delay": 0, "avg_queue_size": 0.0, "server_freq": 1.1236731467396723}}