{"server1": {"avg_delay": 5.21022579582327, "avg_queue_size": 6.063618290258449, "server_freq": 1.132015290178442}, "server2": {"avg_delay": 0, "avg_queue_size": 0.0, "server_freq": 1.1310161592956718}}