{"server1": {"avg_delay": 11.951435871139372, "avg_queue_size": 13.820116054158607, "server_freq": 1.1298342003129531}, "server2": {"avg_delay": 0, "avg_queue_size": 0.0, "server_freq": 1.12883434703834}}