{"server1": {"avg_delay": 10.743276516601355, "avg_queue_size": 12.10122699386503, "server_freq": 1.0638178318230387}, "server2": {"avg_delay": 0, "avg_queue_size": 0.0, "server_freq": 1.0628189418401064}}