{"server1": {"avg_delay": 6.690405175329028, "avg_queue_size": 7.615384615384615, "server_freq": 1.110940551910667}, "server2": {"avg_delay": 0, "avg_queue_size": 0.0, "server_freq": 1.1099406054192982}}