{"server1": {"avg_delay": 8.579167362431535, "avg_queue_size": 9.899801587301587, "server_freq": 1.1147120277967975}, "server2": {"avg_delay": 0, "avg_queue_size": 0.0, "server_freq": 1.1137122860678317}}