{"server1": {"avg_delay": 6.0015953784959075, "avg_queue_size": 6.911793855302279, "server_freq": 1.1308503037228395}, "server2": {"avg_delay": 0, "avg_queue_size": 0.0, "server_freq": 1.1298504360802906}}