{"server1": {"avg_delay": 6.353429899247343, "avg_queue_size": 7.009240246406571, "server_freq": 1.1059473210205673}, "server2": {"avg_delay": 0, "avg_queue_size": 0.0, "server_freq": 1.1049482719500878}}