{"server1": {"avg_delay": 5.52267329267285, "avg_queue_size": 6.270433905146317, "server_freq": 1.1081331721459222}, "server2": {"avg_delay": 0, "avg_queue_size": 0.0, "server_freq": 1.1071339537760883}}