{"server1": {"avg_delay": 9.900735225079703, "avg_queue_size": 10.588757396449704, "server_freq": 1.087849136959105}, "server2": {"avg_delay": 0, "avg_queue_size": 0.0, "server_freq": 1.0868492756199881}}