{"server1": {"avg_delay": 4.293151294463754, "avg_queue_size": 5.050308008213553, "server_freq": 1.174392046168311}, "server2": {"avg_delay": 0, "avg_queue_size": 0.0, "server_freq": 1.1733925635758273}}