{"server1": {"avg_delay": 7.428628735082423, "avg_queue_size": 8.431274900398407, "server_freq": 1.1346360190549987}, "server2": {"avg_delay": 0, "avg_queue_size": 0.0, "server_freq": 1.133636339743056}}