{"server1": {"avg_delay": 8.893490657793, "avg_queue_size": 10.470315398886827, "server_freq": 1.1177398454071164}, "server2": {"avg_delay": 0, "avg_queue_size": 0.0, "server_freq": 1.1167400781035322}}