{"server1": {"avg_delay": 15.214538519359206, "avg_queue_size": 16.34341463414634, "server_freq": 1.075436161950768}, "server2": {"avg_delay": 0, "avg_queue_size": 0.0, "server_freq": 1.0744366859638248}}