{"server1": {"avg_delay": 7.077333978921384, "avg_queue_size": 7.803030303030303, "server_freq": 1.0796500931849122}, "server2": {"avg_delay": 0, "avg_queue_size": 0.0, "server_freq": 1.0786513419423729}}