{"server1": {"avg_delay": 10.507712770642645, "avg_queue_size": 11.555555555555555, "server_freq": 1.0959315226165427}, "server2": {"avg_delay": 0, "avg_queue_size": 0.0, "server_freq": 1.0949315850959072}}