{"server1": {"avg_delay": 10.087580935528196, "avg_queue_size": 10.772036474164134, "server_freq": 1.081842690300923}, "server2": {"avg_delay": 0, "avg_queue_size": 0.0, "server_freq": 1.0808428356888151}}