{"server1": {"avg_delay": 5.698142775605867, "avg_queue_size": 6.324623115577889, "server_freq": 1.0843321148489864}, "server2": {"avg_delay": 0, "avg_queue_size": 0.0, "server_freq": 1.0833327304113376}}