{"server1": {"avg_delay": 8.651377850739483, "avg_queue_size": 9.554871794871795, "server_freq": 1.1058734537959776}, "server2": {"avg_delay": 0, "avg_queue_size": 0.0, "server_freq": 1.1048744714528917}}