{"server1": {"avg_delay": 6.115129106149663, "avg_queue_size": 7.606763285024154, "server_freq": 1.1556851136434334}, "server2": {"avg_delay": 0, "avg_queue_size": 0.0, "server_freq": 1.1546853860364754}}