{"server1": {"avg_delay": 9.381287949194876, "avg_queue_size": 10.627317073170731, "server_freq": 1.1358922961900972}, "server2": {"avg_delay": 0, "avg_queue_size": 0.0, "server_freq": 1.1348923909997892}}