{"server1": {"avg_delay": 5.884391779865737, "avg_queue_size": 6.783811475409836, "server_freq": 1.186684115918034}, "server2": {"avg_delay": 0, "avg_queue_size": 0.0, "server_freq": 1.1856852235645674}}