{"server1": {"avg_delay": 6.6456627915402695, "avg_queue_size": 7.507142857142857, "server_freq": 1.1608095313587659}, "server2": {"avg_delay": 0, "avg_queue_size": 0.0, "server_freq": 1.159809695414443}}