{"server1": {"avg_delay": 6.805673682033536, "avg_queue_size": 7.741106719367589, "server_freq": 1.0888049727998654}, "server2": {"avg_delay": 0, "avg_queue_size": 0.0, "server_freq": 1.0878051518882035}}