{"server1": {"avg_delay": 7.90172323902485, "avg_queue_size": 8.232533889468195, "server_freq": 1.077832529263288}, "server2": {"avg_delay": 0, "avg_queue_size": 0.0, "server_freq": 1.0768326846164762}}