{"server1": {"avg_delay": 6.781985555855315, "avg_queue_size": 7.611054247697032, "server_freq": 1.0628249655808535}, "server2": {"avg_delay": 0, "avg_queue_size": 0.0, "server_freq": 1.0618251302416428}}