{"server1": {"avg_delay": 8.112125242462236, "avg_queue_size": 9.149598393574298, "server_freq": 1.1072914506473517}, "server2": {"avg_delay": 0, "avg_queue_size": 0.0, "server_freq": 1.106292090132327}}