{"server1": {"avg_delay": 6.352875591588712, "avg_queue_size": 7.220647773279352, "server_freq": 1.0664120119046294}, "server2": {"avg_delay": 0, "avg_queue_size": 0.0, "server_freq": 1.0654125629712603}}