{"server1": {"avg_delay": 6.447905775583836, "avg_queue_size": 7.723404255319149, "server_freq": 1.1611465098026554}, "server2": {"avg_delay": 0, "avg_queue_size": 0.0, "server_freq": 1.1601472443036858}}