{"server1": {"avg_delay": 11.76891929948337, "avg_queue_size": 12.861224489795918, "server_freq": 1.1207255099646913}, "server2": {"avg_delay": 0, "avg_queue_size": 0.0, "server_freq": 1.1197257548264534}}