{"server1": {"avg_delay": 6.793024637345735, "avg_queue_size": 7.767321613236815, "server_freq": 1.1477185110862789}, "server2": {"avg_delay": 0, "avg_queue_size": 0.0, "server_freq": 1.146718756285681}}