{"server1": {"avg_delay": 14.619384939150176, "avg_queue_size": 15.678889990089198, "server_freq": 1.0589361181146912}, "server2": {"avg_delay": 0, "avg_queue_size": 0.0, "server_freq": 1.0579361784375292}}