{"server1": {"avg_delay": 7.303745622127159, "avg_queue_size": 8.46904315196998, "server_freq": 1.1937391949063585}, "server2": {"avg_delay": 0, "avg_queue_size": 0.0, "server_freq": 1.1927394133360851}}