{"server1": {"avg_delay": 10.164070543610693, "avg_queue_size": 10.768756423432682, "server_freq": 1.0402636365434421}, "server2": {"avg_delay": 0, "avg_queue_size": 0.0, "server_freq": 1.0392643439050717}}