{"server1": {"avg_delay": 4.603555324341024, "avg_queue_size": 5.486349848331648, "server_freq": 1.1481397007970193}, "server2": {"avg_delay": 0, "avg_queue_size": 0.0, "server_freq": 1.1471404495343587}}