{"server1": {"avg_delay": 9.298036886974785, "avg_queue_size": 10.12624254473161, "server_freq": 1.0848861498478508}, "server2": {"avg_delay": 0, "avg_queue_size": 0.0, "server_freq": 1.0838862547788666}}