{"server1": {"avg_delay": 8.860038518887972, "avg_queue_size": 9.760460251046025, "server_freq": 1.084668145473645}, "server2": {"avg_delay": 0, "avg_queue_size": 0.0, "server_freq": 1.0836684513303514}}