{"server1": {"avg_delay": 7.990823016352987, "avg_queue_size": 8.920168067226891, "server_freq": 1.0732132020043494}, "server2": {"avg_delay": 0, "avg_queue_size": 0.0, "server_freq": 1.0722139345909376}}