{"server1": {"avg_delay": 9.062394746420754, "avg_queue_size": 10.135109419600381, "server_freq": 1.1010644130244192}, "server2": {"avg_delay": 0, "avg_queue_size": 0.0, "server_freq": 1.1000652620144151}}