{"server1": {"avg_delay": 6.619971084534524, "avg_queue_size": 7.424897119341564, "server_freq": 1.1209395250967786}, "server2": {"avg_delay": 0, "avg_queue_size": 0.0, "server_freq": 1.1199395790440607}}