{"server1": {"avg_delay": 6.5430399238848915, "avg_queue_size": 7.402610441767068, "server_freq": 1.1539948633314552}, "server2": {"avg_delay": 0, "avg_queue_size": 0.0, "server_freq": 1.1529965978787464}}