{"server1": {"avg_delay": 4.755163118450916, "avg_queue_size": 5.552660152008686, "server_freq": 1.1338307017501585}, "server2": {"avg_delay": 0, "avg_queue_size": 0.0, "server_freq": 1.1328308510431477}}