{"server1": {"avg_delay": 6.118939186374699, "avg_queue_size": 6.952894995093229, "server_freq": 1.123768647285517}, "server2": {"avg_delay": 0, "avg_queue_size": 0.0, "server_freq": 1.1227688531153341}}