{"server1": {"avg_delay": 6.9549161966205935, "avg_queue_size": 7.862648221343873, "server_freq": 1.1506593372235958}, "server2": {"avg_delay": 0, "avg_queue_size": 0.0, "server_freq": 1.1496596331947309}}