{"server1": {"avg_delay": 6.1963213877194505, "avg_queue_size": 6.699795081967213, "server_freq": 1.0908556766487711}, "server2": {"avg_delay": 0, "avg_queue_size": 0.0, "server_freq": 1.0898558089341526}}