{"server1": {"avg_delay": 5.9886247723930905, "avg_queue_size": 6.876656472986748, "server_freq": 1.1309639244510918}, "server2": {"avg_delay": 0, "avg_queue_size": 0.0, "server_freq": 1.129963956348129}}