{"server1": {"avg_delay": 9.165448289893742, "avg_queue_size": 9.992007992007991, "server_freq": 1.1024948571554105}, "server2": {"avg_delay": 0, "avg_queue_size": 0.0, "server_freq": 1.1014953151271645}}