{"server1": {"avg_delay": 12.14583252558513, "avg_queue_size": 13.246492985971944, "server_freq": 1.102681079381876}, "server2": {"avg_delay": 0, "avg_queue_size": 0.0, "server_freq": 1.101681368521149}}