{"server1": {"avg_delay": 5.7265533742224, "avg_queue_size": 6.5982404692082115, "server_freq": 1.1129905168986791}, "server2": {"avg_delay": 0, "avg_queue_size": 0.0, "server_freq": 1.1119905254189857}}