{"server1": {"avg_delay": 6.1307936857461, "avg_queue_size": 7.186588921282799, "server_freq": 1.1452301548438195}, "server2": {"avg_delay": 0, "avg_queue_size": 0.0, "server_freq": 1.1442308266109715}}