{"server1": {"avg_delay": 5.062963982513325, "avg_queue_size": 5.847547974413646, "server_freq": 1.1277971467915247}, "server2": {"avg_delay": 0, "avg_queue_size": 0.0, "server_freq": 1.1267973266259295}}