{"server1": {"avg_delay": 6.3523088261551, "avg_queue_size": 7.495513459621137, "server_freq": 1.1505274406319617}, "server2": {"avg_delay": 0, "avg_queue_size": 0.0, "server_freq": 1.149527851196139}}