{"server1": {"avg_delay": 8.063945675894828, "avg_queue_size": 8.989183874139627, "server_freq": 1.0919719184661292}, "server2": {"avg_delay": 0, "avg_queue_size": 0.0, "server_freq": 1.0909719441818195}}