{"server1": {"avg_delay": 5.4789939374652095, "avg_queue_size": 6.375125376128385, "server_freq": 1.1504899740212817}, "server2": {"avg_delay": 0, "avg_queue_size": 0.0, "server_freq": 1.149490417136815}}