{"server1": {"avg_delay": 7.504562715921325, "avg_queue_size": 7.935449735449735, "server_freq": 1.0777186598461048}, "server2": {"avg_delay": 0, "avg_queue_size": 0.0, "server_freq": 1.07671892082955}}