{"server1": {"avg_delay": 16.214980968661813, "avg_queue_size": 17.654545454545456, "server_freq": 1.0947816043879226}, "server2": {"avg_delay": 0, "avg_queue_size": 0.0, "server_freq": 1.0937818038359701}}