{"server1": {"avg_delay": 6.0160217539068555, "avg_queue_size": 7.411405295315682, "server_freq": 1.156426607875976}, "server2": {"avg_delay": 0, "avg_queue_size": 0.0, "server_freq": 1.1554271034612171}}