{"server1": {"avg_delay": 15.75154154182515, "avg_queue_size": 18.02231237322515, "server_freq": 1.1288074465865465}, "server2": {"avg_delay": 0, "avg_queue_size": 0.0, "server_freq": 1.1278076171387286}}