{"server1": {"avg_delay": 9.784876378366778, "avg_queue_size": 11.238423645320196, "server_freq": 1.0998589394668343}, "server2": {"avg_delay": 0, "avg_queue_size": 0.0, "server_freq": 1.0988590677036827}}