{"server1": {"avg_delay": 8.706809644852447, "avg_queue_size": 9.244078269824923, "server_freq": 1.0729490389306884}, "server2": {"avg_delay": 0, "avg_queue_size": 0.0, "server_freq": 1.0719490864246952}}