{"server1": {"avg_delay": 7.639395972799464, "avg_queue_size": 8.509940357852882, "server_freq": 1.1207425896172483}, "server2": {"avg_delay": 0, "avg_queue_size": 0.0, "server_freq": 1.1197428192429242}}