{"server1": {"avg_delay": 6.816740152371892, "avg_queue_size": 7.881118881118881, "server_freq": 1.1132512183769188}, "server2": {"avg_delay": 0, "avg_queue_size": 0.0, "server_freq": 1.1122518905327743}}