{"server1": {"avg_delay": 6.905316746482019, "avg_queue_size": 7.842829076620825, "server_freq": 1.0759316327028554}, "server2": {"avg_delay": 0, "avg_queue_size": 0.0, "server_freq": 1.0749316962412356}}