{"server1": {"avg_delay": 11.378983272845067, "avg_queue_size": 12.244047619047619, "server_freq": 1.0857007648056478}, "server2": {"avg_delay": 0, "avg_queue_size": 0.0, "server_freq": 1.0847010403445008}}