{"server1": {"avg_delay": 7.012688718542493, "avg_queue_size": 7.780392156862745, "server_freq": 1.1105771344528794}, "server2": {"avg_delay": 0, "avg_queue_size": 0.0, "server_freq": 1.1095775150699336}}