{"server1": {"avg_delay": 19.98306581917163, "avg_queue_size": 21.923954372623573, "server_freq": 1.0801444982292623}, "server2": {"avg_delay": 0, "avg_queue_size": 0.0, "server_freq": 1.0791452896277551}}