{"server1": {"avg_delay": 11.976326413739772, "avg_queue_size": 13.057673509286413, "server_freq": 1.113566215300961}, "server2": {"avg_delay": 0, "avg_queue_size": 0.0, "server_freq": 1.112566604694766}}