{"server1": {"avg_delay": 5.150982849897974, "avg_queue_size": 6.176176176176176, "server_freq": 1.1421020266681121}, "server2": {"avg_delay": 0, "avg_queue_size": 0.0, "server_freq": 1.141102812296574}}