{"server1": {"avg_delay": 10.012541962203345, "avg_queue_size": 10.445492662473795, "server_freq": 1.0708968801812353}, "server2": {"avg_delay": 0, "avg_queue_size": 0.0, "server_freq": 1.069896976464913}}