{"server1": {"avg_delay": 6.6624811855473185, "avg_queue_size": 7.06941431670282, "server_freq": 1.0130947846186789}, "server2": {"avg_delay": 0, "avg_queue_size": 0.0, "server_freq": 1.0120966616781677}}