{"server1": {"avg_delay": 12.317821053882168, "avg_queue_size": 14.35981308411215, "server_freq": 1.1437445686979768}, "server2": {"avg_delay": 0, "avg_queue_size": 0.0, "server_freq": 1.142744791977087}}