{"server1": {"avg_delay": 6.277962393378702, "avg_queue_size": 7.082514734774067, "server_freq": 1.1259528477930405}, "server2": {"avg_delay": 0, "avg_queue_size": 0.0, "server_freq": 1.1249528896688903}}