{"server1": {"avg_delay": 5.84772183895775, "avg_queue_size": 6.685128205128205, "server_freq": 1.0618316077274}, "server2": {"avg_delay": 0, "avg_queue_size": 0.0, "server_freq": 1.060831766288862}}