{"server1": {"avg_delay": 9.938677268542968, "avg_queue_size": 10.727941176470589, "server_freq": 1.0989662775193167}, "server2": {"avg_delay": 0, "avg_queue_size": 0.0, "server_freq": 1.0979672172670265}}