{"server1": {"avg_delay": 5.677949385275668, "avg_queue_size": 6.508097165991903, "server_freq": 1.104498435380345}, "server2": {"avg_delay": 0, "avg_queue_size": 0.0, "server_freq": 1.1034988892849782}}