{"server1": {"avg_delay": 6.025061938407375, "avg_queue_size": 7.006862745098039, "server_freq": 1.1353040773339147}, "server2": {"avg_delay": 0, "avg_queue_size": 0.0, "server_freq": 1.1343046899418954}}