{"server1": {"avg_delay": 5.50639801269221, "avg_queue_size": 6.532619279454723, "server_freq": 1.1684166046465483}, "server2": {"avg_delay": 0, "avg_queue_size": 0.0, "server_freq": 1.1674171037015983}}