{"server1": {"avg_delay": 4.406869383972135, "avg_queue_size": 5.334661354581673, "server_freq": 1.1146119919369066}, "server2": {"avg_delay": 0, "avg_queue_size": 0.0, "server_freq": 1.1136123399262008}}