{"server1": {"avg_delay": 7.018578277048568, "avg_queue_size": 7.700413223140496, "server_freq": 1.1079206235692232}, "server2": {"avg_delay": 0, "avg_queue_size": 0.0, "server_freq": 1.106920695208601}}