{"server1": {"avg_delay": 5.876994847756772, "avg_queue_size": 6.87857847976308, "server_freq": 1.1412541660096265}, "server2": {"avg_delay": 0, "avg_queue_size": 0.0, "server_freq": 1.140254819104189}}