{"server1": {"avg_delay": 5.071973448472704, "avg_queue_size": 5.67375132837407, "server_freq": 1.0981302799306378}, "server2": {"avg_delay": 0, "avg_queue_size": 0.0, "server_freq": 1.0971310713046774}}