{"server1": {"avg_delay": 6.703742119154656, "avg_queue_size": 7.711177052423343, "server_freq": 1.1134935419666734}, "server2": {"avg_delay": 0, "avg_queue_size": 0.0, "server_freq": 1.1124939965968648}}