{"server1": {"avg_delay": 8.943901180723996, "avg_queue_size": 9.78265306122449, "server_freq": 1.0999120453318818}, "server2": {"avg_delay": 0, "avg_queue_size": 0.0, "server_freq": 1.098912125290671}}