{"server1": {"avg_delay": 4.2705582044777906, "avg_queue_size": 5.025354969574036, "server_freq": 1.2005591058453606}, "server2": {"avg_delay": 0, "avg_queue_size": 0.0, "server_freq": 1.1995594729512344}}