{"server1": {"avg_delay": 12.522193646858035, "avg_queue_size": 13.278217821782178, "server_freq": 1.0575787353427533}, "server2": {"avg_delay": 0, "avg_queue_size": 0.0, "server_freq": 1.0565791335135066}}