{"server1": {"avg_delay": 11.298718486552003, "avg_queue_size": 12.29256360078278, "server_freq": 1.0473976150508224}, "server2": {"avg_delay": 0, "avg_queue_size": 0.0, "server_freq": 1.0463981898456214}}