{"server1": {"avg_delay": 5.693008270215427, "avg_queue_size": 6.554545454545455, "server_freq": 1.1259864227852145}, "server2": {"avg_delay": 0, "avg_queue_size": 0.0, "server_freq": 1.1249864348431318}}