{"server1": {"avg_delay": 6.592622509476913, "avg_queue_size": 7.222554890219561, "server_freq": 1.1055454119097587}, "server2": {"avg_delay": 0, "avg_queue_size": 0.0, "server_freq": 1.1045467259008068}}