{"server1": {"avg_delay": 10.133497003750247, "avg_queue_size": 11.12414467253177, "server_freq": 1.085667201136843}, "server2": {"avg_delay": 0, "avg_queue_size": 0.0, "server_freq": 1.0846675075814682}}