{"server1": {"avg_delay": 7.682379880057899, "avg_queue_size": 8.464, "server_freq": 1.109959309267295}, "server2": {"avg_delay": 0, "avg_queue_size": 0.0, "server_freq": 1.1089593459256128}}