{"server1": {"avg_delay": 4.147651750701006, "avg_queue_size": 5.2304725168756026, "server_freq": 1.1425619497433368}, "server2": {"avg_delay": 0, "avg_queue_size": 0.0, "server_freq": 1.1415632067802746}}