{"server1": {"avg_delay": 6.2287511000323965, "avg_queue_size": 7.077534791252485, "server_freq": 1.0929715889707077}, "server2": {"avg_delay": 0, "avg_queue_size": 0.0, "server_freq": 1.09197161496433}}