{"server1": {"avg_delay": 3.426647787022596, "avg_queue_size": 4.211597151576806, "server_freq": 1.1899424550356288}, "server2": {"avg_delay": 0, "avg_queue_size": 0.0, "server_freq": 1.1889425033927417}}