{"server1": {"avg_delay": 5.964167623347005, "avg_queue_size": 7.143706640237859, "server_freq": 1.1787178841674282}, "server2": {"avg_delay": 0, "avg_queue_size": 0.0, "server_freq": 1.1777181234514253}}