{"server1": {"avg_delay": 6.218585558796357, "avg_queue_size": 7.321816386969398, "server_freq": 1.105443158187614}, "server2": {"avg_delay": 0, "avg_queue_size": 0.0, "server_freq": 1.1044436616612239}}