{"server1": {"avg_delay": 16.31185557221246, "avg_queue_size": 18.81297709923664, "server_freq": 1.0846740320804886}, "server2": {"avg_delay": 0, "avg_queue_size": 0.0, "server_freq": 1.0836743325117508}}