{"server1": {"avg_delay": 8.168018934196642, "avg_queue_size": 9.172682926829268, "server_freq": 1.1009070547283948}, "server2": {"avg_delay": 0, "avg_queue_size": 0.0, "server_freq": 1.0999071391473516}}