{"server1": {"avg_delay": 22.303775404600138, "avg_queue_size": 23.196656833824974, "server_freq": 1.0402351433855777}, "server2": {"avg_delay": 0, "avg_queue_size": 0.0, "server_freq": 1.0392358781181563}}