{"server1": {"avg_delay": 6.911411452617915, "avg_queue_size": 8.003968253968255, "server_freq": 1.1563085764765344}, "server2": {"avg_delay": 0, "avg_queue_size": 0.0, "server_freq": 1.155309174076814}}