{"server1": {"avg_delay": 10.574901125260931, "avg_queue_size": 12.475256769374417, "server_freq": 1.1104935412153247}, "server2": {"avg_delay": 0, "avg_queue_size": 0.0, "server_freq": 1.1094939970738167}}