{"server1": {"avg_delay": 12.011529482040807, "avg_queue_size": 12.942268041237114, "server_freq": 1.0574512744162563}, "server2": {"avg_delay": 0, "avg_queue_size": 0.0, "server_freq": 1.0564517930604753}}