{"server1": {"avg_delay": 4.0725745149869645, "avg_queue_size": 4.609574468085106, "server_freq": 1.1238956374490978}, "server2": {"avg_delay": 0, "avg_queue_size": 0.0, "server_freq": 1.1228957302983424}}