{"server1": {"avg_delay": 5.338914151800861, "avg_queue_size": 6.279118572927597, "server_freq": 1.1634146254903968}, "server2": {"avg_delay": 0, "avg_queue_size": 0.0, "server_freq": 1.1624151283894602}}