{"server1": {"avg_delay": 9.743132259495074, "avg_queue_size": 10.539070227497527, "server_freq": 1.0736279376983104}, "server2": {"avg_delay": 0, "avg_queue_size": 0.0, "server_freq": 1.0726282841250345}}