{"server1": {"avg_delay": 17.054078650908014, "avg_queue_size": 18.529857819905214, "server_freq": 1.0394792286448482}, "server2": {"avg_delay": 0, "avg_queue_size": 0.0, "server_freq": 1.038479729386536}}