{"server1": {"avg_delay": 6.856807107309263, "avg_queue_size": 7.995872033023736, "server_freq": 1.1096076871094236}, "server2": {"avg_delay": 0, "avg_queue_size": 0.0, "server_freq": 1.1086080405444603}}