{"server1": {"avg_delay": 6.157864533526812, "avg_queue_size": 6.809720785935884, "server_freq": 1.1064046576799398}, "server2": {"avg_delay": 0, "avg_queue_size": 0.0, "server_freq": 1.1054051954778803}}