{"server1": {"avg_delay": 6.608165161186574, "avg_queue_size": 7.628795298726739, "server_freq": 1.105992237079796}, "server2": {"avg_delay": 0, "avg_queue_size": 0.0, "server_freq": 1.1049922440987112}}