{"server1": {"avg_delay": 14.565279078681098, "avg_queue_size": 15.694141012909633, "server_freq": 1.0871401889606787}, "server2": {"avg_delay": 0, "avg_queue_size": 0.0, "server_freq": 1.086140979228178}}