{"server1": {"avg_delay": 5.650406447796064, "avg_queue_size": 6.5510835913312695, "server_freq": 1.1178052535261407}, "server2": {"avg_delay": 0, "avg_queue_size": 0.0, "server_freq": 1.1168054277179778}}