{"server1": {"avg_delay": 12.293315366806079, "avg_queue_size": 13.489531405782651, "server_freq": 1.0904177130646142}, "server2": {"avg_delay": 0, "avg_queue_size": 0.0, "server_freq": 1.0894191620453244}}