{"server1": {"avg_delay": 6.1795495507882245, "avg_queue_size": 7.033160621761658, "server_freq": 1.1384725535146363}, "server2": {"avg_delay": 0, "avg_queue_size": 0.0, "server_freq": 1.1374730165932012}}