{"server1": {"avg_delay": 4.964387954346951, "avg_queue_size": 5.523316062176166, "server_freq": 1.0939144598498927}, "server2": {"avg_delay": 0, "avg_queue_size": 0.0, "server_freq": 1.092914538040158}}