{"server1": {"avg_delay": 9.870035686050302, "avg_queue_size": 10.330971659919028, "server_freq": 1.0857854311500679}, "server2": {"avg_delay": 0, "avg_queue_size": 0.0, "server_freq": 1.084785628727278}}