{"server1": {"avg_delay": 12.004615207303054, "avg_queue_size": 13.269980506822613, "server_freq": 1.0784214192671713}, "server2": {"avg_delay": 0, "avg_queue_size": 0.0, "server_freq": 1.0774219554865714}}