{"server1": {"avg_delay": 5.211497877857009, "avg_queue_size": 5.978461538461539, "server_freq": 1.1469632887236445}, "server2": {"avg_delay": 0, "avg_queue_size": 0.0, "server_freq": 1.1459633207299882}}