{"server1": {"avg_delay": 9.221440224251186, "avg_queue_size": 9.880445795339412, "server_freq": 1.0789484546978723}, "server2": {"avg_delay": 0, "avg_queue_size": 0.0, "server_freq": 1.0779485024692366}}