{"server1": {"avg_delay": 8.662284790474072, "avg_queue_size": 9.926326129666013, "server_freq": 1.1209329287329306}, "server2": {"avg_delay": 0, "avg_queue_size": 0.0, "server_freq": 1.1199329885645692}}