{"server1": {"avg_delay": 8.051279359965088, "avg_queue_size": 9.325809617271835, "server_freq": 1.1262324457124637}, "server2": {"avg_delay": 0, "avg_queue_size": 0.0, "server_freq": 1.1252340126932152}}