{"server1": {"avg_delay": 4.56016437258559, "avg_queue_size": 5.2487153134635145, "server_freq": 1.1358836076235441}, "server2": {"avg_delay": 0, "avg_queue_size": 0.0, "server_freq": 1.134883710081622}}