{"server1": {"avg_delay": 15.615669126072792, "avg_queue_size": 16.618485742379548, "server_freq": 1.071421990403406}, "server2": {"avg_delay": 0, "avg_queue_size": 0.0, "server_freq": 1.0704225295914624}}