{"server1": {"avg_delay": 7.919610361576061, "avg_queue_size": 8.893658536585367, "server_freq": 1.1242692765614286}, "server2": {"avg_delay": 0, "avg_queue_size": 0.0, "server_freq": 1.1232699260933738}}