{"server1": {"avg_delay": 4.599459848127712, "avg_queue_size": 5.455102040816326, "server_freq": 1.1506508841792051}, "server2": {"avg_delay": 0, "avg_queue_size": 0.0, "server_freq": 1.1496511874944273}}