{"server1": {"avg_delay": 6.609525626528109, "avg_queue_size": 7.320696721311475, "server_freq": 1.0757402262141293}, "server2": {"avg_delay": 0, "avg_queue_size": 0.0, "server_freq": 1.0747404676395809}}