{"server1": {"avg_delay": 5.96268129800466, "avg_queue_size": 6.9605133267522215, "server_freq": 1.1427538758420563}, "server2": {"avg_delay": 0, "avg_queue_size": 0.0, "server_freq": 1.1417549651114252}}