{"server1": {"avg_delay": 3.784183168771064, "avg_queue_size": 4.343333333333334, "server_freq": 1.1228909314751667}, "server2": {"avg_delay": 0, "avg_queue_size": 0.0, "server_freq": 1.121891028597629}}