{"server1": {"avg_delay": 6.378579130681053, "avg_queue_size": 7.310699588477366, "server_freq": 1.1505687140206227}, "server2": {"avg_delay": 0, "avg_queue_size": 0.0, "server_freq": 1.1495690887260783}}