{"server1": {"avg_delay": 5.54620600749646, "avg_queue_size": 6.345641025641026, "server_freq": 1.1248252910952619}, "server2": {"avg_delay": 0, "avg_queue_size": 0.0, "server_freq": 1.123825446392066}}