{"server1": {"avg_delay": 5.260351996648185, "avg_queue_size": 6.198675496688741, "server_freq": 1.1447380446219295}, "server2": {"avg_delay": 0, "avg_queue_size": 0.0, "server_freq": 1.143738273403919}}