{"server1": {"avg_delay": 7.608458203338694, "avg_queue_size": 8.456211812627291, "server_freq": 1.126282719590756}, "server2": {"avg_delay": 0, "avg_queue_size": 0.0, "server_freq": 1.1252833560418734}}