{"server1": {"avg_delay": 7.492465988521582, "avg_queue_size": 8.570993914807302, "server_freq": 1.1607621537410353}, "server2": {"avg_delay": 0, "avg_queue_size": 0.0, "server_freq": 1.1597623586043073}}