{"server1": {"avg_delay": 3.811429491415785, "avg_queue_size": 4.628571428571429, "server_freq": 1.1329102236834778}, "server2": {"avg_delay": 0, "avg_queue_size": 0.0, "server_freq": 1.13191030292118}}