{"server1": {"avg_delay": 8.521982774814294, "avg_queue_size": 9.29757085020243, "server_freq": 1.075967077226009}, "server2": {"avg_delay": 0, "avg_queue_size": 0.0, "server_freq": 1.0749671078233825}}