{"server1": {"avg_delay": 21.620932633845896, "avg_queue_size": 23.961753731343283, "server_freq": 1.081937514515502}, "server2": {"avg_delay": 0, "avg_queue_size": 0.0, "server_freq": 1.0809384955731978}}