{"server1": {"avg_delay": 7.550613803800505, "avg_queue_size": 8.618199802176063, "server_freq": 1.1636101584515401}, "server2": {"avg_delay": 0, "avg_queue_size": 0.0, "server_freq": 1.1626104933669597}}