{"server1": {"avg_delay": 8.01647216934876, "avg_queue_size": 8.9740777666999, "server_freq": 1.1136880391841417}, "server2": {"avg_delay": 0, "avg_queue_size": 0.0, "server_freq": 1.1126883192207808}}