{"server1": {"avg_delay": 6.638481407977555, "avg_queue_size": 7.332338308457712, "server_freq": 1.113957825000677}, "server2": {"avg_delay": 0, "avg_queue_size": 0.0, "server_freq": 1.1129578628597427}}