{"server1": {"avg_delay": 9.443766286974318, "avg_queue_size": 10.463414634146341, "server_freq": 1.073299296829043}, "server2": {"avg_delay": 0, "avg_queue_size": 0.0, "server_freq": 1.072299949252852}}