{"server1": {"avg_delay": 4.694827637088726, "avg_queue_size": 5.595116988809766, "server_freq": 1.1286655497478177}, "server2": {"avg_delay": 0, "avg_queue_size": 0.0, "server_freq": 1.1276658459836477}}