{"server1": {"avg_delay": 18.679698912028332, "avg_queue_size": 20.82851985559567, "server_freq": 1.144415935912042}, "server2": {"avg_delay": 0, "avg_queue_size": 0.0, "server_freq": 1.1434164460116822}}