{"server1": {"avg_delay": 6.751933675542138, "avg_queue_size": 7.764878048780488, "server_freq": 1.1665689489799653}, "server2": {"avg_delay": 0, "avg_queue_size": 0.0, "server_freq": 1.1655693183467348}}