{"server1": {"avg_delay": 4.289052911697565, "avg_queue_size": 4.894403379091869, "server_freq": 1.1185618745536892}, "server2": {"avg_delay": 0, "avg_queue_size": 0.0, "server_freq": 1.1175622660867064}}