{"server1": {"avg_delay": 6.3968628095992655, "avg_queue_size": 7.083160083160083, "server_freq": 1.1227629013235845}, "server2": {"avg_delay": 0, "avg_queue_size": 0.0, "server_freq": 1.1217631124533052}}