{"server1": {"avg_delay": 6.374680378564695, "avg_queue_size": 7.108433734939759, "server_freq": 1.0812548063446703}, "server2": {"avg_delay": 0, "avg_queue_size": 0.0, "server_freq": 1.0802554950633905}}