{"server1": {"avg_delay": 4.736479092266796, "avg_queue_size": 5.57720207253886, "server_freq": 1.1609362082073895}, "server2": {"avg_delay": 0, "avg_queue_size": 0.0, "server_freq": 1.1599362631529473}}