{"server1": {"avg_delay": 3.843341388831743, "avg_queue_size": 4.771598808341609, "server_freq": 1.175922451038018}, "server2": {"avg_delay": 0, "avg_queue_size": 0.0, "server_freq": 1.1749225169810127}}