{"server1": {"avg_delay": 7.366580319789145, "avg_queue_size": 8.395770392749245, "server_freq": 1.0881423757586712}, "server2": {"avg_delay": 0, "avg_queue_size": 0.0, "server_freq": 1.0871431632924098}}