{"server1": {"avg_delay": 3.7562729157334642, "avg_queue_size": 4.441478439425051, "server_freq": 1.1505187880215826}, "server2": {"avg_delay": 0, "avg_queue_size": 0.0, "server_freq": 1.149519206103232}}