{"server1": {"avg_delay": 8.270199612197281, "avg_queue_size": 9.078411405295316, "server_freq": 1.0986629717126648}, "server2": {"avg_delay": 0, "avg_queue_size": 0.0, "server_freq": 1.097663278380806}}