{"server1": {"avg_delay": 4.498682976857166, "avg_queue_size": 5.322949117341641, "server_freq": 1.124697597969127}, "server2": {"avg_delay": 0, "avg_queue_size": 0.0, "server_freq": 1.123697866770932}}