{"server1": {"avg_delay": 5.2393732671492845, "avg_queue_size": 6.021105527638191, "server_freq": 1.0906100409261448}, "server2": {"avg_delay": 0, "avg_queue_size": 0.0, "server_freq": 1.0896103983588432}}