{"server1": {"avg_delay": 12.919353854202134, "avg_queue_size": 13.99899193548387, "server_freq": 1.074840860348293}, "server2": {"avg_delay": 0, "avg_queue_size": 0.0, "server_freq": 1.0738419376156274}}