{"server1": {"avg_delay": 6.7878863832354615, "avg_queue_size": 7.649740932642487, "server_freq": 1.1246204967672777}, "server2": {"avg_delay": 0, "avg_queue_size": 0.0, "server_freq": 1.1236208341034846}}