{"server1": {"avg_delay": 5.855884309114912, "avg_queue_size": 7.151454363089268, "server_freq": 1.1238040206635311}, "server2": {"avg_delay": 0, "avg_queue_size": 0.0, "server_freq": 1.1228041950223715}}