{"server1": {"avg_delay": 27.412566493843123, "avg_queue_size": 29.46812559467174, "server_freq": 1.0982591599827654}, "server2": {"avg_delay": 0, "avg_queue_size": 0.0, "server_freq": 1.0972598340865116}}