{"server1": {"avg_delay": 9.573421138152964, "avg_queue_size": 10.169941060903733, "server_freq": 1.1298811839917513}, "server2": {"avg_delay": 0, "avg_queue_size": 0.0, "server_freq": 1.128882173218991}}