{"server1": {"avg_delay": 4.789185675688679, "avg_queue_size": 5.649284253578732, "server_freq": 1.1438279283850203}, "server2": {"avg_delay": 0, "avg_queue_size": 0.0, "server_freq": 1.1428280787972713}}