{"server1": {"avg_delay": 11.080513155679059, "avg_queue_size": 11.899201596806387, "server_freq": 1.0869752700749025}, "server2": {"avg_delay": 0, "avg_queue_size": 0.0, "server_freq": 1.0859752928255235}}