{"server1": {"avg_delay": 5.375751977561573, "avg_queue_size": 6.512452107279693, "server_freq": 1.1705863705933746}, "server2": {"avg_delay": 0, "avg_queue_size": 0.0, "server_freq": 1.1695875767618102}}