{"server1": {"avg_delay": 7.325369280694611, "avg_queue_size": 7.737551867219917, "server_freq": 1.1086132094038117}, "server2": {"avg_delay": 0, "avg_queue_size": 0.0, "server_freq": 1.107613558178019}}