{"server1": {"avg_delay": 23.120094823261795, "avg_queue_size": 23.00597609561753, "server_freq": 0.9914532450411344}, "server2": {"avg_delay": 0, "avg_queue_size": 0.0, "server_freq": 0.9904537962054074}}