{"server1": {"avg_delay": 7.3653313695303435, "avg_queue_size": 8.196640316205533, "server_freq": 1.0946458062267879}, "server2": {"avg_delay": 0, "avg_queue_size": 0.0, "server_freq": 1.093646129691421}}