{"server1": {"avg_delay": 4.907826360499944, "avg_queue_size": 5.635721493440968, "server_freq": 1.1409748658516121}, "server2": {"avg_delay": 0, "avg_queue_size": 0.0, "server_freq": 1.1399757635172412}}