{"server1": {"avg_delay": 3.9929675379387755, "avg_queue_size": 4.9644308943089435, "server_freq": 1.1778840068600394}, "server2": {"avg_delay": 0, "avg_queue_size": 0.0, "server_freq": 1.1768849534191064}}