{"server1": {"avg_delay": 31.391814314677163, "avg_queue_size": 34.13503305004721, "server_freq": 1.098776961780871}, "server2": {"avg_delay": 0, "avg_queue_size": 0.0, "server_freq": 1.0977771647273853}}