{"server1": {"avg_delay": 8.099287038812058, "avg_queue_size": 9.335877862595419, "server_freq": 1.1126285988432731}, "server2": {"avg_delay": 0, "avg_queue_size": 0.0, "server_freq": 1.1116289325370348}}