{"server1": {"avg_delay": 4.404945370216849, "avg_queue_size": 5.17720207253886, "server_freq": 1.1423641816007628}, "server2": {"avg_delay": 0, "avg_queue_size": 0.0, "server_freq": 1.1413664836255657}}