{"server1": {"avg_delay": 5.635810404991685, "avg_queue_size": 7.124137931034483, "server_freq": 1.171991700207377}, "server2": {"avg_delay": 0, "avg_queue_size": 0.0, "server_freq": 1.1709917072891112}}