{"server1": {"avg_delay": 8.013291968222417, "avg_queue_size": 9.400756143667296, "server_freq": 1.1358610084843859}, "server2": {"avg_delay": 0, "avg_queue_size": 0.0, "server_freq": 1.134861130836072}}