{"server1": {"avg_delay": 23.13467244305723, "avg_queue_size": 27.038973384030417, "server_freq": 1.029377838150286}, "server2": {"avg_delay": 0, "avg_queue_size": 0.0, "server_freq": 1.0283784421909168}}