{"server1": {"avg_delay": 9.322835312096164, "avg_queue_size": 10.701183431952662, "server_freq": 1.0963319648950578}, "server2": {"avg_delay": 0, "avg_queue_size": 0.0, "server_freq": 1.0953325738605135}}