{"server1": {"avg_delay": 14.355345062118143, "avg_queue_size": 14.87399193548387, "server_freq": 1.045446093911839}, "server2": {"avg_delay": 0, "avg_queue_size": 0.0, "server_freq": 1.0444466234587684}}