{"server1": {"avg_delay": 7.123168481513372, "avg_queue_size": 8.511627906976743, "server_freq": 1.1469729465686636}, "server2": {"avg_delay": 0, "avg_queue_size": 0.0, "server_freq": 1.1459729701549157}}