{"server1": {"avg_delay": 7.568832401551931, "avg_queue_size": 8.45759368836292, "server_freq": 1.0779909453188694}, "server2": {"avg_delay": 0, "avg_queue_size": 0.0, "server_freq": 1.0769918804946628}}