{"server1": {"avg_delay": 9.36327436681835, "avg_queue_size": 10.09959349593496, "server_freq": 1.0956724190363554}, "server2": {"avg_delay": 0, "avg_queue_size": 0.0, "server_freq": 1.0946727179240958}}