{"server1": {"avg_delay": 8.04799599881756, "avg_queue_size": 9.245392822502424, "server_freq": 1.1228587835888344}, "server2": {"avg_delay": 0, "avg_queue_size": 0.0, "server_freq": 1.1218589093380875}}