{"server1": {"avg_delay": 6.507696797030812, "avg_queue_size": 7.813291139240507, "server_freq": 1.0689967916731717}, "server2": {"avg_delay": 0, "avg_queue_size": 0.0, "server_freq": 1.0679967946744129}}