{"server1": {"avg_delay": 3.854626111695674, "avg_queue_size": 4.533811475409836, "server_freq": 1.1278386694874862}, "server2": {"avg_delay": 0, "avg_queue_size": 0.0, "server_freq": 1.1268388125109903}}