{"server1": {"avg_delay": 12.673035567291466, "avg_queue_size": 13.566468253968255, "server_freq": 1.0514366562352857}, "server2": {"avg_delay": 0, "avg_queue_size": 0.0, "server_freq": 1.0504371917331607}}