{"server1": {"avg_delay": 5.45903672656288, "avg_queue_size": 6.138975966562174, "server_freq": 1.099847006435714}, "server2": {"avg_delay": 0, "avg_queue_size": 0.0, "server_freq": 1.0988471455207725}}