{"server1": {"avg_delay": 5.285395670891913, "avg_queue_size": 6.100401606425703, "server_freq": 1.1556953173946156}, "server2": {"avg_delay": 0, "avg_queue_size": 0.0, "server_freq": 1.1546955809608832}}