{"server1": {"avg_delay": 26.819926477568238, "avg_queue_size": 27.80635838150289, "server_freq": 1.0414957343049718}, "server2": {"avg_delay": 0, "avg_queue_size": 0.0, "server_freq": 1.0404971765539603}}