{"server1": {"avg_delay": 4.47827081449934, "avg_queue_size": 4.998935037273696, "server_freq": 1.1759335444299137}, "server2": {"avg_delay": 0, "avg_queue_size": 0.0, "server_freq": 1.1749336009397522}}