{"server1": {"avg_delay": 4.608880833090602, "avg_queue_size": 5.490584737363727, "server_freq": 1.1747410037120205}, "server2": {"avg_delay": 0, "avg_queue_size": 0.0, "server_freq": 1.1737412241343934}}