{"server1": {"avg_delay": 5.470001472706398, "avg_queue_size": 6.3477386934673365, "server_freq": 1.1372328807815575}, "server2": {"avg_delay": 0, "avg_queue_size": 0.0, "server_freq": 1.1362344322470699}}