{"server1": {"avg_delay": 9.67803243332556, "avg_queue_size": 10.826, "server_freq": 1.0775081550694199}, "server2": {"avg_delay": 0, "avg_queue_size": 0.0, "server_freq": 1.0765086113263127}}