{"server1": {"avg_delay": 18.602173272811925, "avg_queue_size": 20.431132075471698, "server_freq": 1.0825309840896649}, "server2": {"avg_delay": 0, "avg_queue_size": 0.0, "server_freq": 1.081531417160681}}