{"server1": {"avg_delay": 9.979540778213808, "avg_queue_size": 10.834, "server_freq": 1.0528121091642209}, "server2": {"avg_delay": 0, "avg_queue_size": 0.0, "server_freq": 1.0518122875980631}}