{"server1": {"avg_delay": 12.407613244016055, "avg_queue_size": 14.255460588793921, "server_freq": 1.1209755227007423}, "server2": {"avg_delay": 0, "avg_queue_size": 0.0, "server_freq": 1.119975544535978}}