{"server1": {"avg_delay": 4.549055896128911, "avg_queue_size": 5.49163179916318, "server_freq": 1.1567080620655297}, "server2": {"avg_delay": 0, "avg_queue_size": 0.0, "server_freq": 1.1557083143887228}}