{"server1": {"avg_delay": 11.232183886424155, "avg_queue_size": 12.225296442687746, "server_freq": 1.0877800037064618}, "server2": {"avg_delay": 0, "avg_queue_size": 0.0, "server_freq": 1.0867802059089373}}