{"server1": {"avg_delay": 13.92324484246392, "avg_queue_size": 14.81576354679803, "server_freq": 1.0658459628766441}, "server2": {"avg_delay": 0, "avg_queue_size": 0.0, "server_freq": 1.0648461073767599}}