{"server1": {"avg_delay": 5.190288845672616, "avg_queue_size": 5.943181818181818, "server_freq": 1.161937652187729}, "server2": {"avg_delay": 0, "avg_queue_size": 0.0, "server_freq": 1.1609377058433334}}