{"server1": {"avg_delay": 8.146584164725468, "avg_queue_size": 9.2058526740666, "server_freq": 1.0709730300171325}, "server2": {"avg_delay": 0, "avg_queue_size": 0.0, "server_freq": 1.06997491908515}}