{"server1": {"avg_delay": 7.449996661891606, "avg_queue_size": 8.272727272727273, "server_freq": 1.1079335194743225}, "server2": {"avg_delay": 0, "avg_queue_size": 0.0, "server_freq": 1.106933579474797}}