{"server1": {"avg_delay": 3.84859509451498, "avg_queue_size": 4.626609442060086, "server_freq": 1.1425893410717474}, "server2": {"avg_delay": 0, "avg_queue_size": 0.0, "server_freq": 1.1415897003533995}}