{"server1": {"avg_delay": 5.832070868839588, "avg_queue_size": 6.820378151260504, "server_freq": 1.1428719299271373}, "server2": {"avg_delay": 0, "avg_queue_size": 0.0, "server_freq": 1.141872041974445}}