{"server1": {"avg_delay": 4.876394625042562, "avg_queue_size": 5.618163054695563, "server_freq": 1.1168199013323348}, "server2": {"avg_delay": 0, "avg_queue_size": 0.0, "server_freq": 1.1158200625665942}}