{"server1": {"avg_delay": 4.827113069463789, "avg_queue_size": 5.584599797365755, "server_freq": 1.1287433547479513}, "server2": {"avg_delay": 0, "avg_queue_size": 0.0, "server_freq": 1.1277435820688122}}