{"server1": {"avg_delay": 7.121511753262066, "avg_queue_size": 8.04012036108325, "server_freq": 1.0975705834925202}, "server2": {"avg_delay": 0, "avg_queue_size": 0.0, "server_freq": 1.0965709745822356}}