{"server1": {"avg_delay": 7.940214194737649, "avg_queue_size": 9.108673978065802, "server_freq": 1.1216993830445052}, "server2": {"avg_delay": 0, "avg_queue_size": 0.0, "server_freq": 1.1206996509740557}}