{"server1": {"avg_delay": 5.0159137765179205, "avg_queue_size": 5.990844354018312, "server_freq": 1.1421532653258206}, "server2": {"avg_delay": 0, "avg_queue_size": 0.0, "server_freq": 1.1411540061260605}}