{"server1": {"avg_delay": 8.211809257288321, "avg_queue_size": 9.492753623188406, "server_freq": 1.1479642652678685}, "server2": {"avg_delay": 0, "avg_queue_size": 0.0, "server_freq": 1.146964296395684}}