{"server1": {"avg_delay": 4.3306488423479905, "avg_queue_size": 5.170682730923695, "server_freq": 1.1587952977628706}, "server2": {"avg_delay": 0, "avg_queue_size": 0.0, "server_freq": 1.1577954743825747}}