{"server1": {"avg_delay": 6.03259754843588, "avg_queue_size": 6.8216432865731464, "server_freq": 1.1054214215251978}, "server2": {"avg_delay": 0, "avg_queue_size": 0.0, "server_freq": 1.1044219446522094}}