{"server1": {"avg_delay": 6.81521539938623, "avg_queue_size": 7.564397905759162, "server_freq": 1.0694701919822276}, "server2": {"avg_delay": 0, "avg_queue_size": 0.0, "server_freq": 1.0684706871299077}}