{"server1": {"avg_delay": 7.074610323288139, "avg_queue_size": 7.731937172774869, "server_freq": 1.1003518096480251}, "server2": {"avg_delay": 0, "avg_queue_size": 0.0, "server_freq": 1.0993523983767735}}