{"server1": {"avg_delay": 9.451973751960352, "avg_queue_size": 10.364185110663984, "server_freq": 1.1107890356460994}, "server2": {"avg_delay": 0, "avg_queue_size": 0.0, "server_freq": 1.1097892255330066}}