{"server1": {"avg_delay": 6.750058734867778, "avg_queue_size": 7.704837117472853, "server_freq": 1.099911440363664}, "server2": {"avg_delay": 0, "avg_queue_size": 0.0, "server_freq": 1.0989115208724243}}