{"server1": {"avg_delay": 8.718327148964336, "avg_queue_size": 9.82995951417004, "server_freq": 1.0894536466362088}, "server2": {"avg_delay": 0, "avg_queue_size": 0.0, "server_freq": 1.088454147877827}}