{"server1": {"avg_delay": 6.604632167312706, "avg_queue_size": 7.802492809204218, "server_freq": 1.1204824732031844}, "server2": {"avg_delay": 0, "avg_queue_size": 0.0, "server_freq": 1.1194829348684803}}