{"server1": {"avg_delay": 4.921426422416413, "avg_queue_size": 5.710309278350516, "server_freq": 1.1363942552373445}, "server2": {"avg_delay": 0, "avg_queue_size": 0.0, "server_freq": 1.1353947879943915}}