{"server1": {"avg_delay": 9.372007071232497, "avg_queue_size": 10.544278606965173, "server_freq": 1.1158150724171887}, "server2": {"avg_delay": 0, "avg_queue_size": 0.0, "server_freq": 1.1148152381229082}}