{"server1": {"avg_delay": 9.198342142447617, "avg_queue_size": 10.512918660287081, "server_freq": 1.1072238348304744}, "server2": {"avg_delay": 0, "avg_queue_size": 0.0, "server_freq": 1.1062245353405553}}