{"server1": {"avg_delay": 7.858338537773616, "avg_queue_size": 9.123711340206185, "server_freq": 1.1349893766237238}, "server2": {"avg_delay": 0, "avg_queue_size": 0.0, "server_freq": 1.1339893859835268}}