{"server1": {"avg_delay": 3.999704742660418, "avg_queue_size": 4.791152263374485, "server_freq": 1.112684152624317}, "server2": {"avg_delay": 0, "avg_queue_size": 0.0, "server_freq": 1.1116844364045286}}