{"server1": {"avg_delay": 4.260727884529574, "avg_queue_size": 4.745415318230852, "server_freq": 1.1092687658489315}, "server2": {"avg_delay": 0, "avg_queue_size": 0.0, "server_freq": 1.1082694246184368}}