{"server1": {"avg_delay": 7.362293273421144, "avg_queue_size": 8.271794871794873, "server_freq": 1.081609214660599}, "server2": {"avg_delay": 0, "avg_queue_size": 0.0, "server_freq": 1.0806095758300438}}