{"server1": {"avg_delay": 7.694144645974486, "avg_queue_size": 8.797630799605134, "server_freq": 1.1438944329839862}, "server2": {"avg_delay": 0, "avg_queue_size": 0.0, "server_freq": 1.1428945252628464}}