{"server1": {"avg_delay": 4.541108309656893, "avg_queue_size": 5.365404298874104, "server_freq": 1.10591804616863}, "server2": {"avg_delay": 0, "avg_queue_size": 0.0, "server_freq": 1.104918120267935}}