{"server1": {"avg_delay": 4.06304412847064, "avg_queue_size": 5.154871794871795, "server_freq": 1.1800804325029468}, "server2": {"avg_delay": 0, "avg_queue_size": 0.0, "server_freq": 1.179081211137576}}