{"server1": {"avg_delay": 7.654099268083146, "avg_queue_size": 8.679640718562874, "server_freq": 1.1047422404364138}, "server2": {"avg_delay": 0, "avg_queue_size": 0.0, "server_freq": 1.103742473702987}}