{"server1": {"avg_delay": 6.429116923933236, "avg_queue_size": 7.064921465968586, "server_freq": 1.0749773170374253}, "server2": {"avg_delay": 0, "avg_queue_size": 0.0, "server_freq": 1.0739773381378557}}