{"server1": {"avg_delay": 9.620445654669686, "avg_queue_size": 10.48358208955224, "server_freq": 1.0770771005047404}, "server2": {"avg_delay": 0, "avg_queue_size": 0.0, "server_freq": 1.0760779566267211}}