{"server1": {"avg_delay": 7.08742993140838, "avg_queue_size": 7.921529175050302, "server_freq": 1.1158085142323413}, "server2": {"avg_delay": 0, "avg_queue_size": 0.0, "server_freq": 1.114809580916108}}