{"server1": {"avg_delay": 6.998846263758558, "avg_queue_size": 7.97883064516129, "server_freq": 1.110992384409057}, "server2": {"avg_delay": 0, "avg_queue_size": 0.0, "server_freq": 1.1099923912637744}}