{"server1": {"avg_delay": 13.71931108123316, "avg_queue_size": 16.031805425631433, "server_freq": 1.1319714714660014}, "server2": {"avg_delay": 0, "avg_queue_size": 0.0, "server_freq": 1.1309714966678865}}