{"server1": {"avg_delay": 15.66528025159609, "avg_queue_size": 15.892929292929294, "server_freq": 1.0322190276671221}, "server2": {"avg_delay": 0, "avg_queue_size": 0.0, "server_freq": 1.0312197836906778}}