{"server1": {"avg_delay": 7.710645668605783, "avg_queue_size": 8.682412060301507, "server_freq": 1.0928556715632323}, "server2": {"avg_delay": 0, "avg_queue_size": 0.0, "server_freq": 1.0918567175672877}}