{"server1": {"avg_delay": 5.097429497872863, "avg_queue_size": 5.9678391959798995, "server_freq": 1.183894555759927}, "server2": {"avg_delay": 0, "avg_queue_size": 0.0, "server_freq": 1.1828946448175621}}