{"server1": {"avg_delay": 6.636370830644934, "avg_queue_size": 7.453807106598985, "server_freq": 1.1059959666794488}, "server2": {"avg_delay": 0, "avg_queue_size": 0.0, "server_freq": 1.1049959703262124}}