{"server1": {"avg_delay": 17.486289615656986, "avg_queue_size": 19.057765151515152, "server_freq": 1.0969030327293703}, "server2": {"avg_delay": 0, "avg_queue_size": 0.0, "server_freq": 1.0959031211225065}}