{"server1": {"avg_delay": 7.776373994426093, "avg_queue_size": 9.101038715769594, "server_freq": 1.147327072108314}, "server2": {"avg_delay": 0, "avg_queue_size": 0.0, "server_freq": 1.1463285280942945}}