{"server1": {"avg_delay": 4.440667721307572, "avg_queue_size": 5.237, "server_freq": 1.1587535407074971}, "server2": {"avg_delay": 0, "avg_queue_size": 0.0, "server_freq": 1.1577537533557218}}