{"server1": {"avg_delay": 17.777644782201985, "avg_queue_size": 19.19066147859922, "server_freq": 1.036736563541773}, "server2": {"avg_delay": 0, "avg_queue_size": 0.0, "server_freq": 1.0357368175788588}}