{"server1": {"avg_delay": 6.173012906737307, "avg_queue_size": 7.0, "server_freq": 1.1178911358388428}, "server2": {"avg_delay": 0, "avg_queue_size": 0.0, "server_freq": 1.116892126780899}}