{"server1": {"avg_delay": 16.986306083511433, "avg_queue_size": 18.018218623481783, "server_freq": 1.0549225640867612}, "server2": {"avg_delay": 0, "avg_queue_size": 0.0, "server_freq": 1.0539226374857311}}