{"server1": {"avg_delay": 6.097087881154716, "avg_queue_size": 6.9879518072289155, "server_freq": 1.1357862893212238}, "server2": {"avg_delay": 0, "avg_queue_size": 0.0, "server_freq": 1.1347864774468213}}