{"server1": {"avg_delay": 7.563740860864164, "avg_queue_size": 8.093457943925234, "server_freq": 1.0832576475382991}, "server2": {"avg_delay": 0, "avg_queue_size": 0.0, "server_freq": 1.0822583323652932}}