{"server1": {"avg_delay": 7.947134439621472, "avg_queue_size": 8.703482587064677, "server_freq": 1.116006501313529}, "server2": {"avg_delay": 0, "avg_queue_size": 0.0, "server_freq": 1.1150073907483422}}