{"server1": {"avg_delay": 11.310110168710558, "avg_queue_size": 12.420159680638722, "server_freq": 1.0885533759882344}, "server2": {"avg_delay": 0, "avg_queue_size": 0.0, "server_freq": 1.087554703166227}}