{"server1": {"avg_delay": 13.271882497038687, "avg_queue_size": 14.364161849710984, "server_freq": 1.0787497408308773}, "server2": {"avg_delay": 0, "avg_queue_size": 0.0, "server_freq": 1.0777499727670858}}