{"server1": {"avg_delay": 9.09946561690531, "avg_queue_size": 10.067484662576687, "server_freq": 1.1066305302059674}, "server2": {"avg_delay": 0, "avg_queue_size": 0.0, "server_freq": 1.1056308639636856}}