{"server1": {"avg_delay": 7.858491123934945, "avg_queue_size": 8.9287109375, "server_freq": 1.0904535349244613}, "server2": {"avg_delay": 0, "avg_queue_size": 0.0, "server_freq": 1.0894540358090403}}