{"server1": {"avg_delay": 11.176334094994177, "avg_queue_size": 12.126570048309178, "server_freq": 1.1267499680348547}, "server2": {"avg_delay": 0, "avg_queue_size": 0.0, "server_freq": 1.1257501898910793}}