{"server1": {"avg_delay": 4.4082316575996385, "avg_queue_size": 5.044468546637744, "server_freq": 1.0820567061188915}, "server2": {"avg_delay": 0, "avg_queue_size": 0.0, "server_freq": 1.081057577119705}}