{"server1": {"avg_delay": 8.372395241249908, "avg_queue_size": 9.50589390962672, "server_freq": 1.1504480120761547}, "server2": {"avg_delay": 0, "avg_queue_size": 0.0, "server_freq": 1.149448491648634}}