{"server1": {"avg_delay": 9.411072732756844, "avg_queue_size": 10.184, "server_freq": 1.0487047675075796}, "server2": {"avg_delay": 0, "avg_queue_size": 0.0, "server_freq": 1.0477050489494217}}