{"server1": {"avg_delay": 6.207787851563322, "avg_queue_size": 7.313492063492063, "server_freq": 1.1329997969547378}, "server2": {"avg_delay": 0, "avg_queue_size": 0.0, "server_freq": 1.1319997971339482}}