{"server1": {"avg_delay": 8.267295893292497, "avg_queue_size": 9.44055944055944, "server_freq": 1.1370343075258413}, "server2": {"avg_delay": 0, "avg_queue_size": 0.0, "server_freq": 1.1360351561132527}}