{"server1": {"avg_delay": 4.763969663667114, "avg_queue_size": 5.766129032258065, "server_freq": 1.197990876868162}, "server2": {"avg_delay": 0, "avg_queue_size": 0.0, "server_freq": 1.196990884483464}}