{"server1": {"avg_delay": 8.899455576609062, "avg_queue_size": 10.030858244937319, "server_freq": 1.103579499322189}, "server2": {"avg_delay": 0, "avg_queue_size": 0.0, "server_freq": 1.102579880210484}}