{"server1": {"avg_delay": 9.768545630155804, "avg_queue_size": 10.53227408142999, "server_freq": 1.101999698758479}, "server2": {"avg_delay": 0, "avg_queue_size": 0.0, "server_freq": 1.100999699031838}}