{"server1": {"avg_delay": 7.922225098875094, "avg_queue_size": 8.923309788092835, "server_freq": 1.1094205900159395}, "server2": {"avg_delay": 0, "avg_queue_size": 0.0, "server_freq": 1.1084211120069163}}