{"server1": {"avg_delay": 5.208331612064436, "avg_queue_size": 5.796004206098844, "server_freq": 1.1043316762222242}, "server2": {"avg_delay": 0, "avg_queue_size": 0.0, "server_freq": 1.1033322810401227}}