{"server1": {"avg_delay": 12.418017646566021, "avg_queue_size": 14.222116301239275, "server_freq": 1.1249869812924644}, "server2": {"avg_delay": 0, "avg_queue_size": 0.0, "server_freq": 1.1239869928646489}}