{"server1": {"avg_delay": 9.405358847894542, "avg_queue_size": 9.995930824008138, "server_freq": 1.0224137688473889}, "server2": {"avg_delay": 0, "avg_queue_size": 0.0, "server_freq": 1.0214143418983688}}