{"server1": {"avg_delay": 11.116569219326568, "avg_queue_size": 12.70527306967985, "server_freq": 1.1157173305862713}, "server2": {"avg_delay": 0, "avg_queue_size": 0.0, "server_freq": 1.1147175838742764}}