{"server1": {"avg_delay": 7.6238374161980555, "avg_queue_size": 8.810444874274662, "server_freq": 1.1538646720760706}, "server2": {"avg_delay": 0, "avg_queue_size": 0.0, "server_freq": 1.1528647893446355}}