{"server1": {"avg_delay": 11.262501764724513, "avg_queue_size": 12.991176470588234, "server_freq": 1.1500221208897405}, "server2": {"avg_delay": 0, "avg_queue_size": 0.0, "server_freq": 1.149022970480627}}