{"server1": {"avg_delay": 5.558332831866026, "avg_queue_size": 6.415730337078652, "server_freq": 1.1466449773719314}, "server2": {"avg_delay": 0, "avg_queue_size": 0.0, "server_freq": 1.145645286894711}}