{"server1": {"avg_delay": 5.238751144318582, "avg_queue_size": 5.99896265560166, "server_freq": 1.114235859672907}, "server2": {"avg_delay": 0, "avg_queue_size": 0.0, "server_freq": 1.1132365450005546}}