{"server1": {"avg_delay": 11.400634391941923, "avg_queue_size": 12.322778345250255, "server_freq": 1.0357192801242678}, "server2": {"avg_delay": 0, "avg_queue_size": 0.0, "server_freq": 1.034719551089399}}