{"avg_delay": 12.279882391547801, "avg_queue_size": 0.0, "server_freq": 0.15610616923993556}