{"avg_delay": 8.471682408170095, "avg_queue_size": 0.0, "server_freq": 0.11635749896967988}