{"avg_delay": 7.042039295363558, "avg_queue_size": 0.0, "server_freq": 0.14661317316589137}