{"avg_delay": 9.24583098182757, "avg_queue_size": 0.0, "server_freq": 0.15449926400357814}