{"avg_delay": 7.865450279930606, "avg_queue_size": 0.0, "server_freq": 0.18265393963969254}