{"avg_delay": 10.767338626228184, "avg_queue_size": 0.0, "server_freq": 0.1303751388762529}