{"avg_delay": 7.830025016183441, "avg_queue_size": 0.0, "server_freq": 0.15692572285449086}