{"avg_delay": 9.304727544300157, "avg_queue_size": 0.0, "server_freq": 0.12237115755104563}