{"avg_delay": 7.494239695640971, "avg_queue_size": 0.0, "server_freq": 0.14678122099484847}