{"avg_delay": 7.4285834145459795, "avg_queue_size": 0.0, "server_freq": 0.18127958765647595}