{"avg_delay": 11.597543026614842, "avg_queue_size": 0.0, "server_freq": 0.14900561876340074}