{"avg_delay": 10.903943385854435, "avg_queue_size": 0.0, "server_freq": 0.15274238242634017}