{"avg_delay": 11.538339060533012, "avg_queue_size": 0.0, "server_freq": 0.17300538341736713}