{"avg_delay": 10.349586431643377, "avg_queue_size": 0.0, "server_freq": 0.1471702538463496}