{"avg_delay": 9.939915356415264, "avg_queue_size": 0.0, "server_freq": 0.14754395402740372}