{"avg_delay": 4.872979731500815, "avg_queue_size": 0.0, "server_freq": 0.21786172676874357}