{"avg_delay": 6.874217427420012, "avg_queue_size": 0.0, "server_freq": 0.15052184986014913}