{"avg_delay": 8.094960464774987, "avg_queue_size": 0.0, "server_freq": 0.12068105520237689}