{"avg_delay": 9.901949952121193, "avg_queue_size": 0.0, "server_freq": 0.19977778281257952}