{"avg_delay": 7.126502545445444, "avg_queue_size": 0.0, "server_freq": 0.19850330227674415}