{"avg_delay": 12.192945901824515, "avg_queue_size": 0.0, "server_freq": 0.14741560911260526}