{"avg_delay": 10.739202461500895, "avg_queue_size": 0.0, "server_freq": 0.1828022510879676}