{"avg_delay": 6.4686842082684395, "avg_queue_size": 0.0, "server_freq": 0.184358118451492}