{"avg_delay": 11.250999055901564, "avg_queue_size": 0.0, "server_freq": 0.1529609745198299}