{"avg_delay": 9.198152620087297, "avg_queue_size": 0.0, "server_freq": 0.12365249898314754}