{"avg_delay": 7.90281803412307, "avg_queue_size": 0.0, "server_freq": 0.20303704103414688}