{"avg_delay": 7.907992065070928, "avg_queue_size": 0.0, "server_freq": 0.12451545170330126}