{"avg_delay": 9.867580361970333, "avg_queue_size": 0.0, "server_freq": 0.13565689380416948}