{"avg_delay": 11.370882306702743, "avg_queue_size": 0.0, "server_freq": 0.16851778731527672}