{"avg_delay": 8.847405433930088, "avg_queue_size": 0.0, "server_freq": 0.15013210892692438}