{"avg_delay": 7.862230376063486, "avg_queue_size": 0.0, "server_freq": 0.12914413005586164}