{"avg_delay": 11.607382244008358, "avg_queue_size": 0.0, "server_freq": 0.18668133416049906}