{"avg_delay": 7.581640149969437, "avg_queue_size": 0.0, "server_freq": 0.2358782633355129}