{"avg_delay": 14.128832805175714, "avg_queue_size": 0.0, "server_freq": 0.16208807859593666}