{"avg_delay": 11.21508647346041, "avg_queue_size": 0.0, "server_freq": 0.16915937926095412}