{"avg_delay": 8.204819296861594, "avg_queue_size": 0.0, "server_freq": 0.17853034378751526}