{"avg_delay": 11.014032361302403, "avg_queue_size": 0.0, "server_freq": 0.14878987703417104}