{"avg_delay": 9.022214386423052, "avg_queue_size": 0.0, "server_freq": 0.1601266186663202}