{"avg_delay": 7.903024426243708, "avg_queue_size": 0.0, "server_freq": 0.13898845887854702}