{"avg_delay": 3.9877048930415206, "avg_queue_size": 0.0, "server_freq": 0.17127719494311527}