{"avg_delay": 14.118655171659222, "avg_queue_size": 0.0, "server_freq": 0.11129216409226107}