{"avg_delay": 7.572727709177963, "avg_queue_size": 0.0, "server_freq": 0.20661751093407102}