{"avg_delay": 5.322455218402993, "avg_queue_size": 0.0, "server_freq": 0.15938096641164542}