{"avg_delay": 5.356912459926598, "avg_queue_size": 0.0, "server_freq": 0.21394162086733032}