{"avg_delay": 10.906799992667942, "avg_queue_size": 0.0, "server_freq": 0.16307840112705554}