{"avg_delay": 10.039797810545762, "avg_queue_size": 0.0, "server_freq": 0.15550420032364407}