{"avg_delay": 7.473403559223257, "avg_queue_size": 0.0, "server_freq": 0.13338322923823198}