{"avg_delay": 10.31587187594735, "avg_queue_size": 0.0, "server_freq": 0.1335875446064598}