{"avg_delay": 9.151535792360617, "avg_queue_size": 0.0, "server_freq": 0.1581513315580905}