{"avg_delay": 7.526129813671041, "avg_queue_size": 0.0, "server_freq": 0.11086169071633888}