{"avg_delay": 6.789053718976341, "avg_queue_size": 0.0, "server_freq": 0.13933942389288625}