{"avg_delay": 10.249105513078149, "avg_queue_size": 0.0, "server_freq": 0.1282837164263264}