{"avg_delay": 9.388464826811791, "avg_queue_size": 0.0, "server_freq": 0.10303078147445864}