{"avg_delay": 5.8546059435506095, "avg_queue_size": 0.0, "server_freq": 0.13426382347592458}