{"avg_delay": 5.087471150426698, "avg_queue_size": 0.0, "server_freq": 0.15459996059370515}