{"avg_delay": 11.5751798127787, "avg_queue_size": 0.0, "server_freq": 0.2313525058123402}