{"avg_delay": 6.935645942168707, "avg_queue_size": 0.0, "server_freq": 0.18243233108388274}