{"avg_delay": 7.985710315053035, "avg_queue_size": 0.0, "server_freq": 0.16592127556302028}