{"avg_delay": 7.4250487741747335, "avg_queue_size": 0.0, "server_freq": 0.11695729110305159}