{"avg_delay": 12.320221922065915, "avg_queue_size": 0.0, "server_freq": 0.1528309501595508}