{"avg_delay": 10.455321635735968, "avg_queue_size": 0.0, "server_freq": 0.1452055371047628}