{"avg_delay": 14.038455676313495, "avg_queue_size": 0.0, "server_freq": 0.12247203328785901}