{"avg_delay": 6.818823944018558, "avg_queue_size": 0.0, "server_freq": 0.15853425745179267}