{"avg_delay": 8.54963595396122, "avg_queue_size": 0.0, "server_freq": 0.27371518672506684}