{"avg_delay": 7.349664502684934, "avg_queue_size": 0.0, "server_freq": 0.14618276349829648}