{"avg_delay": 13.433732000871508, "avg_queue_size": 0.0, "server_freq": 0.1276714845863845}