{"avg_delay": 10.964072900286952, "avg_queue_size": 0.0, "server_freq": 0.1489842006162894}