{"avg_delay": 9.661264439572339, "avg_queue_size": 0.0, "server_freq": 0.13287285383751546}