{"avg_delay": 7.547387936257415, "avg_queue_size": 0.0, "server_freq": 0.11587037747612419}