{"avg_delay": 11.473206263100018, "avg_queue_size": 0.0, "server_freq": 0.14599852335293861}