{"avg_delay": 5.016054520314327, "avg_queue_size": 0.0, "server_freq": 0.14794129459209987}