{"avg_delay": 13.671870771182517, "avg_queue_size": 0.0, "server_freq": 0.1604316407020734}