{"avg_delay": 8.623579262516769, "avg_queue_size": 0.0, "server_freq": 0.1551391478439986}