{"avg_delay": 6.143858164036219, "avg_queue_size": 0.0, "server_freq": 0.1665441361883274}