{"avg_delay": 6.937921694072861, "avg_queue_size": 0.0, "server_freq": 0.1632627649490813}