{"avg_delay": 6.261663952682845, "avg_queue_size": 0.0, "server_freq": 0.1645304101007714}