{"avg_delay": 4.588249659586709, "avg_queue_size": 0.0, "server_freq": 0.15873599071333527}