{"avg_delay": 17.300865622334502, "avg_queue_size": 0.0, "server_freq": 0.148421728328789}