{"avg_delay": 9.406339947366467, "avg_queue_size": 0.0, "server_freq": 0.21782555276893836}