{"avg_delay": 6.787407224706563, "avg_queue_size": 0.0, "server_freq": 0.14555694684240358}