{"avg_delay": 9.343830541959806, "avg_queue_size": 0.0, "server_freq": 0.1308449261595088}