{"avg_delay": 11.564719589058077, "avg_queue_size": 0.0, "server_freq": 0.1523168049625225}