{"avg_delay": 7.967470717617154, "avg_queue_size": 0.0, "server_freq": 0.154775866311656}