{"avg_delay": 9.06349989794389, "avg_queue_size": 0.0, "server_freq": 0.1516093940606565}