{"avg_delay": 12.002239018958074, "avg_queue_size": 0.0, "server_freq": 0.16095669832422904}