{"avg_delay": 10.380187990663753, "avg_queue_size": 0.0, "server_freq": 0.1501611976759571}