{"avg_delay": 8.953302475528837, "avg_queue_size": 0.0, "server_freq": 0.11697166452316123}