{"avg_delay": 11.839509637636331, "avg_queue_size": 0.0, "server_freq": 0.22134198686846723}