{"avg_delay": 16.665909611716252, "avg_queue_size": 0.0, "server_freq": 0.12001197293288199}