{"avg_delay": 9.933812988306379, "avg_queue_size": 0.0, "server_freq": 0.12947468610218993}