{"avg_delay": 7.187017889356812, "avg_queue_size": 0.0, "server_freq": 0.17394172205587707}