{"avg_delay": 7.153831640671388, "avg_queue_size": 0.0, "server_freq": 0.1422304660814105}