{"avg_delay": 10.900739744558454, "avg_queue_size": 0.0, "server_freq": 0.13938552376193847}