{"avg_delay": 12.337038883852989, "avg_queue_size": 0.0, "server_freq": 0.15875017971081606}