{"avg_delay": 9.518461045107292, "avg_queue_size": 0.0, "server_freq": 0.15104373570245053}