{"avg_delay": 9.666806671576197, "avg_queue_size": 0.0, "server_freq": 0.14471954931297115}