{"avg_delay": 7.119035999363698, "avg_queue_size": 0.0, "server_freq": 0.1317305163228691}