{"avg_delay": 8.626228028481071, "avg_queue_size": 0.0, "server_freq": 0.1478159203832021}