{"avg_delay": 13.515242560941203, "avg_queue_size": 0.0, "server_freq": 0.10245925803300354}