{"avg_delay": 8.442392061828123, "avg_queue_size": 0.0, "server_freq": 0.11670057507718294}