{"avg_delay": 11.43252869816268, "avg_queue_size": 0.0, "server_freq": 0.15213946897142064}