{"avg_delay": 10.439400375883306, "avg_queue_size": 0.0, "server_freq": 0.20565579584610913}