{"avg_delay": 8.332064124434302, "avg_queue_size": 0.0, "server_freq": 0.25776645640846146}