{"avg_delay": 10.305645438370274, "avg_queue_size": 0.0, "server_freq": 0.17891757479272916}