{"avg_delay": 7.843605878064288, "avg_queue_size": 0.0, "server_freq": 0.1549056935815442}