{"avg_delay": 12.119222983844415, "avg_queue_size": 0.0, "server_freq": 0.1250908996002677}