{"avg_delay": 5.618304629713918, "avg_queue_size": 0.0, "server_freq": 0.14630632798867904}