{"avg_delay": 11.1110139260492, "avg_queue_size": 0.0, "server_freq": 0.18449250872514594}