{"avg_delay": 8.74119054459046, "avg_queue_size": 0.0, "server_freq": 0.13160159093880877}