{"avg_delay": 12.730420908155999, "avg_queue_size": 0.0, "server_freq": 0.17667441189934366}