{"avg_delay": 7.7911293851247985, "avg_queue_size": 0.0, "server_freq": 0.11731901833206888}