{"avg_delay": 6.420783162321535, "avg_queue_size": 0.0, "server_freq": 0.17648223198719296}