{"avg_delay": 8.415866244139337, "avg_queue_size": 0.0, "server_freq": 0.14307944848808077}