{"avg_delay": 9.218972540650533, "avg_queue_size": 0.0, "server_freq": 0.14270579594511804}