{"avg_delay": 13.098864457436248, "avg_queue_size": 0.0, "server_freq": 0.16438026685732735}