{"avg_delay": 6.712606454614999, "avg_queue_size": 0.0, "server_freq": 0.17911330329102235}