{"avg_delay": 10.542886509959441, "avg_queue_size": 0.0, "server_freq": 0.16341824566806162}