{"avg_delay": 12.294007555872295, "avg_queue_size": 0.0, "server_freq": 0.13312490237715485}