{"avg_delay": 6.694056659169669, "avg_queue_size": 0.0, "server_freq": 0.20322544548074972}