{"avg_delay": 7.3608389081483985, "avg_queue_size": 0.0, "server_freq": 0.1317959284503769}