{"avg_delay": 6.8935761072327395, "avg_queue_size": 0.0, "server_freq": 0.17477404245528383}