{"avg_delay": 4.337363344131117, "avg_queue_size": 0.0, "server_freq": 0.22389691528258912}