{"avg_delay": 6.020220114489417, "avg_queue_size": 0.0, "server_freq": 0.15901178500431867}