{"avg_delay": 12.555355222569863, "avg_queue_size": 0.0, "server_freq": 0.13164911831459308}