{"avg_delay": 14.750092755492048, "avg_queue_size": 0.0, "server_freq": 0.14875993405774707}