{"avg_delay": 6.451379830292613, "avg_queue_size": 0.0, "server_freq": 0.14865871525772598}