{"avg_delay": 10.211592192526245, "avg_queue_size": 0.0, "server_freq": 0.12672893126131318}