{"avg_delay": 5.2667517013394765, "avg_queue_size": 0.0, "server_freq": 0.13634312277422247}