{"avg_delay": 5.922225593156788, "avg_queue_size": 0.0, "server_freq": 0.1688869301177222}