{"avg_delay": 6.181845057775281, "avg_queue_size": 0.0, "server_freq": 0.18472887444744227}