{"avg_delay": 11.19487156632886, "avg_queue_size": 0.0, "server_freq": 0.18840848451813183}