{"avg_delay": 5.108068805942409, "avg_queue_size": 0.0, "server_freq": 0.21017446383737148}