{"avg_delay": 10.320486964320493, "avg_queue_size": 0.0, "server_freq": 0.14879609923134401}