{"avg_delay": 7.655063985826256, "avg_queue_size": 0.0, "server_freq": 0.1225410620945504}