{"avg_delay": 7.657822559603949, "avg_queue_size": 0.0, "server_freq": 0.12969082118824782}