{"avg_delay": 8.377009143147111, "avg_queue_size": 0.0, "server_freq": 0.13840526300690167}