{"avg_delay": 7.191968838637916, "avg_queue_size": 0.0, "server_freq": 0.10889035500563453}