{"avg_delay": 7.752348089600225, "avg_queue_size": 0.0, "server_freq": 0.19752606497166844}