{"avg_delay": 5.241564865264326, "avg_queue_size": 0.0, "server_freq": 0.11439497093016808}