{"avg_delay": 13.116765228947283, "avg_queue_size": 0.0, "server_freq": 0.13271530144846963}