{"avg_delay": 9.936371209784513, "avg_queue_size": 0.0, "server_freq": 0.1264535271704541}