{"avg_delay": 6.3128922523350965, "avg_queue_size": 0.0, "server_freq": 0.10518936624099712}