{"avg_delay": 13.000895679532201, "avg_queue_size": 0.0, "server_freq": 0.16218094525764207}