{"avg_delay": 6.916507848433611, "avg_queue_size": 0.0, "server_freq": 0.15584871986180568}