{"avg_delay": 3.623143896098032, "avg_queue_size": 0.0, "server_freq": 0.1448517183861585}