{"avg_delay": 5.60031252605854, "avg_queue_size": 0.0, "server_freq": 0.1673137200097001}