{"avg_delay": 6.770053061442284, "avg_queue_size": 0.0, "server_freq": 0.17507503631938134}