{"avg_delay": 9.309044694962575, "avg_queue_size": 0.0, "server_freq": 0.1456598262089934}