{"avg_delay": 7.808185273777494, "avg_queue_size": 0.0, "server_freq": 0.19909099193323992}