{"avg_delay": 12.012631032410129, "avg_queue_size": 0.0, "server_freq": 0.13261876472295198}