{"avg_delay": 9.72646726992059, "avg_queue_size": 0.0, "server_freq": 0.18768816459906604}