{"avg_delay": 9.976275395903762, "avg_queue_size": 0.0, "server_freq": 0.15652851973405982}