{"avg_delay": 8.378557370464632, "avg_queue_size": 0.0, "server_freq": 0.21036777327581127}