{"avg_delay": 8.939159603566004, "avg_queue_size": 0.0, "server_freq": 0.12995552850751038}