{"avg_delay": 9.084081534123687, "avg_queue_size": 0.0, "server_freq": 0.12764772764616447}