{"avg_delay": 7.854731516887005, "avg_queue_size": 0.0, "server_freq": 0.22776652418950716}