{"avg_delay": 5.558434536644674, "avg_queue_size": 0.0, "server_freq": 0.2780496386335825}