{"avg_delay": 9.871227321259521, "avg_queue_size": 0.0, "server_freq": 0.14667432379150747}