{"avg_delay": 8.202036196287917, "avg_queue_size": 0.0, "server_freq": 0.1452817421175639}