{"avg_delay": 12.498868807396498, "avg_queue_size": 0.0, "server_freq": 0.1412689541974559}