{"avg_delay": 10.51472202236251, "avg_queue_size": 0.0, "server_freq": 0.16790143655207776}