{"avg_delay": 6.0301054984853835, "avg_queue_size": 0.0, "server_freq": 0.16353723052330907}