{"avg_delay": 6.975178200812898, "avg_queue_size": 0.0, "server_freq": 0.14390485780060597}