{"avg_delay": 5.971905967749576, "avg_queue_size": 0.0, "server_freq": 0.13028299540123794}