{"avg_delay": 10.528869517708248, "avg_queue_size": 0.0, "server_freq": 0.16020394831516693}