{"avg_delay": 10.528177800681929, "avg_queue_size": 0.0, "server_freq": 0.1548108693213682}