{"avg_delay": 10.142975561499822, "avg_queue_size": 0.0, "server_freq": 0.12686886154408022}