{"avg_delay": 9.116209497846441, "avg_queue_size": 0.0, "server_freq": 0.1472092739103167}