{"avg_delay": 5.781160606429687, "avg_queue_size": 0.0, "server_freq": 0.19468388472836984}