{"avg_delay": 13.570974270838617, "avg_queue_size": 0.0, "server_freq": 0.12394412650405456}