{"avg_delay": 11.637827573127252, "avg_queue_size": 0.0, "server_freq": 0.11535327322474055}