{"avg_delay": 10.589179349881007, "avg_queue_size": 0.0, "server_freq": 0.16192763177099748}