{"avg_delay": 7.448691351081607, "avg_queue_size": 0.0, "server_freq": 0.15196579420367398}