{"avg_delay": 9.53050129058445, "avg_queue_size": 0.0, "server_freq": 0.17641585985853264}