{"avg_delay": 6.999657249332946, "avg_queue_size": 0.0, "server_freq": 0.16502181133817267}