{"avg_delay": 9.68004642621047, "avg_queue_size": 0.0, "server_freq": 0.14732240522934165}