{"avg_delay": 6.432192317141585, "avg_queue_size": 0.0, "server_freq": 0.12111082910636174}