{"avg_delay": 6.294064024133876, "avg_queue_size": 0.0, "server_freq": 0.15320862961584084}