{"avg_delay": 13.846462883080775, "avg_queue_size": 0.0, "server_freq": 0.14483426695908497}