{"avg_delay": 9.779499852419285, "avg_queue_size": 0.0, "server_freq": 0.14770801136482278}