{"avg_delay": 11.017222857361318, "avg_queue_size": 0.0, "server_freq": 0.15346888985705265}