{"avg_delay": 9.565539215119179, "avg_queue_size": 0.0, "server_freq": 0.17898559096481456}