{"avg_delay": 17.54105974649698, "avg_queue_size": 0.0, "server_freq": 0.14661333925089146}