{"avg_delay": 12.974358117638822, "avg_queue_size": 0.0, "server_freq": 0.16663653212970458}