{"avg_delay": 8.58042764884703, "avg_queue_size": 0.0, "server_freq": 0.12946807500693752}