{"avg_delay": 7.2624798876026935, "avg_queue_size": 0.0, "server_freq": 0.17406592604423202}