{"avg_delay": 6.2099783383611875, "avg_queue_size": 0.0, "server_freq": 0.1447834233427913}