{"avg_delay": 9.337958168449411, "avg_queue_size": 0.0, "server_freq": 0.16199044338048024}