{"avg_delay": 8.248537864435285, "avg_queue_size": 0.0, "server_freq": 0.1770929570723538}