{"avg_delay": 8.726647097113622, "avg_queue_size": 0.0, "server_freq": 0.19044742150467808}