{"avg_delay": 9.993640880804135, "avg_queue_size": 0.0, "server_freq": 0.1204618409465812}