{"avg_delay": 9.31744721283779, "avg_queue_size": 0.0, "server_freq": 0.13154345027098072}