{"avg_delay": 7.643225250207534, "avg_queue_size": 0.0, "server_freq": 0.1528076098253505}