{"avg_delay": 10.75534564420068, "avg_queue_size": 0.0, "server_freq": 0.1336598552185117}