{"avg_delay": 6.632345417366427, "avg_queue_size": 0.0, "server_freq": 0.16334184112016845}