{"avg_delay": 7.9218722674967825, "avg_queue_size": 0.0, "server_freq": 0.14118365573644742}