{"avg_delay": 5.589973353227483, "avg_queue_size": 0.0, "server_freq": 0.14256968432389247}