{"avg_delay": 8.679052641802596, "avg_queue_size": 0.0, "server_freq": 0.13823010553091364}