{"avg_delay": 5.6284562782017495, "avg_queue_size": 0.0, "server_freq": 0.14512181936042626}