{"avg_delay": 16.242693356051845, "avg_queue_size": 0.0, "server_freq": 0.14299318352607215}