{"avg_delay": 8.516299887202832, "avg_queue_size": 0.0, "server_freq": 0.13597340670779426}