{"avg_delay": 7.74347734436749, "avg_queue_size": 0.0, "server_freq": 0.1164352460780401}