{"avg_delay": 7.345113875417773, "avg_queue_size": 0.0, "server_freq": 0.11826092918697252}