{"avg_delay": 10.92185423871688, "avg_queue_size": 0.0, "server_freq": 0.13568901390799434}