{"avg_delay": 5.06679337645663, "avg_queue_size": 0.0, "server_freq": 0.18426684257183282}