{"avg_delay": 9.189584026393453, "avg_queue_size": 0.0, "server_freq": 0.15377214441547069}