{"avg_delay": 10.60421072748349, "avg_queue_size": 0.0, "server_freq": 0.14635360864561045}