{"avg_delay": 11.416653003695922, "avg_queue_size": 0.0, "server_freq": 0.133143324783964}