{"avg_delay": 7.714742726937419, "avg_queue_size": 0.0, "server_freq": 0.1937755815199994}