{"avg_delay": 11.632973734215494, "avg_queue_size": 0.0, "server_freq": 0.1199865141072042}