{"avg_delay": 9.647398556578446, "avg_queue_size": 0.0, "server_freq": 0.12793660270837579}