{"avg_delay": 13.085100710249085, "avg_queue_size": 0.0, "server_freq": 0.1683335541264871}