{"avg_delay": 9.028184205664942, "avg_queue_size": 0.0, "server_freq": 0.16952382358799575}