{"avg_delay": 8.687391388374444, "avg_queue_size": 0.0, "server_freq": 0.13517620932583418}