{"avg_delay": 4.622274143165583, "avg_queue_size": 0.0, "server_freq": 0.20806308936084075}