{"avg_delay": 13.015992820871551, "avg_queue_size": 0.0, "server_freq": 0.11846600012903245}