{"avg_delay": 7.6368457701703765, "avg_queue_size": 0.0, "server_freq": 0.17911459220611659}