{"avg_delay": 10.571267278910224, "avg_queue_size": 0.0, "server_freq": 0.15780288172805937}