{"avg_delay": 8.454348269168658, "avg_queue_size": 0.0, "server_freq": 0.15977184671436478}