{"avg_delay": 10.520806698105133, "avg_queue_size": 0.0, "server_freq": 0.11737696864785856}