{"avg_delay": 7.8697567264671, "avg_queue_size": 0.0, "server_freq": 0.16802837640077165}