{"avg_delay": 9.581094657747087, "avg_queue_size": 0.0, "server_freq": 0.16406577282256884}