{"avg_delay": 11.315451879919241, "avg_queue_size": 0.0, "server_freq": 0.21327220560521615}