{"avg_delay": 11.428416073579724, "avg_queue_size": 0.0, "server_freq": 0.13665973111128032}