{"avg_delay": 6.36144043399573, "avg_queue_size": 0.0, "server_freq": 0.16682575410136283}