{"avg_delay": 11.906113076448314, "avg_queue_size": 0.0, "server_freq": 0.17171919279411865}