{"avg_delay": 7.558923450783979, "avg_queue_size": 0.0, "server_freq": 0.13728470286337421}