{"avg_delay": 12.205329000237672, "avg_queue_size": 0.0, "server_freq": 0.12181356907237036}