{"avg_delay": 8.339808213808176, "avg_queue_size": 0.0, "server_freq": 0.14385242545095106}