{"avg_delay": 11.415403598904081, "avg_queue_size": 0.0, "server_freq": 0.13222535134955005}