{"avg_delay": 7.592983361856596, "avg_queue_size": 0.0, "server_freq": 0.1314039521344898}