{"avg_delay": 11.679141160544175, "avg_queue_size": 0.0, "server_freq": 0.15282003462446853}