{"avg_delay": 9.800335883285568, "avg_queue_size": 0.0, "server_freq": 0.13783093420329695}