{"avg_delay": 6.589423894339885, "avg_queue_size": 0.0, "server_freq": 0.1653676019601079}