{"avg_delay": 10.093160472567886, "avg_queue_size": 0.0, "server_freq": 0.11143461426882179}