{"avg_delay": 4.231464230272462, "avg_queue_size": 0.0, "server_freq": 0.12619233159104837}