{"avg_delay": 5.640228404896007, "avg_queue_size": 0.0, "server_freq": 0.15736837888482777}