{"avg_delay": 8.226221847159529, "avg_queue_size": 0.0, "server_freq": 0.17749306262483555}