{"avg_delay": 10.246299593430653, "avg_queue_size": 0.0, "server_freq": 0.14807700764061604}