{"avg_delay": 8.782727836147334, "avg_queue_size": 0.0, "server_freq": 0.1743012166877008}