{"avg_delay": 6.69721385483693, "avg_queue_size": 0.0, "server_freq": 0.12586958146947144}