{"avg_delay": 8.251048441378982, "avg_queue_size": 0.0, "server_freq": 0.14745325265049977}