{"avg_delay": 6.950280801068159, "avg_queue_size": 0.0, "server_freq": 0.16120588696378899}