{"avg_delay": 9.237248088311718, "avg_queue_size": 0.0, "server_freq": 0.15707861575159085}