{"avg_delay": 4.415602337213262, "avg_queue_size": 0.0, "server_freq": 0.11205024757931557}