{"avg_delay": 12.255339619835292, "avg_queue_size": 0.0, "server_freq": 0.1978266279811389}