{"avg_delay": 8.074798760081372, "avg_queue_size": 0.0, "server_freq": 0.13857409108823407}