{"avg_delay": 11.088712388082364, "avg_queue_size": 0.0, "server_freq": 0.10561519747393018}