{"avg_delay": 10.203143645169897, "avg_queue_size": 0.0, "server_freq": 0.16699090200508793}