{"avg_delay": 7.592519075161347, "avg_queue_size": 0.0, "server_freq": 0.16554944368618082}