{"avg_delay": 11.161080834121949, "avg_queue_size": 0.0, "server_freq": 0.1316378900789778}