{"avg_delay": 6.250209584930975, "avg_queue_size": 0.0, "server_freq": 0.17009434443533272}