{"avg_delay": 10.237568575205927, "avg_queue_size": 0.0, "server_freq": 0.19201299129059646}