{"avg_delay": 14.15443557257987, "avg_queue_size": 0.0, "server_freq": 0.12590810516671816}