{"avg_delay": 7.841917805945155, "avg_queue_size": 0.0, "server_freq": 0.12261331322928222}