{"avg_delay": 5.9553164702271335, "avg_queue_size": 0.0, "server_freq": 0.1336537972916777}