{"avg_delay": 6.977546745865615, "avg_queue_size": 0.0, "server_freq": 0.16568066890163058}