{"avg_delay": 11.39370000794034, "avg_queue_size": 0.0, "server_freq": 0.11239873889261683}