{"avg_delay": 8.718635302454874, "avg_queue_size": 0.0, "server_freq": 0.14247781106044494}