{"avg_delay": 6.924302539277953, "avg_queue_size": 0.0, "server_freq": 0.12870780560670728}