{"avg_delay": 5.981480507239833, "avg_queue_size": 0.0, "server_freq": 0.2173975323402784}