{"avg_delay": 9.262789733337002, "avg_queue_size": 0.0, "server_freq": 0.1871989715536297}