{"avg_delay": 6.394522841090602, "avg_queue_size": 0.0, "server_freq": 0.16363891377038553}