{"avg_delay": 7.728437050631477, "avg_queue_size": 0.0, "server_freq": 0.1634303344257573}