{"avg_delay": 9.673015044783895, "avg_queue_size": 0.0, "server_freq": 0.14012089591272955}