{"avg_delay": 5.467732121825646, "avg_queue_size": 0.0, "server_freq": 0.1348715317136417}