{"avg_delay": 7.844601454381636, "avg_queue_size": 0.0, "server_freq": 0.1398884236665792}