{"avg_delay": 6.386154930337844, "avg_queue_size": 0.0, "server_freq": 0.20147797904105333}