{"avg_delay": 10.93866696732463, "avg_queue_size": 0.0, "server_freq": 0.13679471736905127}