{"avg_delay": 12.45643035726845, "avg_queue_size": 0.0, "server_freq": 0.1583363033037732}