{"avg_delay": 9.944243286347785, "avg_queue_size": 0.0, "server_freq": 0.15655898505839722}