{"avg_delay": 12.323336728162875, "avg_queue_size": 0.0, "server_freq": 0.1687817393091246}