{"avg_delay": 8.232248614215912, "avg_queue_size": 0.0, "server_freq": 0.18724047266715693}