{"avg_delay": 8.119890127982178, "avg_queue_size": 0.0, "server_freq": 0.1199926495901874}