{"avg_delay": 9.498430557095206, "avg_queue_size": 0.0, "server_freq": 0.1972970391367831}