{"avg_delay": 11.088054711488327, "avg_queue_size": 0.0, "server_freq": 0.1194365400309673}