{"avg_delay": 8.163165539241742, "avg_queue_size": 0.0, "server_freq": 0.17559439481995698}