{"avg_delay": 13.975328540313695, "avg_queue_size": 0.0, "server_freq": 0.16346865044971728}