{"avg_delay": 7.797044964671338, "avg_queue_size": 0.0, "server_freq": 0.14872906340082273}