{"avg_delay": 8.268234228549183, "avg_queue_size": 0.0, "server_freq": 0.14360528125320737}