{"avg_delay": 7.340769332576101, "avg_queue_size": 0.0, "server_freq": 0.21499765394388815}