{"avg_delay": 9.204058301065182, "avg_queue_size": 0.0, "server_freq": 0.1446077169870181}