{"avg_delay": 4.910608967358505, "avg_queue_size": 0.0, "server_freq": 0.1975484275040094}