{"avg_delay": 7.801792482230994, "avg_queue_size": 0.0, "server_freq": 0.09885198571320028}