{"avg_delay": 6.377281798487097, "avg_queue_size": 0.0, "server_freq": 0.15694701628058316}