{"avg_delay": 9.672870307093179, "avg_queue_size": 0.0, "server_freq": 0.14419983502126107}