{"avg_delay": 7.442132002452739, "avg_queue_size": 0.0, "server_freq": 0.1350791598046639}