{"avg_delay": 9.386655247313712, "avg_queue_size": 0.0, "server_freq": 0.1548530845918925}