{"avg_delay": 5.055097704992013, "avg_queue_size": 0.0, "server_freq": 0.17204397783246309}