{"avg_delay": 13.582469794673866, "avg_queue_size": 0.0, "server_freq": 0.133653589505271}