{"avg_delay": 9.779172028179556, "avg_queue_size": 0.0, "server_freq": 0.14103560582272012}