{"avg_delay": 12.66046530183118, "avg_queue_size": 0.0, "server_freq": 0.13434789212531736}