{"avg_delay": 12.6260582119152, "avg_queue_size": 0.0, "server_freq": 0.11949886088462441}