{"avg_delay": 10.228535773101823, "avg_queue_size": 0.0, "server_freq": 0.1468990892299604}