{"avg_delay": 10.68308455232134, "avg_queue_size": 0.0, "server_freq": 0.16906457953719}