{"avg_delay": 14.548075480468984, "avg_queue_size": 0.0, "server_freq": 0.11936856254865627}