{"avg_delay": 9.291384125195554, "avg_queue_size": 0.0, "server_freq": 0.13647642742488736}