{"avg_delay": 10.246495587963167, "avg_queue_size": 0.0, "server_freq": 0.10940983655158863}