{"avg_delay": 8.260941488012715, "avg_queue_size": 0.0, "server_freq": 0.12220892429956433}