{"avg_delay": 4.292898574552832, "avg_queue_size": 0.0, "server_freq": 0.16241148027526306}