{"avg_delay": 3.1815129433119758, "avg_queue_size": 0.0, "server_freq": 0.15855655840925056}