{"avg_delay": 11.121464600149523, "avg_queue_size": 0.0, "server_freq": 0.12965679088715154}