{"avg_delay": 10.850109398847902, "avg_queue_size": 0.0, "server_freq": 0.1611486280009429}