{"avg_delay": 12.874108739212067, "avg_queue_size": 0.0, "server_freq": 0.1294548681572527}