{"avg_delay": 6.403100911644664, "avg_queue_size": 0.0, "server_freq": 0.14813695025183318}