{"avg_delay": 9.283249087026665, "avg_queue_size": 0.0, "server_freq": 0.18335482712461823}