{"avg_delay": 11.382303086437789, "avg_queue_size": 0.0, "server_freq": 0.10935819917439253}