{"avg_delay": 8.426866420606206, "avg_queue_size": 0.0, "server_freq": 0.19241403629198026}