{"avg_delay": 7.53676832310261, "avg_queue_size": 0.0, "server_freq": 0.1679850815492131}