{"avg_delay": 4.096572636619015, "avg_queue_size": 0.0, "server_freq": 0.11020159621332261}