{"avg_delay": 9.162384644009645, "avg_queue_size": 0.0, "server_freq": 0.1870232177929783}