{"avg_delay": 9.542515191190411, "avg_queue_size": 0.0, "server_freq": 0.19296925898342832}