{"avg_delay": 6.954007424138494, "avg_queue_size": 0.0, "server_freq": 0.17342301912337357}