{"avg_delay": 8.592836072875969, "avg_queue_size": 0.0, "server_freq": 0.13388298092699125}