{"avg_delay": 14.271819625211844, "avg_queue_size": 0.0, "server_freq": 0.14111043138209417}