{"avg_delay": 11.213930441569639, "avg_queue_size": 0.0, "server_freq": 0.16184728971967008}