{"avg_delay": 13.03945980743992, "avg_queue_size": 0.0, "server_freq": 0.17655576507478202}