{"avg_delay": 13.822578110790943, "avg_queue_size": 0.0, "server_freq": 0.12145595324539388}