{"avg_delay": 12.862417940104688, "avg_queue_size": 0.0, "server_freq": 0.13772727655550618}