{"avg_delay": 11.165318600051716, "avg_queue_size": 0.0, "server_freq": 0.16990975617869508}