{"avg_delay": 10.5770343511541, "avg_queue_size": 0.0, "server_freq": 0.14083291157091352}