{"avg_delay": 7.135792192596187, "avg_queue_size": 0.0, "server_freq": 0.14906527131059555}