{"avg_delay": 7.785819873994825, "avg_queue_size": 0.0, "server_freq": 0.17074036058821138}