{"avg_delay": 8.712576773623308, "avg_queue_size": 0.0, "server_freq": 0.1417404917652089}