{"avg_delay": 7.503432158248603, "avg_queue_size": 0.0, "server_freq": 0.16760931450427155}