{"avg_delay": 9.928051471659398, "avg_queue_size": 0.0, "server_freq": 0.17754632632456757}