{"avg_delay": 5.8055615180825235, "avg_queue_size": 0.0, "server_freq": 0.11992614307707974}