{"avg_delay": 9.481323331511566, "avg_queue_size": 0.0, "server_freq": 0.13329395579822076}