{"avg_delay": 9.072829123191758, "avg_queue_size": 0.0, "server_freq": 0.12504042656204742}