{"avg_delay": 9.538897492596925, "avg_queue_size": 0.0, "server_freq": 0.13121031603630742}