{"avg_delay": 10.445059003611693, "avg_queue_size": 0.0, "server_freq": 0.1809494474547459}