{"avg_delay": 9.297247801481593, "avg_queue_size": 0.0, "server_freq": 0.1265936614389785}