{"avg_delay": 8.903007075048158, "avg_queue_size": 0.0, "server_freq": 0.12182066317661201}