{"avg_delay": 13.423286321585355, "avg_queue_size": 0.0, "server_freq": 0.13532949617854118}