{"avg_delay": 11.577636802503466, "avg_queue_size": 0.0, "server_freq": 0.11953973235152322}