{"avg_delay": 7.21996629232147, "avg_queue_size": 0.0, "server_freq": 0.16409005772195073}