{"avg_delay": 11.425153473107077, "avg_queue_size": 0.0, "server_freq": 0.13575753139681335}