{"avg_delay": 9.338958181841017, "avg_queue_size": 0.0, "server_freq": 0.1443564059159562}