{"avg_delay": 11.548677144609332, "avg_queue_size": 0.0, "server_freq": 0.15467287370973137}