{"avg_delay": 5.684572159664896, "avg_queue_size": 0.0, "server_freq": 0.15082631850065506}