{"avg_delay": 7.0068565662156335, "avg_queue_size": 0.0, "server_freq": 0.1785708854583379}