{"avg_delay": 6.3560594288507275, "avg_queue_size": 0.0, "server_freq": 0.11141306735303562}