{"avg_delay": 7.4226160224140285, "avg_queue_size": 0.0, "server_freq": 0.18166127173779875}