{"avg_delay": 4.888181352590456, "avg_queue_size": 0.0, "server_freq": 0.15813997519152204}