{"avg_delay": 10.788855007493918, "avg_queue_size": 0.0, "server_freq": 0.15756077078358938}