{"avg_delay": 10.240394660325792, "avg_queue_size": 0.0, "server_freq": 0.12779285737231902}