{"avg_delay": 6.262405905333907, "avg_queue_size": 0.0, "server_freq": 0.14446983143646647}