{"avg_delay": 7.680420948561633, "avg_queue_size": 0.0, "server_freq": 0.12614176556248843}