{"avg_delay": 8.065128695027038, "avg_queue_size": 0.0, "server_freq": 0.15327387825991234}