{"avg_delay": 13.103349171182748, "avg_queue_size": 0.0, "server_freq": 0.12799436199784636}