{"avg_delay": 9.993702448482573, "avg_queue_size": 0.0, "server_freq": 0.1585098968123822}