{"avg_delay": 9.905480647420605, "avg_queue_size": 0.0, "server_freq": 0.17419463624815607}