{"avg_delay": 11.413325829164009, "avg_queue_size": 0.0, "server_freq": 0.14228487461240946}