{"avg_delay": 7.827193605930939, "avg_queue_size": 0.0, "server_freq": 0.16406703953536722}