{"avg_delay": 6.943942931494817, "avg_queue_size": 0.0, "server_freq": 0.17223220044266913}