{"avg_delay": 4.135561080853693, "avg_queue_size": 0.0, "server_freq": 0.1588986362594369}