{"avg_delay": 10.77682139224765, "avg_queue_size": 0.0, "server_freq": 0.13469128551919227}