{"avg_delay": 8.915932686537214, "avg_queue_size": 0.0, "server_freq": 0.12735078408048647}