{"avg_delay": 8.208147884817254, "avg_queue_size": 0.0, "server_freq": 0.19645798520136962}