{"avg_delay": 10.643607700556936, "avg_queue_size": 0.0, "server_freq": 0.15080888463403988}