{"avg_delay": 3.504659729941345, "avg_queue_size": 0.0, "server_freq": 0.15877628059706106}