{"avg_delay": 4.994231826303487, "avg_queue_size": 0.0, "server_freq": 0.14383278950844808}