{"avg_delay": 10.002219522022727, "avg_queue_size": 0.0, "server_freq": 0.12931913865143183}