{"avg_delay": 5.89230853825411, "avg_queue_size": 0.0, "server_freq": 0.1428900161544028}