{"avg_delay": 10.113600540345749, "avg_queue_size": 0.0, "server_freq": 0.15023759280077}