{"avg_delay": 10.265262804232112, "avg_queue_size": 0.0, "server_freq": 0.19939357635789476}