{"avg_delay": 10.180130878813719, "avg_queue_size": 0.0, "server_freq": 0.15597129859667855}