{"avg_delay": 8.805252659226209, "avg_queue_size": 0.0, "server_freq": 0.12669286818123054}