{"avg_delay": 8.101646396362545, "avg_queue_size": 0.0, "server_freq": 0.161996491974934}