{"avg_delay": 5.1537991338203355, "avg_queue_size": 0.0, "server_freq": 0.15869395166013453}