{"avg_delay": 14.614871551535472, "avg_queue_size": 0.0, "server_freq": 0.17374844179415247}