{"avg_delay": 5.575204902466268, "avg_queue_size": 0.0, "server_freq": 0.11797395107997484}