{"avg_delay": 7.038216362295568, "avg_queue_size": 0.0, "server_freq": 0.1695946767922347}