{"avg_delay": 7.0778885868282515, "avg_queue_size": 0.0, "server_freq": 0.12551136034389554}