{"avg_delay": 11.921589933691319, "avg_queue_size": 0.0, "server_freq": 0.16391915280656663}