{"avg_delay": 7.674853809681338, "avg_queue_size": 0.0, "server_freq": 0.176164645468523}