{"avg_delay": 13.83214835476915, "avg_queue_size": 0.0, "server_freq": 0.11968817835009568}