{"avg_delay": 9.334520753233475, "avg_queue_size": 0.0, "server_freq": 0.1365808625367926}