{"avg_delay": 7.030985170667343, "avg_queue_size": 0.0, "server_freq": 0.15104991472556994}