{"avg_delay": 7.027755961365784, "avg_queue_size": 0.0, "server_freq": 0.1316653743885351}