{"avg_delay": 7.27016139444197, "avg_queue_size": 0.0, "server_freq": 0.16599765521786802}