{"avg_delay": 6.011705559490034, "avg_queue_size": 0.0, "server_freq": 0.19184377721405585}