{"avg_delay": 6.968524340266245, "avg_queue_size": 0.0, "server_freq": 0.16909670312857145}