{"avg_delay": 5.557256670875098, "avg_queue_size": 0.0, "server_freq": 0.13731578809560574}