{"avg_delay": 7.311937826711855, "avg_queue_size": 0.0, "server_freq": 0.12098629283048039}