{"avg_delay": 4.827004378707478, "avg_queue_size": 0.0, "server_freq": 0.12080471072645059}