{"avg_delay": 11.3367711749493, "avg_queue_size": 0.0, "server_freq": 0.14631756147068362}