{"avg_delay": 6.074505953974367, "avg_queue_size": 0.0, "server_freq": 0.14619391481339705}