{"avg_delay": 4.0514722702882295, "avg_queue_size": 0.0, "server_freq": 0.13074115990248023}