{"avg_delay": 7.748471731985144, "avg_queue_size": 0.0, "server_freq": 0.13042902100341974}