{"avg_delay": 11.220124374233444, "avg_queue_size": 0.0, "server_freq": 0.13243386292168038}