{"avg_delay": 6.1228373616298315, "avg_queue_size": 0.0, "server_freq": 0.1313893429756098}