{"avg_delay": 9.895384528199397, "avg_queue_size": 0.0, "server_freq": 0.16793401872103028}