{"avg_delay": 12.171494429661887, "avg_queue_size": 0.0, "server_freq": 0.12640234521755464}