{"avg_delay": 10.637105483244072, "avg_queue_size": 0.0, "server_freq": 0.21593632748311342}