{"avg_delay": 7.989951526203664, "avg_queue_size": 0.0, "server_freq": 0.16976429516013516}