{"avg_delay": 8.931043126622006, "avg_queue_size": 0.0, "server_freq": 0.15683622072165287}