{"avg_delay": 9.93944771432443, "avg_queue_size": 0.0, "server_freq": 0.12749496780764605}