{"avg_delay": 8.10937241582284, "avg_queue_size": 0.0, "server_freq": 0.14857853611674252}