{"avg_delay": 8.099978661308457, "avg_queue_size": 0.0, "server_freq": 0.17057069019392412}