{"avg_delay": 12.108253703069233, "avg_queue_size": 0.0, "server_freq": 0.13915814225117187}