{"avg_delay": 11.040408113598666, "avg_queue_size": 0.0, "server_freq": 0.12904117636161644}