{"avg_delay": 10.635458890552709, "avg_queue_size": 0.0, "server_freq": 0.12563754313868777}