{"avg_delay": 7.606771177304164, "avg_queue_size": 0.0, "server_freq": 0.12880120139701373}