{"avg_delay": 11.617098975485952, "avg_queue_size": 0.0, "server_freq": 0.21808456455491115}