{"avg_delay": 8.646960438024035, "avg_queue_size": 0.0, "server_freq": 0.16861248025333284}