{"avg_delay": 4.393218497809382, "avg_queue_size": 0.0, "server_freq": 0.13888152811980226}