{"avg_delay": 9.14845992583735, "avg_queue_size": 0.0, "server_freq": 0.13070804146925524}