{"avg_delay": 12.29905265726949, "avg_queue_size": 0.0, "server_freq": 0.1523324513996807}