{"avg_delay": 10.855228277780844, "avg_queue_size": 0.0, "server_freq": 0.14363853723563122}