{"avg_delay": 6.934810134721673, "avg_queue_size": 0.0, "server_freq": 0.20074340970754304}