{"avg_delay": 10.384491197651935, "avg_queue_size": 0.0, "server_freq": 0.14018609892784967}