{"avg_delay": 13.183499429576266, "avg_queue_size": 0.0, "server_freq": 0.16774327094039154}