{"avg_delay": 6.812352065483557, "avg_queue_size": 0.0, "server_freq": 0.1439684735255172}