{"avg_delay": 3.2952431602041017, "avg_queue_size": 0.0, "server_freq": 0.13294741313549321}