{"avg_delay": 11.180076151746071, "avg_queue_size": 0.0, "server_freq": 0.13272060186607404}