{"avg_delay": 8.949371863398794, "avg_queue_size": 0.0, "server_freq": 0.12181376708114994}