{"avg_delay": 9.565311284559321, "avg_queue_size": 0.0, "server_freq": 0.14510422790583788}