{"avg_delay": 6.4375028672498615, "avg_queue_size": 0.0, "server_freq": 0.131025196407797}