{"avg_delay": 9.71234058166294, "avg_queue_size": 0.0, "server_freq": 0.1289658689142404}