{"avg_delay": 7.663948230451458, "avg_queue_size": 0.0, "server_freq": 0.12611068507862752}