{"avg_delay": 7.975990853522363, "avg_queue_size": 0.0, "server_freq": 0.1799177806554532}