{"avg_delay": 5.174486236862222, "avg_queue_size": 0.0, "server_freq": 0.14536158908335484}