{"avg_delay": 10.618538593630326, "avg_queue_size": 0.0, "server_freq": 0.15968840676244594}