{"avg_delay": 6.285880116659651, "avg_queue_size": 0.0, "server_freq": 0.14941228898175904}