{"avg_delay": 8.136341247182862, "avg_queue_size": 0.0, "server_freq": 0.1853348210540831}