{"avg_delay": 5.409657439376327, "avg_queue_size": 0.0, "server_freq": 0.13236546247981024}