{"avg_delay": 6.026845672484766, "avg_queue_size": 0.0, "server_freq": 0.12031485045125562}