{"avg_delay": 7.9059943505478705, "avg_queue_size": 0.0, "server_freq": 0.14482661465474553}