{"avg_delay": 10.310927442176899, "avg_queue_size": 0.0, "server_freq": 0.1684303371471191}