{"avg_delay": 9.227505919780334, "avg_queue_size": 0.0, "server_freq": 0.17762005765415984}