{"avg_delay": 13.401755517249622, "avg_queue_size": 0.0, "server_freq": 0.12722460603158475}