{"avg_delay": 9.710365508989865, "avg_queue_size": 0.0, "server_freq": 0.15685195023671175}