{"avg_delay": 10.11837104837013, "avg_queue_size": 0.0, "server_freq": 0.1363386340489218}