{"avg_delay": 13.670824838513743, "avg_queue_size": 0.0, "server_freq": 0.12533530530311723}