{"avg_delay": 11.514481381266624, "avg_queue_size": 0.0, "server_freq": 0.1439370236636834}