{"avg_delay": 4.81539106082724, "avg_queue_size": 0.0, "server_freq": 0.13148605885092457}