{"avg_delay": 5.2350186207427, "avg_queue_size": 0.0, "server_freq": 0.20062769524395718}