{"avg_delay": 9.028290150742714, "avg_queue_size": 0.0, "server_freq": 0.1741309435787761}