{"avg_delay": 4.101807507852115, "avg_queue_size": 0.0, "server_freq": 0.3272140781496755}