{"avg_delay": 4.643866831044405, "avg_queue_size": 0.0, "server_freq": 0.12603689085204794}