{"avg_delay": 6.878287013842727, "avg_queue_size": 0.0, "server_freq": 0.12489730525785221}