{"avg_delay": 6.197546617611611, "avg_queue_size": 0.0, "server_freq": 0.16274761541595958}