{"avg_delay": 5.234546828707642, "avg_queue_size": 0.0, "server_freq": 0.15600316206492906}