{"avg_delay": 10.506427626504163, "avg_queue_size": 0.0, "server_freq": 0.15286966304035723}