{"avg_delay": 7.764639263374328, "avg_queue_size": 0.0, "server_freq": 0.2103646922066476}