{"avg_delay": 13.144777470850194, "avg_queue_size": 0.0, "server_freq": 0.172566125420161}