{"avg_delay": 5.557773421513723, "avg_queue_size": 0.0, "server_freq": 0.1769465993814887}