{"avg_delay": 15.977350515382753, "avg_queue_size": 0.0, "server_freq": 0.16184446243379358}