{"avg_delay": 7.674754573422443, "avg_queue_size": 0.0, "server_freq": 0.15450989423306005}