{"avg_delay": 8.444971775682152, "avg_queue_size": 0.0, "server_freq": 0.19081973610703157}