{"avg_delay": 7.336994688967746, "avg_queue_size": 0.0, "server_freq": 0.12407106087616514}