{"avg_delay": 8.711109005689993, "avg_queue_size": 0.0, "server_freq": 0.13441633643675077}