{"avg_delay": 8.0845126573454, "avg_queue_size": 0.0, "server_freq": 0.1351122498957114}