{"avg_delay": 6.359909390812419, "avg_queue_size": 0.0, "server_freq": 0.14715957364130297}