{"avg_delay": 8.800657604347974, "avg_queue_size": 0.0, "server_freq": 0.17873615038795362}