{"avg_delay": 9.025209750833744, "avg_queue_size": 0.0, "server_freq": 0.13146540254677413}