{"avg_delay": 6.653233322541236, "avg_queue_size": 0.0, "server_freq": 0.18096338207025414}