{"avg_delay": 8.784483054565573, "avg_queue_size": 0.0, "server_freq": 0.16381755620199226}