{"avg_delay": 8.074404350914271, "avg_queue_size": 0.0, "server_freq": 0.13714827837432048}