{"avg_delay": 10.064026384590713, "avg_queue_size": 0.0, "server_freq": 0.1469464895841138}