{"avg_delay": 11.175543099541175, "avg_queue_size": 0.0, "server_freq": 0.13584400742490527}