{"avg_delay": 9.128708204553371, "avg_queue_size": 0.0, "server_freq": 0.16965911375382497}