{"avg_delay": 5.225805418043329, "avg_queue_size": 0.0, "server_freq": 0.15859526301828783}