{"avg_delay": 9.30343443681858, "avg_queue_size": 0.0, "server_freq": 0.1431209699716397}