{"avg_delay": 3.46071017384757, "avg_queue_size": 0.0, "server_freq": 0.17300777854690627}