{"avg_delay": 7.851234377193191, "avg_queue_size": 0.0, "server_freq": 0.13631935001033016}