{"avg_delay": 10.138682500894589, "avg_queue_size": 0.0, "server_freq": 0.11014377905988867}