{"avg_delay": 8.393579326237205, "avg_queue_size": 0.0, "server_freq": 0.14368588840943802}