{"avg_delay": 10.70344918378896, "avg_queue_size": 0.0, "server_freq": 0.1419950591319143}