{"avg_delay": 14.33031946893246, "avg_queue_size": 0.0, "server_freq": 0.11592460205089934}