{"avg_delay": 6.367983271631772, "avg_queue_size": 0.0, "server_freq": 0.15316233338376634}