{"avg_delay": 8.743981633485236, "avg_queue_size": 0.0, "server_freq": 0.12557263968388702}