{"avg_delay": 10.620908188920922, "avg_queue_size": 0.0, "server_freq": 0.16066429465007712}