{"avg_delay": 8.461901597279113, "avg_queue_size": 0.0, "server_freq": 0.1611056021494842}