{"avg_delay": 15.56877044495734, "avg_queue_size": 0.0, "server_freq": 0.13617480733957135}