{"avg_delay": 5.808173042880445, "avg_queue_size": 0.0, "server_freq": 0.13631401250998684}