{"avg_delay": 8.052997395312282, "avg_queue_size": 0.0, "server_freq": 0.18437559632233128}