{"avg_delay": 7.492475492489422, "avg_queue_size": 0.0, "server_freq": 0.18307436145708147}