{"avg_delay": 10.289373851111677, "avg_queue_size": 0.0, "server_freq": 0.1408363128025059}