{"avg_delay": 10.766340129040525, "avg_queue_size": 0.0, "server_freq": 0.13142768881991088}