{"avg_delay": 9.518945098238177, "avg_queue_size": 0.0, "server_freq": 0.12003393815817053}