{"avg_delay": 10.769710512092185, "avg_queue_size": 0.0, "server_freq": 0.12224011414581563}