{"avg_delay": 11.946450908132126, "avg_queue_size": 0.0, "server_freq": 0.1357062958481459}