{"avg_delay": 6.545968016493084, "avg_queue_size": 0.0, "server_freq": 0.15121541324097662}