{"avg_delay": 4.595592453624686, "avg_queue_size": 0.0, "server_freq": 0.17334335947370855}