{"avg_delay": 8.632357445330223, "avg_queue_size": 0.0, "server_freq": 0.12903048894292957}