{"avg_delay": 8.371968724321631, "avg_queue_size": 0.0, "server_freq": 0.1308551091127607}