{"avg_delay": 11.379709142324415, "avg_queue_size": 0.0, "server_freq": 0.12066717974827636}