{"avg_delay": 11.17266531208439, "avg_queue_size": 0.0, "server_freq": 0.10036149475810568}