{"avg_delay": 12.830597906335122, "avg_queue_size": 0.0, "server_freq": 0.13325955450207547}