{"avg_delay": 10.116547414957099, "avg_queue_size": 0.0, "server_freq": 0.16944564438587986}