{"avg_delay": 8.769950180816174, "avg_queue_size": 0.0, "server_freq": 0.15963664063410737}