{"avg_delay": 10.493568003672717, "avg_queue_size": 0.0, "server_freq": 0.1845093395097985}