{"avg_delay": 8.11608139382902, "avg_queue_size": 0.0, "server_freq": 0.13726478393211294}