{"avg_delay": 12.758287563201037, "avg_queue_size": 0.0, "server_freq": 0.1205038617934709}