{"avg_delay": 6.475165111410075, "avg_queue_size": 0.0, "server_freq": 0.14439155916184315}