{"avg_delay": 14.9644687074654, "avg_queue_size": 0.0, "server_freq": 0.12801579608856678}