{"avg_delay": 13.122956613202541, "avg_queue_size": 0.0, "server_freq": 0.1364892846051641}