{"avg_delay": 7.7763511067336015, "avg_queue_size": 0.0, "server_freq": 0.1424016851524965}