{"avg_delay": 9.600689349936442, "avg_queue_size": 0.0, "server_freq": 0.1349207848440089}