{"avg_delay": 12.253653513109636, "avg_queue_size": 0.0, "server_freq": 0.12963009459441713}