{"avg_delay": 8.002894129365849, "avg_queue_size": 0.0, "server_freq": 0.13744442024189532}