{"avg_delay": 7.6558434505774535, "avg_queue_size": 0.0, "server_freq": 0.13531926396527094}