{"avg_delay": 9.724694811326604, "avg_queue_size": 0.0, "server_freq": 0.1445415089584074}