{"avg_delay": 9.2520984433088, "avg_queue_size": 0.0, "server_freq": 0.16419045847758065}