{"avg_delay": 12.601935778537886, "avg_queue_size": 0.0, "server_freq": 0.1413408324208888}