{"avg_delay": 8.927637632220318, "avg_queue_size": 0.0, "server_freq": 0.14223054841611585}