{"avg_delay": 5.4550745294689715, "avg_queue_size": 0.0, "server_freq": 0.15692753561602174}