{"avg_delay": 12.719881414613717, "avg_queue_size": 0.0, "server_freq": 0.1298558700876572}