{"avg_delay": 5.4700466902707525, "avg_queue_size": 0.0, "server_freq": 0.12608681042085973}