{"avg_delay": 9.190302944302116, "avg_queue_size": 0.0, "server_freq": 0.13529055832640094}