{"avg_delay": 15.738255930459882, "avg_queue_size": 0.0, "server_freq": 0.15051760472333317}