{"avg_delay": 11.006578120949607, "avg_queue_size": 0.0, "server_freq": 0.21352303699028705}