{"avg_delay": 4.240939030466112, "avg_queue_size": 0.0, "server_freq": 0.17894627197855079}