{"avg_delay": 8.76890972116721, "avg_queue_size": 0.0, "server_freq": 0.13488170906735755}