{"avg_delay": 8.293120157354256, "avg_queue_size": 0.0, "server_freq": 0.20919926003182576}