{"avg_delay": 12.703236761539577, "avg_queue_size": 0.0, "server_freq": 0.13521112220339093}