{"avg_delay": 7.716243649762671, "avg_queue_size": 0.0, "server_freq": 0.16707720097833398}