{"avg_delay": 7.004086495149231, "avg_queue_size": 0.0, "server_freq": 0.15363659690337855}