{"avg_delay": 8.825260140019047, "avg_queue_size": 0.0, "server_freq": 0.12004502066977629}