{"avg_delay": 4.442829116333407, "avg_queue_size": 0.0, "server_freq": 0.15459711798034775}