{"avg_delay": 7.4519499697608005, "avg_queue_size": 0.0, "server_freq": 0.1660148838907783}