{"avg_delay": 10.549150515547408, "avg_queue_size": 0.0, "server_freq": 0.1167574006769077}