{"avg_delay": 5.340538530304965, "avg_queue_size": 0.0, "server_freq": 0.1629480101649124}