{"avg_delay": 11.318600201380868, "avg_queue_size": 0.0, "server_freq": 0.17734533448000556}