{"avg_delay": 14.329929756218704, "avg_queue_size": 0.0, "server_freq": 0.11761734537418496}