{"avg_delay": 10.146716381812974, "avg_queue_size": 0.0, "server_freq": 0.1890197615307558}