{"avg_delay": 7.133544984204146, "avg_queue_size": 0.0, "server_freq": 0.1775969946472365}