{"avg_delay": 10.024377058791808, "avg_queue_size": 0.0, "server_freq": 0.1366709295902185}