{"avg_delay": 4.860126537104858, "avg_queue_size": 0.0, "server_freq": 0.14219516622525247}