{"avg_delay": 8.489855519290266, "avg_queue_size": 0.0, "server_freq": 0.18277241712306058}