{"avg_delay": 5.9432684784612455, "avg_queue_size": 0.0, "server_freq": 0.15874184104620642}