{"avg_delay": 9.4341467210511, "avg_queue_size": 0.0, "server_freq": 0.17134084518694387}