{"avg_delay": 7.646060990710423, "avg_queue_size": 0.0, "server_freq": 0.13664713052350078}