{"avg_delay": 5.328429624084942, "avg_queue_size": 0.0, "server_freq": 0.17976320974057922}