{"avg_delay": 7.073029649583421, "avg_queue_size": 0.0, "server_freq": 0.15470272705247398}