{"avg_delay": 11.84027211053245, "avg_queue_size": 0.0, "server_freq": 0.1284005764423177}