{"avg_delay": 8.91060302755759, "avg_queue_size": 0.0, "server_freq": 0.13072362810924945}