{"avg_delay": 8.401526051485284, "avg_queue_size": 0.0, "server_freq": 0.16296110314803913}