{"avg_delay": 10.93409561788204, "avg_queue_size": 0.0, "server_freq": 0.2232373090950365}