{"avg_delay": 6.259219768411715, "avg_queue_size": 0.0, "server_freq": 0.24539655107785818}