{"avg_delay": 13.191261614876886, "avg_queue_size": 0.0, "server_freq": 0.14841399102590536}