{"avg_delay": 9.759207716668831, "avg_queue_size": 0.0, "server_freq": 0.11283548511061556}