{"avg_delay": 11.294294474453409, "avg_queue_size": 0.0, "server_freq": 0.13874521186532301}