{"avg_delay": 6.288007642744821, "avg_queue_size": 0.0, "server_freq": 0.13858672477180065}