{"avg_delay": 13.804361448736088, "avg_queue_size": 0.0, "server_freq": 0.14954339125610594}