{"avg_delay": 13.93069297596339, "avg_queue_size": 0.0, "server_freq": 0.13071168686505638}