{"avg_delay": 10.35826937533178, "avg_queue_size": 0.0, "server_freq": 0.1429310193547472}