{"avg_delay": 4.4452054548275655, "avg_queue_size": 0.0, "server_freq": 0.12818307766761028}