{"avg_delay": 10.834690779452684, "avg_queue_size": 0.0, "server_freq": 0.1601459341561707}