{"avg_delay": 6.604908475446479, "avg_queue_size": 0.0, "server_freq": 0.15422303570579723}