{"avg_delay": 14.445189835939665, "avg_queue_size": 0.0, "server_freq": 0.17938522763710962}