{"avg_delay": 5.6812789720767505, "avg_queue_size": 0.0, "server_freq": 0.14495682021370979}