{"avg_delay": 7.419614453186879, "avg_queue_size": 0.0, "server_freq": 0.2189331976569737}