{"avg_delay": 4.437474969275367, "avg_queue_size": 0.0, "server_freq": 0.16500188661842344}