{"avg_delay": 5.819264589197566, "avg_queue_size": 0.0, "server_freq": 0.37533077054386466}