{"avg_delay": 6.698136647158295, "avg_queue_size": 0.0, "server_freq": 0.12365350623045404}