{"avg_delay": 10.10014515156045, "avg_queue_size": 0.0, "server_freq": 0.11529368117567722}