{"avg_delay": 11.089306730522093, "avg_queue_size": 0.0, "server_freq": 0.13389058941540513}