{"avg_delay": 4.918243247541579, "avg_queue_size": 0.0, "server_freq": 0.1783691207598614}