{"avg_delay": 12.848448059921319, "avg_queue_size": 0.0, "server_freq": 0.12710499532991226}