{"avg_delay": 8.893518041266859, "avg_queue_size": 0.0, "server_freq": 0.18464335301256157}