{"avg_delay": 12.957861287797286, "avg_queue_size": 0.0, "server_freq": 0.11800729281597148}