{"avg_delay": 12.28231853191383, "avg_queue_size": 0.0, "server_freq": 0.22733015160973377}