{"avg_delay": 7.923058151949075, "avg_queue_size": 0.0, "server_freq": 0.1725334736956416}