{"avg_delay": 11.169018925000183, "avg_queue_size": 0.0, "server_freq": 0.17219265241631543}