{"avg_delay": 8.588970207916155, "avg_queue_size": 0.0, "server_freq": 0.19010624031694429}