{"avg_delay": 11.675398923477067, "avg_queue_size": 0.0, "server_freq": 0.1472654762999079}