{"avg_delay": 10.981729363000525, "avg_queue_size": 0.0, "server_freq": 0.11010291014519262}