{"avg_delay": 7.622652645820837, "avg_queue_size": 0.0, "server_freq": 0.1273305504512728}