{"avg_delay": 5.814263154263731, "avg_queue_size": 0.0, "server_freq": 0.12863941107227256}