{"avg_delay": 4.145565689997827, "avg_queue_size": 0.0, "server_freq": 0.14256135431817185}