{"avg_delay": 12.923559185123274, "avg_queue_size": 0.0, "server_freq": 0.13831201118149086}