{"avg_delay": 13.723370207260734, "avg_queue_size": 0.0, "server_freq": 0.11962950773636016}