{"avg_delay": 8.682074484161522, "avg_queue_size": 0.0, "server_freq": 0.13930078645169355}