{"avg_delay": 7.345723688743831, "avg_queue_size": 0.0, "server_freq": 0.18077146144045006}