{"avg_delay": 8.412611058306465, "avg_queue_size": 0.0, "server_freq": 0.13629207657373016}