{"avg_delay": 14.426977665571831, "avg_queue_size": 0.0, "server_freq": 0.15100227374378716}