{"avg_delay": 8.598714811871025, "avg_queue_size": 0.0, "server_freq": 0.1596414426191914}