{"avg_delay": 10.212353664628402, "avg_queue_size": 0.0, "server_freq": 0.13939314271271894}