{"avg_delay": 10.023768898652925, "avg_queue_size": 0.0, "server_freq": 0.1167039544275473}