{"avg_delay": 10.350236803087167, "avg_queue_size": 0.0, "server_freq": 0.16272411228681655}