{"avg_delay": 8.48904805819793, "avg_queue_size": 0.0, "server_freq": 0.16320589271954175}