{"avg_delay": 10.525622438339607, "avg_queue_size": 0.0, "server_freq": 0.12977545673008686}