{"avg_delay": 8.827527196600371, "avg_queue_size": 0.0, "server_freq": 0.16876301659543194}