{"avg_delay": 4.413659845451257, "avg_queue_size": 0.0, "server_freq": 0.1479542865436798}