{"avg_delay": 6.579904023172062, "avg_queue_size": 0.0, "server_freq": 0.23427247851466015}