{"avg_delay": 6.378533464120359, "avg_queue_size": 0.0, "server_freq": 0.14369525790188892}