{"avg_delay": 4.051065468449142, "avg_queue_size": 0.0, "server_freq": 0.15079832117600409}