{"avg_delay": 6.565522354886131, "avg_queue_size": 0.0, "server_freq": 0.17130697835007083}