{"avg_delay": 7.3568122270687795, "avg_queue_size": 0.0, "server_freq": 0.1427520821008424}