{"avg_delay": 10.103810235128464, "avg_queue_size": 0.0, "server_freq": 0.19155799797163975}