{"avg_delay": 11.347067554609454, "avg_queue_size": 0.0, "server_freq": 0.1276755533318245}