{"avg_delay": 4.328527523256152, "avg_queue_size": 0.0, "server_freq": 0.14329064436229264}