{"avg_delay": 14.32035219172837, "avg_queue_size": 0.0, "server_freq": 0.1355870852380933}